Customer ID,Age,Gender,Category,Purchase Amount (USD),Location,Season,Review Rating,Subscription Status,Shipping Type,Discount Applied,Promo Code Used,Previous Purchases,Payment Method,Frequency of Purchases,Promo Dependency,CLV Proxy,Previous Purchases Scaled,Frequency Scaled,Promo Dep Scaled,Subscription Scaled,Loyalty Score,Loyal Customer,Satisfaction Tier,Customer Segment
1,55,Male,Clothing,53,Kentucky,Winter,3.1,1,Express,1,1,14,Venmo,3,2,2226,2.65,3.33,10,10,1.99,0,0,Low-Engagement Casuals
2,19,Male,Clothing,64,Maine,Winter,3.1,1,Express,1,1,2,Cash,3,2,384,0.2,3.33,10,10,1.18,0,0,Low-Engagement Casuals
3,50,Male,Clothing,73,Massachusetts,Spring,3.1,1,Free Shipping,1,1,23,Credit Card,2,2,3358,4.49,1.67,10,10,2.05,0,0,Low-Engagement Casuals
4,21,Male,Footwear,90,Rhode Island,Spring,3.5,1,Next Day Air,1,1,49,PayPal,2,2,8820,9.8,1.67,10,10,3.82,0,0,At-Risk High-Value
5,45,Male,Clothing,49,Oregon,Spring,2.7,1,Free Shipping,1,1,31,PayPal,7,2,10633,6.12,10,10,10,5.37,0,0,At-Risk High-Value
6,46,Male,Footwear,20,Wyoming,Summer,2.9,1,Standard,1,1,14,Venmo,2,2,560,2.65,1.67,10,10,1.44,0,0,Low-Engagement Casuals
7,63,Male,Clothing,85,Montana,Fall,3.2,1,Free Shipping,1,1,49,Cash,6,2,24990,9.8,8.33,10,10,6.04,0,0,At-Risk High-Value
8,27,Male,Clothing,34,Louisiana,Winter,3.2,1,Free Shipping,1,1,19,Credit Card,2,2,1292,3.67,1.67,10,10,1.78,0,0,Low-Engagement Casuals
9,26,Male,Outerwear,97,West Virginia,Summer,2.6,1,Express,1,1,8,Venmo,7,2,5432,1.43,10,10,10,3.81,0,0,At-Risk High-Value
10,57,Male,Accessories,31,Missouri,Spring,4.8,1,2-Day Shipping,1,1,4,Cash,6,2,744,0.61,8.33,10,10,2.98,0,1,Low-Engagement Casuals
11,53,Male,Footwear,34,Arkansas,Fall,4.1,1,Store Pickup,1,1,26,Bank Transfer,1,2,884,5.1,0,10,10,1.7,0,1,Low-Engagement Casuals
12,30,Male,Clothing,68,Hawaii,Winter,4.9,1,Store Pickup,1,1,10,Bank Transfer,3,2,2040,1.84,3.33,10,10,1.72,0,1,Low-Engagement Casuals
13,61,Male,Outerwear,72,Delaware,Winter,4.5,1,Express,1,1,37,Venmo,3,2,7992,7.35,3.33,10,10,3.56,0,1,At-Risk High-Value
14,65,Male,Clothing,51,New Hampshire,Spring,4.7,1,Express,1,1,31,PayPal,2,2,3162,6.12,1.67,10,10,2.6,0,1,Low-Engagement Casuals
15,64,Male,Outerwear,53,New York,Winter,4.7,1,Free Shipping,1,1,34,Debit Card,2,2,3604,6.73,1.67,10,10,2.8,0,1,Low-Engagement Casuals
16,64,Male,Clothing,81,Rhode Island,Winter,2.8,1,Store Pickup,1,1,8,PayPal,4,2,2592,1.43,5,10,10,2.14,0,0,Low-Engagement Casuals
17,25,Male,Accessories,36,Alabama,Spring,4.1,1,Next Day Air,1,1,44,Debit Card,1,2,1584,8.78,0,10,10,2.93,0,1,Low-Engagement Casuals
18,53,Male,Clothing,38,Mississippi,Winter,4.7,1,2-Day Shipping,1,1,36,Venmo,6,2,8208,7.14,8.33,10,10,5.16,0,1,At-Risk High-Value
19,52,Male,Clothing,48,Montana,Summer,4.6,1,Free Shipping,1,1,17,Cash,2,2,1632,3.27,1.67,10,10,1.65,0,1,Low-Engagement Casuals
20,66,Male,Clothing,90,Rhode Island,Summer,3.3,1,Standard,1,1,46,Debit Card,1,2,4140,9.18,0,10,10,3.06,0,0,Low-Engagement Casuals
21,21,Male,Clothing,51,Louisiana,Winter,2.8,1,Express,1,1,50,Cash,5,2,12750,10,6.67,10,10,5.56,0,0,At-Risk High-Value
22,31,Male,Clothing,62,North Carolina,Winter,4.1,1,Store Pickup,1,1,22,Debit Card,6,2,8184,4.29,8.33,10,10,4.21,0,1,At-Risk High-Value
23,56,Male,Clothing,37,California,Summer,3.2,1,Store Pickup,1,1,32,Debit Card,7,2,8288,6.33,10,10,10,5.44,0,0,At-Risk High-Value
24,31,Male,Clothing,88,Oklahoma,Winter,4.4,1,Express,1,1,40,Credit Card,2,2,7040,7.96,1.67,10,10,3.21,0,1,At-Risk High-Value
25,18,Male,Outerwear,22,Florida,Fall,2.9,1,Store Pickup,1,1,16,Debit Card,2,2,704,3.06,1.67,10,10,1.58,0,0,Low-Engagement Casuals
26,18,Male,Clothing,25,Texas,Summer,3.6,1,Express,1,1,14,PayPal,7,2,2450,2.65,10,10,10,4.22,0,0,Low-Engagement Casuals
27,38,Male,Accessories,20,Nevada,Spring,3.6,1,Next Day Air,1,1,13,Credit Card,7,2,1820,2.45,10,10,10,4.15,0,0,Low-Engagement Casuals
28,56,Male,Clothing,56,Kentucky,Summer,5,1,Next Day Air,1,1,7,Bank Transfer,5,2,1960,1.22,6.67,10,10,2.63,0,1,Low-Engagement Casuals
29,54,Male,Accessories,94,North Carolina,Fall,4.4,1,Free Shipping,1,1,41,PayPal,5,2,19270,8.16,6.67,10,10,4.94,0,1,At-Risk High-Value
30,31,Male,Clothing,48,Wyoming,Fall,4.1,1,Store Pickup,1,1,14,Credit Card,2,2,1344,2.65,1.67,10,10,1.44,0,1,Low-Engagement Casuals
31,57,Male,Accessories,31,North Carolina,Winter,4.7,1,Standard,1,1,16,Credit Card,4,2,1984,3.06,5,10,10,2.69,0,1,Low-Engagement Casuals
32,33,Male,Clothing,79,West Virginia,Winter,4.7,1,Store Pickup,1,1,45,Venmo,4,2,14220,8.98,5,10,10,4.66,0,1,At-Risk High-Value
33,36,Male,Outerwear,67,Kansas,Summer,4.9,1,Free Shipping,1,1,37,Venmo,7,2,17353,7.35,10,10,10,5.78,0,1,At-Risk High-Value
34,54,Male,Clothing,38,Colorado,Summer,3.3,1,Store Pickup,1,1,45,Cash,6,2,10260,8.98,8.33,10,10,5.77,0,0,At-Risk High-Value
35,36,Male,Clothing,91,North Dakota,Spring,4.6,1,2-Day Shipping,1,1,38,PayPal,6,2,20748,7.55,8.33,10,10,5.29,0,1,At-Risk High-Value
36,54,Male,Clothing,33,Massachusetts,Summer,4,1,2-Day Shipping,1,1,48,Credit Card,1,2,1584,9.59,0,10,10,3.2,0,1,Low-Engagement Casuals
37,35,Male,Clothing,69,Illinois,Winter,4.6,1,Free Shipping,1,1,44,PayPal,3,2,9108,8.78,3.33,10,10,4.04,0,1,At-Risk High-Value
38,35,Male,Clothing,45,Indiana,Summer,2.8,1,Store Pickup,1,1,10,PayPal,2,2,900,1.84,1.67,10,10,1.17,0,0,Low-Engagement Casuals
39,29,Male,Clothing,37,Florida,Winter,3.75,1,2-Day Shipping,1,1,44,Venmo,5,2,8140,8.78,6.67,10,10,5.15,0,0,At-Risk High-Value
40,70,Male,Clothing,60,Arizona,Summer,4.2,1,Express,1,1,18,Credit Card,4,2,4320,3.47,5,10,10,2.82,0,1,At-Risk High-Value
41,69,Male,Accessories,76,Louisiana,Winter,4.6,1,Next Day Air,1,1,31,Debit Card,6,2,14136,6.12,8.33,10,10,4.82,0,1,At-Risk High-Value
42,67,Male,Accessories,39,Alaska,Spring,4.5,1,Standard,1,1,40,Venmo,7,2,10920,7.96,10,10,10,5.99,0,1,At-Risk High-Value
43,20,Male,Outerwear,100,Tennessee,Spring,4.1,1,Free Shipping,1,1,15,PayPal,7,2,10500,2.86,10,10,10,4.29,0,1,At-Risk High-Value
44,25,Male,Accessories,69,Ohio,Fall,3.7,1,Store Pickup,1,1,19,PayPal,3,2,3933,3.67,3.33,10,10,2.33,0,0,Low-Engagement Casuals
45,39,Male,Accessories,53,Kentucky,Summer,4.6,1,Free Shipping,1,1,45,PayPal,2,2,4770,8.98,1.67,10,10,3.55,0,1,At-Risk High-Value
46,50,Male,Clothing,21,Tennessee,Fall,2.9,1,2-Day Shipping,1,1,25,PayPal,7,2,3675,4.9,10,10,10,4.97,0,0,Low-Engagement Casuals
47,57,Male,Clothing,43,California,Summer,2.9,1,Store Pickup,1,1,45,Cash,6,2,11610,8.98,8.33,10,10,5.77,0,0,At-Risk High-Value
48,55,Male,Accessories,54,Montana,Winter,4.5,1,Free Shipping,1,1,36,Cash,2,2,3888,7.14,1.67,10,10,2.94,0,1,Low-Engagement Casuals
49,42,Male,Clothing,55,Nevada,Summer,2.7,1,Store Pickup,1,1,38,Cash,4,2,8360,7.55,5,10,10,4.18,0,0,At-Risk High-Value
50,68,Male,Clothing,30,New Jersey,Spring,4.6,1,Next Day Air,1,1,34,Debit Card,1,2,1020,6.73,0,10,10,2.24,0,1,Low-Engagement Casuals
51,49,Male,Clothing,28,Maryland,Spring,3.75,1,Store Pickup,1,1,39,Debit Card,1,2,1092,7.76,0,10,10,2.59,0,0,Low-Engagement Casuals
52,59,Male,Clothing,59,Vermont,Winter,4.7,1,2-Day Shipping,1,1,7,Credit Card,6,2,2478,1.22,8.33,10,10,3.18,0,1,Low-Engagement Casuals
53,42,Male,Clothing,20,Alaska,Summer,2.6,1,Free Shipping,1,1,26,Credit Card,2,2,1040,5.1,1.67,10,10,2.26,0,0,Low-Engagement Casuals
54,29,Male,Clothing,24,Mississippi,Winter,3.9,1,Next Day Air,1,1,35,Credit Card,2,2,1680,6.94,1.67,10,10,2.87,0,1,Low-Engagement Casuals
55,47,Male,Outerwear,94,New Mexico,Summer,4.2,1,Next Day Air,1,1,35,Debit Card,1,2,3290,6.94,0,10,10,2.31,0,1,Low-Engagement Casuals
56,40,Male,Outerwear,28,South Carolina,Winter,3,1,2-Day Shipping,1,1,49,Credit Card,7,2,9604,9.8,10,10,10,6.6,0,0,At-Risk High-Value
57,41,Male,Accessories,73,Mississippi,Summer,4.7,1,Store Pickup,1,1,46,Credit Card,2,2,6716,9.18,1.67,10,10,3.62,0,1,At-Risk High-Value
58,21,Male,Outerwear,64,West Virginia,Summer,4.4,1,Store Pickup,1,1,17,Debit Card,3,2,3264,3.27,3.33,10,10,2.2,0,1,Low-Engagement Casuals
59,69,Male,Clothing,54,Missouri,Summer,4.2,1,Free Shipping,1,1,29,Venmo,4,2,6264,5.71,5,10,10,3.57,0,1,At-Risk High-Value
60,63,Male,Accessories,79,Louisiana,Spring,4.6,1,Standard,1,1,4,Debit Card,2,2,632,0.61,1.67,10,10,0.76,0,1,Low-Engagement Casuals
61,50,Male,Clothing,37,Idaho,Summer,4,1,Express,1,1,17,Cash,2,2,1258,3.27,1.67,10,10,1.65,0,1,Low-Engagement Casuals
62,55,Male,Accessories,68,Texas,Winter,4.7,1,Store Pickup,1,1,21,Credit Card,5,2,7140,4.08,6.67,10,10,3.58,0,1,At-Risk High-Value
63,30,Male,Footwear,21,Mississippi,Spring,3.8,1,Free Shipping,1,1,31,Credit Card,3,2,1953,6.12,3.33,10,10,3.15,0,1,Low-Engagement Casuals
64,33,Male,Accessories,79,Arizona,Winter,2.7,1,2-Day Shipping,1,1,43,Credit Card,2,2,6794,8.57,1.67,10,10,3.41,0,0,At-Risk High-Value
65,65,Male,Footwear,83,Alabama,Fall,4.8,1,Standard,1,1,18,Debit Card,3,2,4482,3.47,3.33,10,10,2.27,0,1,At-Risk High-Value
66,65,Male,Accessories,36,New Jersey,Spring,4.8,1,2-Day Shipping,1,1,44,Venmo,5,2,7920,8.78,6.67,10,10,5.15,0,1,At-Risk High-Value
67,31,Male,Clothing,94,Pennsylvania,Winter,4.7,1,2-Day Shipping,1,1,3,Venmo,5,2,1410,0.41,6.67,10,10,2.36,0,1,Low-Engagement Casuals
68,45,Male,Outerwear,33,Connecticut,Winter,4.4,1,Store Pickup,1,1,49,Debit Card,4,2,6468,9.8,5,10,10,4.93,0,1,At-Risk High-Value
69,57,Male,Accessories,46,Utah,Summer,3.9,1,Next Day Air,1,1,21,Cash,5,2,4830,4.08,6.67,10,10,3.58,0,1,At-Risk High-Value
70,48,Male,Accessories,70,Tennessee,Summer,4.4,1,Express,1,1,5,Cash,2,2,700,0.82,1.67,10,10,0.83,0,1,Low-Engagement Casuals
71,22,Male,Accessories,29,Alabama,Fall,4.2,1,Express,1,1,32,Debit Card,5,2,4640,6.33,6.67,10,10,4.33,0,1,At-Risk High-Value
72,36,Male,Clothing,48,Virginia,Summer,2.9,1,Express,1,1,34,Bank Transfer,7,2,11424,6.73,10,10,10,5.58,0,0,At-Risk High-Value
73,18,Male,Clothing,26,Georgia,Winter,2.9,1,Store Pickup,1,1,21,Bank Transfer,5,2,2730,4.08,6.67,10,10,3.58,0,0,Low-Engagement Casuals
74,48,Male,Clothing,85,Hawaii,Spring,2.7,1,Free Shipping,1,1,43,Bank Transfer,1,2,3655,8.57,0,10,10,2.86,0,0,Low-Engagement Casuals
75,49,Male,Accessories,58,Indiana,Spring,4.5,1,Express,1,1,3,Cash,4,2,696,0.41,5,10,10,1.8,0,1,Low-Engagement Casuals
76,64,Male,Accessories,85,Utah,Summer,2.7,1,Free Shipping,1,1,21,Credit Card,7,2,12495,4.08,10,10,10,4.69,0,0,At-Risk High-Value
77,50,Male,Accessories,43,Delaware,Summer,4.2,1,Free Shipping,1,1,32,Venmo,4,2,5504,6.33,5,10,10,3.78,0,1,At-Risk High-Value
78,22,Male,Clothing,53,Delaware,Summer,3.3,1,Next Day Air,1,1,36,Debit Card,3,2,5724,7.14,3.33,10,10,3.49,0,0,At-Risk High-Value
79,50,Male,Clothing,91,Nebraska,Spring,4.7,1,Free Shipping,1,1,50,Venmo,3,2,13650,10,3.33,10,10,4.44,0,1,At-Risk High-Value
80,38,Male,Outerwear,96,Iowa,Winter,2.6,1,2-Day Shipping,1,1,43,Bank Transfer,5,2,20640,8.57,6.67,10,10,5.08,0,0,At-Risk High-Value
81,19,Male,Footwear,72,New York,Summer,3.75,1,Store Pickup,1,1,24,Credit Card,5,2,8640,4.69,6.67,10,10,3.79,0,0,At-Risk High-Value
82,67,Male,Footwear,96,Virginia,Summer,2.6,1,Express,1,1,36,Credit Card,5,2,17280,7.14,6.67,10,10,4.6,0,0,At-Risk High-Value
83,19,Male,Clothing,28,Georgia,Spring,4,1,2-Day Shipping,1,1,21,Credit Card,5,2,2940,4.08,6.67,10,10,3.58,0,1,Low-Engagement Casuals
84,36,Male,Clothing,40,Texas,Summer,4.1,1,Standard,1,1,34,Bank Transfer,2,2,2720,6.73,1.67,10,10,2.8,0,1,Low-Engagement Casuals
85,52,Male,Outerwear,32,Arizona,Spring,4.4,1,Standard,1,1,42,Bank Transfer,5,2,6720,8.37,6.67,10,10,5.01,0,1,At-Risk High-Value
86,53,Male,Accessories,95,New Mexico,Winter,4.5,1,Next Day Air,1,1,2,Debit Card,1,2,190,0.2,0,10,10,0.07,0,1,Low-Engagement Casuals
87,24,Male,Clothing,41,Nevada,Spring,3.7,1,2-Day Shipping,1,1,47,Cash,1,2,1927,9.39,0,10,10,3.13,0,0,Low-Engagement Casuals
88,52,Male,Footwear,53,Ohio,Fall,3.7,1,2-Day Shipping,1,1,44,Debit Card,3,2,6996,8.78,3.33,10,10,4.04,0,0,At-Risk High-Value
89,33,Male,Clothing,47,Wyoming,Fall,3.5,1,Free Shipping,1,1,35,Credit Card,4,2,6580,6.94,5,10,10,3.98,0,0,At-Risk High-Value
90,47,Male,Outerwear,83,California,Fall,3.6,1,Next Day Air,1,1,15,Cash,6,2,7470,2.86,8.33,10,10,3.73,0,0,At-Risk High-Value
91,25,Male,Accessories,48,South Carolina,Summer,2.9,1,Express,1,1,29,Credit Card,4,2,5568,5.71,5,10,10,3.57,0,0,At-Risk High-Value
92,44,Male,Accessories,99,South Carolina,Winter,4.6,1,Standard,1,1,18,Credit Card,5,2,8910,3.47,6.67,10,10,3.38,0,1,At-Risk High-Value
93,61,Male,Outerwear,87,Texas,Winter,4.4,1,2-Day Shipping,1,1,13,Venmo,5,2,5655,2.45,6.67,10,10,3.04,0,1,At-Risk High-Value
94,37,Male,Clothing,62,Florida,Fall,4.5,1,Standard,1,1,46,Credit Card,2,2,5704,9.18,1.67,10,10,3.62,0,1,At-Risk High-Value
95,58,Male,Clothing,76,Nevada,Spring,4.6,1,Free Shipping,1,1,28,Credit Card,2,2,4256,5.51,1.67,10,10,2.39,0,1,At-Risk High-Value
96,37,Male,Footwear,100,Missouri,Fall,3.8,1,Free Shipping,1,1,48,PayPal,4,2,19200,9.59,5,10,10,4.86,0,1,At-Risk High-Value
97,32,Male,Accessories,73,Delaware,Spring,3.75,1,Express,1,1,43,Venmo,5,2,15695,8.57,6.67,10,10,5.08,0,0,At-Risk High-Value
98,21,Male,Footwear,92,Virginia,Winter,4.8,1,Store Pickup,1,1,37,Cash,7,2,23828,7.35,10,10,10,5.78,0,1,At-Risk High-Value
99,20,Male,Clothing,67,New York,Spring,2.6,1,Next Day Air,1,1,20,Bank Transfer,7,2,9380,3.88,10,10,10,4.63,0,0,At-Risk High-Value
100,26,Male,Clothing,40,Missouri,Summer,3.7,1,Express,1,1,33,Debit Card,6,2,7920,6.53,8.33,10,10,4.95,0,0,At-Risk High-Value
101,62,Male,Accessories,98,South Dakota,Fall,2.7,1,Express,1,1,31,Cash,3,2,9114,6.12,3.33,10,10,3.15,0,0,At-Risk High-Value
102,27,Male,Outerwear,85,North Dakota,Spring,4.6,1,Express,1,1,50,Credit Card,1,2,4250,10,0,10,10,3.33,0,1,At-Risk High-Value
103,51,Male,Clothing,67,Oklahoma,Winter,4.8,1,Next Day Air,1,1,35,Credit Card,6,2,14070,6.94,8.33,10,10,5.09,0,1,At-Risk High-Value
104,54,Male,Footwear,89,West Virginia,Winter,4,1,Next Day Air,1,1,22,Venmo,1,2,1958,4.29,0,10,10,1.43,0,1,Low-Engagement Casuals
105,55,Male,Accessories,24,New Hampshire,Spring,4.4,1,2-Day Shipping,1,1,1,PayPal,4,2,96,0,5,10,10,1.67,0,1,Low-Engagement Casuals
106,69,Male,Accessories,96,New York,Fall,3.6,1,Next Day Air,1,1,4,Bank Transfer,7,2,2688,0.61,10,10,10,3.54,0,0,Low-Engagement Casuals
107,64,Male,Outerwear,35,Minnesota,Summer,3.7,1,Standard,1,1,31,Credit Card,4,2,4340,6.12,5,10,10,3.71,0,0,At-Risk High-Value
108,28,Male,Footwear,67,Maryland,Winter,3.1,1,Next Day Air,1,1,46,PayPal,3,2,9246,9.18,3.33,10,10,4.17,0,0,At-Risk High-Value
109,70,Male,Clothing,79,Montana,Spring,3.4,1,Next Day Air,1,1,32,Bank Transfer,1,2,2528,6.33,0,10,10,2.11,0,0,Low-Engagement Casuals
110,58,Male,Clothing,85,Alabama,Spring,2.6,1,Next Day Air,1,1,43,Bank Transfer,3,2,10965,8.57,3.33,10,10,3.97,0,0,At-Risk High-Value
111,56,Male,Accessories,26,New York,Summer,4,1,Standard,1,1,26,Venmo,3,2,2028,5.1,3.33,10,10,2.81,0,1,Low-Engagement Casuals
112,26,Male,Accessories,75,Massachusetts,Summer,5,1,Free Shipping,1,1,9,Credit Card,7,2,4725,1.63,10,10,10,3.88,0,1,At-Risk High-Value
113,37,Male,Accessories,65,Florida,Spring,4.3,1,Free Shipping,1,1,28,PayPal,1,2,1820,5.51,0,10,10,1.84,0,1,Low-Engagement Casuals
114,44,Male,Accessories,54,New Jersey,Winter,3.1,1,Next Day Air,1,1,20,PayPal,6,2,6480,3.88,8.33,10,10,4.07,0,0,At-Risk High-Value
115,70,Male,Outerwear,95,Massachusetts,Summer,3.7,1,Store Pickup,1,1,9,Cash,2,2,1710,1.63,1.67,10,10,1.1,0,0,Low-Engagement Casuals
116,53,Male,Clothing,94,Wyoming,Spring,3.8,1,Standard,1,1,48,Debit Card,5,2,22560,9.59,6.67,10,10,5.42,0,1,At-Risk High-Value
117,55,Male,Footwear,86,Virginia,Spring,3.4,1,Free Shipping,1,1,12,Venmo,7,2,7224,2.24,10,10,10,4.08,0,0,At-Risk High-Value
118,50,Male,Footwear,32,South Dakota,Summer,4.6,1,Express,1,1,29,Cash,3,2,2784,5.71,3.33,10,10,3.01,0,1,Low-Engagement Casuals
119,50,Male,Clothing,45,Kentucky,Fall,4.8,1,2-Day Shipping,1,1,27,Cash,1,2,1215,5.31,0,10,10,1.77,0,1,Low-Engagement Casuals
120,38,Male,Outerwear,76,Wyoming,Fall,4.3,1,Express,1,1,44,Cash,7,2,23408,8.78,10,10,10,6.26,0,1,At-Risk High-Value
121,64,Male,Accessories,84,West Virginia,Summer,4,1,Express,1,1,32,Bank Transfer,7,2,18816,6.33,10,10,10,5.44,0,1,At-Risk High-Value
122,19,Male,Clothing,72,Virginia,Winter,4.2,1,Standard,1,1,11,Cash,3,2,2376,2.04,3.33,10,10,1.79,0,1,Low-Engagement Casuals
123,40,Male,Accessories,40,Washington,Spring,4.8,1,2-Day Shipping,1,1,44,Cash,3,2,5280,8.78,3.33,10,10,4.04,0,1,At-Risk High-Value
124,57,Male,Clothing,89,Louisiana,Fall,3.1,1,Free Shipping,1,1,46,Cash,2,2,8188,9.18,1.67,10,10,3.62,0,0,At-Risk High-Value
125,44,Male,Clothing,86,Nevada,Spring,3.1,1,Next Day Air,1,1,50,PayPal,7,2,30100,10,10,10,10,6.67,0,0,At-Risk High-Value
126,49,Male,Clothing,54,California,Winter,3.6,1,Next Day Air,1,1,45,Venmo,5,2,12150,8.98,6.67,10,10,5.22,0,0,At-Risk High-Value
127,43,Male,Clothing,36,Mississippi,Spring,3.9,1,Store Pickup,1,1,48,Cash,5,2,8640,9.59,6.67,10,10,5.42,0,1,At-Risk High-Value
128,24,Male,Clothing,89,Mississippi,Winter,4.8,1,Next Day Air,1,1,26,Credit Card,2,2,4628,5.1,1.67,10,10,2.26,0,1,At-Risk High-Value
129,20,Male,Accessories,32,California,Spring,4.7,1,Standard,1,1,21,Credit Card,3,2,2016,4.08,3.33,10,10,2.47,0,1,Low-Engagement Casuals
130,24,Male,Clothing,67,Pennsylvania,Summer,4.2,1,2-Day Shipping,1,1,49,PayPal,1,2,3283,9.8,0,10,10,3.27,0,1,Low-Engagement Casuals
131,44,Male,Accessories,39,Kentucky,Fall,3.7,1,Next Day Air,1,1,13,PayPal,3,2,1521,2.45,3.33,10,10,1.93,0,0,Low-Engagement Casuals
132,28,Male,Clothing,29,Maine,Summer,3.9,1,Standard,1,1,46,Credit Card,2,2,2668,9.18,1.67,10,10,3.62,0,1,Low-Engagement Casuals
133,30,Male,Accessories,58,New Mexico,Fall,4.7,1,2-Day Shipping,1,1,42,PayPal,2,2,4872,8.37,1.67,10,10,3.35,0,1,At-Risk High-Value
134,52,Male,Clothing,65,Montana,Winter,2.5,1,Next Day Air,1,1,25,Venmo,7,2,11375,4.9,10,10,10,4.97,0,0,At-Risk High-Value
135,43,Male,Accessories,94,Texas,Fall,4.9,1,Store Pickup,1,1,25,Cash,4,2,9400,4.9,5,10,10,3.3,0,1,At-Risk High-Value
136,43,Male,Footwear,81,Kansas,Fall,4.1,1,Express,1,1,12,PayPal,6,2,5832,2.24,8.33,10,10,3.52,0,1,At-Risk High-Value
137,39,Male,Clothing,86,South Carolina,Winter,3.3,1,Free Shipping,1,1,4,Debit Card,6,2,2064,0.61,8.33,10,10,2.98,0,0,Low-Engagement Casuals
138,68,Male,Footwear,43,Colorado,Spring,4.7,1,Free Shipping,1,1,38,PayPal,2,2,3268,7.55,1.67,10,10,3.07,0,1,Low-Engagement Casuals
139,68,Male,Clothing,29,Georgia,Winter,4.4,1,Store Pickup,1,1,42,Bank Transfer,2,2,2436,8.37,1.67,10,10,3.35,0,1,Low-Engagement Casuals
140,49,Male,Outerwear,95,Florida,Fall,3.8,1,Store Pickup,1,1,30,Venmo,7,2,19950,5.92,10,10,10,5.31,0,1,At-Risk High-Value
141,63,Male,Clothing,28,North Carolina,Fall,3.9,1,2-Day Shipping,1,1,50,Credit Card,2,2,2800,10,1.67,10,10,3.89,0,1,Low-Engagement Casuals
142,56,Male,Accessories,46,Virginia,Fall,4.9,1,Free Shipping,1,1,45,PayPal,2,2,4140,8.98,1.67,10,10,3.55,0,1,Low-Engagement Casuals
143,37,Male,Outerwear,58,Nebraska,Fall,3.1,1,Free Shipping,1,1,33,Credit Card,3,2,5742,6.53,3.33,10,10,3.29,0,0,At-Risk High-Value
144,30,Male,Outerwear,48,Missouri,Fall,2.7,1,Store Pickup,1,1,25,PayPal,6,2,7200,4.9,8.33,10,10,4.41,0,0,At-Risk High-Value
145,19,Male,Footwear,43,New Jersey,Fall,3.2,1,Express,1,1,25,Cash,4,2,4300,4.9,5,10,10,3.3,0,0,At-Risk High-Value
146,24,Male,Accessories,95,Missouri,Fall,4.5,1,Standard,1,1,44,Debit Card,6,2,25080,8.78,8.33,10,10,5.7,0,1,At-Risk High-Value
147,52,Male,Clothing,30,Colorado,Fall,4,1,Standard,1,1,21,Venmo,3,2,1890,4.08,3.33,10,10,2.47,0,1,Low-Engagement Casuals
148,63,Male,Footwear,64,Idaho,Summer,3.5,1,2-Day Shipping,1,1,31,Bank Transfer,3,2,5952,6.12,3.33,10,10,3.15,0,0,At-Risk High-Value
149,37,Male,Accessories,90,Wyoming,Fall,2.6,1,Store Pickup,1,1,47,Debit Card,7,2,29610,9.39,10,10,10,6.46,0,0,At-Risk High-Value
150,38,Male,Clothing,76,Delaware,Summer,3.2,1,Free Shipping,1,1,14,PayPal,4,2,4256,2.65,5,10,10,2.55,0,0,At-Risk High-Value
151,35,Male,Footwear,96,California,Fall,4.9,1,Standard,1,1,17,Debit Card,5,2,8160,3.27,6.67,10,10,3.31,0,1,At-Risk High-Value
152,28,Male,Accessories,47,North Dakota,Fall,4.5,1,Next Day Air,1,1,3,Venmo,7,2,987,0.41,10,10,10,3.47,0,1,Low-Engagement Casuals
153,30,Male,Clothing,85,South Carolina,Summer,4.3,1,Express,1,1,42,Venmo,7,2,24990,8.37,10,10,10,6.12,0,1,At-Risk High-Value
154,69,Male,Clothing,55,North Carolina,Winter,3.2,1,Standard,1,1,22,Debit Card,7,2,8470,4.29,10,10,10,4.76,0,0,At-Risk High-Value
155,41,Male,Clothing,98,Oklahoma,Fall,3.6,1,Next Day Air,1,1,21,Venmo,6,2,12348,4.08,8.33,10,10,4.14,0,0,At-Risk High-Value
156,63,Male,Clothing,77,Maine,Spring,4.3,1,Free Shipping,1,1,21,Bank Transfer,6,2,9702,4.08,8.33,10,10,4.14,0,1,At-Risk High-Value
157,35,Male,Clothing,26,Missouri,Fall,4,1,Standard,1,1,40,Debit Card,7,2,7280,7.96,10,10,10,5.99,0,1,At-Risk High-Value
158,36,Male,Accessories,68,Vermont,Fall,3,1,Next Day Air,1,1,1,Bank Transfer,3,2,204,0,3.33,10,10,1.11,0,0,Low-Engagement Casuals
159,25,Male,Clothing,73,Connecticut,Fall,4.1,1,Standard,1,1,50,Bank Transfer,4,2,14600,10,5,10,10,5,0,1,At-Risk High-Value
160,58,Male,Accessories,27,New Hampshire,Fall,3.8,1,Store Pickup,1,1,39,Bank Transfer,5,2,5265,7.76,6.67,10,10,4.81,0,1,At-Risk High-Value
161,27,Male,Accessories,23,Texas,Summer,4.6,1,Free Shipping,1,1,34,Venmo,4,2,3128,6.73,5,10,10,3.91,0,1,Low-Engagement Casuals
162,65,Male,Accessories,49,North Dakota,Fall,3,1,Express,1,1,29,Venmo,3,2,4263,5.71,3.33,10,10,3.01,0,0,At-Risk High-Value
163,54,Male,Accessories,74,California,Summer,3,1,Store Pickup,1,1,31,PayPal,1,2,2294,6.12,0,10,10,2.04,0,0,Low-Engagement Casuals
164,54,Male,Clothing,67,Virginia,Summer,3.4,1,Standard,1,1,8,Debit Card,2,2,1072,1.43,1.67,10,10,1.03,0,0,Low-Engagement Casuals
165,59,Male,Accessories,65,Delaware,Spring,2.6,1,Free Shipping,1,1,5,Credit Card,3,2,975,0.82,3.33,10,10,1.38,0,0,Low-Engagement Casuals
166,42,Male,Accessories,60,Kentucky,Winter,2.8,1,Store Pickup,1,1,7,Cash,4,2,1680,1.22,5,10,10,2.07,0,0,Low-Engagement Casuals
167,46,Male,Footwear,31,Delaware,Fall,4,1,Store Pickup,1,1,30,Cash,4,2,3720,5.92,5,10,10,3.64,0,1,Low-Engagement Casuals
168,33,Male,Accessories,27,Arkansas,Fall,4,1,Express,1,1,14,Credit Card,5,2,1890,2.65,6.67,10,10,3.11,0,1,Low-Engagement Casuals
169,34,Male,Footwear,80,Louisiana,Summer,3,1,Express,1,1,5,Cash,3,2,1200,0.82,3.33,10,10,1.38,0,0,Low-Engagement Casuals
170,27,Male,Outerwear,30,Nevada,Summer,3.3,1,Standard,1,1,3,PayPal,5,2,450,0.41,6.67,10,10,2.36,0,0,Low-Engagement Casuals
171,52,Male,Clothing,25,Wyoming,Fall,2.6,1,Store Pickup,1,1,46,Venmo,1,2,1150,9.18,0,10,10,3.06,0,0,Low-Engagement Casuals
172,29,Male,Clothing,35,Virginia,Summer,3.6,1,Store Pickup,1,1,4,Credit Card,2,2,280,0.61,1.67,10,10,0.76,0,0,Low-Engagement Casuals
173,54,Male,Accessories,67,Nebraska,Summer,3.9,1,Next Day Air,1,1,42,Credit Card,1,2,2814,8.37,0,10,10,2.79,0,1,Low-Engagement Casuals
174,25,Male,Accessories,46,Hawaii,Fall,3.4,1,Standard,1,1,30,Cash,7,2,9660,5.92,10,10,10,5.31,0,0,At-Risk High-Value
175,41,Male,Footwear,35,Vermont,Winter,3.5,1,Express,1,1,37,Venmo,7,2,9065,7.35,10,10,10,5.78,0,0,At-Risk High-Value
176,53,Male,Outerwear,86,Oklahoma,Fall,2.8,1,Next Day Air,1,1,2,Bank Transfer,7,2,1204,0.2,10,10,10,3.4,0,0,Low-Engagement Casuals
177,53,Male,Accessories,81,New Hampshire,Spring,2.7,1,Next Day Air,1,1,30,Credit Card,6,2,14580,5.92,8.33,10,10,4.75,0,0,At-Risk High-Value
178,21,Male,Clothing,42,Kansas,Fall,3.7,1,Next Day Air,1,1,47,Bank Transfer,4,2,7896,9.39,5,10,10,4.8,0,0,At-Risk High-Value
179,61,Male,Clothing,43,Idaho,Fall,4.3,1,2-Day Shipping,1,1,21,PayPal,6,2,5418,4.08,8.33,10,10,4.14,0,1,At-Risk High-Value
180,64,Male,Footwear,31,Illinois,Fall,4.9,1,Store Pickup,1,1,9,Bank Transfer,3,2,837,1.63,3.33,10,10,1.65,0,1,Low-Engagement Casuals
181,51,Male,Footwear,81,South Dakota,Fall,3.3,1,Store Pickup,1,1,12,Debit Card,3,2,2916,2.24,3.33,10,10,1.86,0,0,Low-Engagement Casuals
182,32,Male,Clothing,61,Massachusetts,Summer,4.7,1,Next Day Air,1,1,4,Bank Transfer,2,2,488,0.61,1.67,10,10,0.76,0,1,Low-Engagement Casuals
183,38,Male,Accessories,96,Alabama,Summer,2.8,1,Store Pickup,1,1,10,Debit Card,7,2,6720,1.84,10,10,10,3.95,0,0,At-Risk High-Value
184,58,Male,Clothing,29,Ohio,Spring,3.6,1,2-Day Shipping,1,1,26,Credit Card,2,2,1508,5.1,1.67,10,10,2.26,0,0,Low-Engagement Casuals
185,32,Male,Footwear,33,Hawaii,Spring,3,1,Express,1,1,40,Cash,3,2,3960,7.96,3.33,10,10,3.76,0,0,Low-Engagement Casuals
186,46,Male,Clothing,32,Wisconsin,Summer,4.5,1,Store Pickup,1,1,34,Bank Transfer,3,2,3264,6.73,3.33,10,10,3.35,0,1,Low-Engagement Casuals
187,39,Male,Accessories,56,Minnesota,Summer,2.9,1,Standard,1,1,31,Debit Card,7,2,12152,6.12,10,10,10,5.37,0,0,At-Risk High-Value
188,19,Male,Footwear,94,Georgia,Spring,3.3,1,Store Pickup,1,1,1,Bank Transfer,1,2,94,0,0,10,10,0,0,0,Low-Engagement Casuals
189,50,Male,Clothing,53,Arkansas,Spring,3.1,1,Express,1,1,5,Bank Transfer,1,2,265,0.82,0,10,10,0.27,0,0,Low-Engagement Casuals
190,36,Male,Clothing,82,West Virginia,Fall,4.4,1,Next Day Air,1,1,4,Credit Card,2,2,656,0.61,1.67,10,10,0.76,0,1,Low-Engagement Casuals
191,65,Male,Outerwear,70,Indiana,Fall,3,1,Free Shipping,1,1,48,Venmo,6,2,20160,9.59,8.33,10,10,5.97,0,0,At-Risk High-Value
192,64,Male,Accessories,76,Utah,Fall,3.9,1,Free Shipping,1,1,29,Cash,5,2,11020,5.71,6.67,10,10,4.13,0,1,At-Risk High-Value
193,46,Male,Footwear,29,Nebraska,Summer,2.9,1,Express,1,1,12,PayPal,1,2,348,2.24,0,10,10,0.75,0,0,Low-Engagement Casuals
194,36,Male,Accessories,100,North Dakota,Fall,3,1,Standard,1,1,29,Venmo,7,2,20300,5.71,10,10,10,5.24,0,0,At-Risk High-Value
195,51,Male,Accessories,94,Missouri,Spring,3.1,1,Express,1,1,15,Debit Card,6,2,8460,2.86,8.33,10,10,3.73,0,0,At-Risk High-Value
196,51,Male,Outerwear,25,New York,Fall,4.3,1,Free Shipping,1,1,34,Credit Card,4,2,3400,6.73,5,10,10,3.91,0,1,Low-Engagement Casuals
197,38,Male,Footwear,88,Washington,Summer,3.9,1,Next Day Air,1,1,41,Credit Card,3,2,10824,8.16,3.33,10,10,3.83,0,1,At-Risk High-Value
198,59,Male,Accessories,78,South Carolina,Fall,3.2,1,2-Day Shipping,1,1,41,Credit Card,4,2,12792,8.16,5,10,10,4.39,0,0,At-Risk High-Value
199,57,Male,Accessories,45,Utah,Winter,4.8,1,Standard,1,1,39,Credit Card,3,2,5265,7.76,3.33,10,10,3.7,0,1,At-Risk High-Value
200,54,Male,Accessories,73,Idaho,Summer,3.8,1,Express,1,1,32,Cash,2,2,4672,6.33,1.67,10,10,2.67,0,1,At-Risk High-Value
201,25,Male,Clothing,61,Pennsylvania,Summer,3.3,1,Next Day Air,1,1,29,Venmo,4,2,7076,5.71,5,10,10,3.57,0,0,At-Risk High-Value
202,69,Male,Clothing,22,Missouri,Fall,4.3,1,Free Shipping,1,1,15,Bank Transfer,7,2,2310,2.86,10,10,10,4.29,0,1,Low-Engagement Casuals
203,57,Male,Accessories,38,Nebraska,Spring,2.7,1,Express,1,1,33,Venmo,7,2,8778,6.53,10,10,10,5.51,0,0,At-Risk High-Value
204,70,Male,Accessories,38,Indiana,Fall,3.2,1,Next Day Air,1,1,18,Bank Transfer,2,2,1368,3.47,1.67,10,10,1.71,0,0,Low-Engagement Casuals
205,24,Male,Footwear,100,Arizona,Fall,4,1,Store Pickup,1,1,35,Cash,1,2,3500,6.94,0,10,10,2.31,0,1,Low-Engagement Casuals
206,67,Male,Clothing,64,Hawaii,Winter,3,1,Standard,1,1,25,PayPal,2,2,3200,4.9,1.67,10,10,2.19,0,0,Low-Engagement Casuals
207,24,Male,Clothing,55,Wisconsin,Summer,4.2,1,Free Shipping,1,1,6,Venmo,3,2,990,1.02,3.33,10,10,1.45,0,1,Low-Engagement Casuals
208,62,Male,Accessories,91,Rhode Island,Summer,2.9,1,Express,1,1,17,Bank Transfer,1,2,1547,3.27,0,10,10,1.09,0,0,Low-Engagement Casuals
209,57,Male,Clothing,38,Wisconsin,Spring,4.1,1,Store Pickup,1,1,17,Credit Card,4,2,2584,3.27,5,10,10,2.76,0,1,Low-Engagement Casuals
210,55,Male,Footwear,97,Minnesota,Winter,3.2,1,Store Pickup,1,1,44,Cash,5,2,21340,8.78,6.67,10,10,5.15,0,0,At-Risk High-Value
211,45,Male,Outerwear,22,Vermont,Fall,3,1,2-Day Shipping,1,1,6,PayPal,3,2,396,1.02,3.33,10,10,1.45,0,0,Low-Engagement Casuals
212,69,Male,Clothing,92,South Dakota,Fall,4.2,1,2-Day Shipping,1,1,45,Debit Card,3,2,12420,8.98,3.33,10,10,4.1,0,1,At-Risk High-Value
213,67,Male,Accessories,84,Virginia,Fall,4.2,1,Express,1,1,7,Debit Card,7,2,4116,1.22,10,10,10,3.74,0,1,Low-Engagement Casuals
214,30,Male,Accessories,93,Nevada,Fall,4.4,1,Store Pickup,1,1,11,Debit Card,5,2,5115,2.04,6.67,10,10,2.9,0,1,At-Risk High-Value
215,24,Male,Outerwear,50,Hawaii,Summer,4.2,1,Next Day Air,1,1,41,Cash,5,2,10250,8.16,6.67,10,10,4.94,0,1,At-Risk High-Value
216,62,Male,Accessories,64,New Jersey,Spring,2.8,1,2-Day Shipping,1,1,24,PayPal,1,2,1536,4.69,0,10,10,1.56,0,0,Low-Engagement Casuals
217,43,Male,Clothing,61,Massachusetts,Spring,3.7,1,Free Shipping,1,1,21,Venmo,2,2,2562,4.08,1.67,10,10,1.92,0,0,Low-Engagement Casuals
218,35,Male,Accessories,48,Oklahoma,Winter,3.5,1,Next Day Air,1,1,24,Bank Transfer,7,2,8064,4.69,10,10,10,4.9,0,0,At-Risk High-Value
219,28,Male,Clothing,45,California,Spring,2.9,1,Store Pickup,1,1,8,Credit Card,6,2,2160,1.43,8.33,10,10,3.25,0,0,Low-Engagement Casuals
220,32,Male,Accessories,88,Nevada,Spring,3,1,Free Shipping,1,1,12,Cash,3,2,3168,2.24,3.33,10,10,1.86,0,0,Low-Engagement Casuals
221,39,Male,Footwear,57,Arizona,Spring,3.7,1,Express,1,1,48,Debit Card,3,2,8208,9.59,3.33,10,10,4.31,0,0,At-Risk High-Value
222,28,Male,Accessories,68,North Carolina,Summer,4.4,1,Store Pickup,1,1,6,Bank Transfer,6,2,2448,1.02,8.33,10,10,3.12,0,1,Low-Engagement Casuals
223,47,Male,Accessories,94,New York,Spring,4.5,1,2-Day Shipping,1,1,14,PayPal,3,2,3948,2.65,3.33,10,10,1.99,0,1,Low-Engagement Casuals
224,20,Male,Clothing,41,Wyoming,Spring,4.8,1,Free Shipping,1,1,34,PayPal,7,2,9758,6.73,10,10,10,5.58,0,1,At-Risk High-Value
225,63,Male,Clothing,83,South Dakota,Summer,2.9,1,Free Shipping,1,1,12,Cash,5,2,4980,2.24,6.67,10,10,2.97,0,0,At-Risk High-Value
226,25,Male,Outerwear,22,Arkansas,Spring,3.2,1,Next Day Air,1,1,11,Bank Transfer,7,2,1694,2.04,10,10,10,4.01,0,0,Low-Engagement Casuals
227,29,Male,Footwear,74,Texas,Spring,3.3,1,Free Shipping,1,1,5,PayPal,4,2,1480,0.82,5,10,10,1.94,0,0,Low-Engagement Casuals
228,50,Male,Clothing,90,Rhode Island,Winter,4.2,1,Standard,1,1,25,Venmo,3,2,6750,4.9,3.33,10,10,2.74,0,1,At-Risk High-Value
229,18,Male,Clothing,79,New Hampshire,Spring,2.9,1,Store Pickup,1,1,11,Credit Card,7,2,6083,2.04,10,10,10,4.01,0,0,At-Risk High-Value
230,70,Male,Footwear,28,Ohio,Spring,4.6,1,Next Day Air,1,1,27,PayPal,5,2,3780,5.31,6.67,10,10,3.99,0,1,Low-Engagement Casuals
231,66,Male,Accessories,88,Utah,Fall,4.1,1,Standard,1,1,43,Credit Card,7,2,26488,8.57,10,10,10,6.19,0,1,At-Risk High-Value
232,28,Male,Clothing,26,Tennessee,Spring,3.1,1,2-Day Shipping,1,1,18,Debit Card,5,2,2340,3.47,6.67,10,10,3.38,0,0,Low-Engagement Casuals
233,54,Male,Accessories,27,Hawaii,Winter,4.2,1,Express,1,1,32,Bank Transfer,1,2,864,6.33,0,10,10,2.11,0,1,Low-Engagement Casuals
234,19,Male,Clothing,83,Arizona,Fall,4.5,1,Next Day Air,1,1,27,Bank Transfer,5,2,11205,5.31,6.67,10,10,3.99,0,1,At-Risk High-Value
235,20,Male,Accessories,39,South Dakota,Summer,3.7,1,Next Day Air,1,1,24,Credit Card,2,2,1872,4.69,1.67,10,10,2.12,0,0,Low-Engagement Casuals
236,43,Male,Accessories,89,New Jersey,Winter,3.7,1,Free Shipping,1,1,31,Debit Card,6,2,16554,6.12,8.33,10,10,4.82,0,0,At-Risk High-Value
237,38,Male,Outerwear,68,North Dakota,Winter,3.4,1,Next Day Air,1,1,39,PayPal,3,2,7956,7.76,3.33,10,10,3.7,0,0,At-Risk High-Value
238,50,Male,Clothing,90,Iowa,Summer,3,1,Store Pickup,1,1,36,Debit Card,3,2,9720,7.14,3.33,10,10,3.49,0,0,At-Risk High-Value
239,64,Male,Clothing,34,Ohio,Fall,4.2,1,Free Shipping,1,1,5,Cash,7,2,1190,0.82,10,10,10,3.61,0,1,Low-Engagement Casuals
240,49,Male,Clothing,51,Vermont,Summer,2.9,1,Express,1,1,47,Credit Card,1,2,2397,9.39,0,10,10,3.13,0,0,Low-Engagement Casuals
241,47,Male,Clothing,45,Montana,Winter,3.5,1,Free Shipping,1,1,29,Bank Transfer,3,2,3915,5.71,3.33,10,10,3.01,0,0,Low-Engagement Casuals
242,36,Male,Clothing,88,Delaware,Winter,4.1,1,Free Shipping,1,1,43,Venmo,1,2,3784,8.57,0,10,10,2.86,0,1,Low-Engagement Casuals
243,55,Male,Outerwear,85,New York,Summer,4.3,1,Store Pickup,1,1,40,Debit Card,5,2,17000,7.96,6.67,10,10,4.88,0,1,At-Risk High-Value
244,25,Male,Accessories,100,Kentucky,Winter,2.8,1,2-Day Shipping,1,1,4,Debit Card,4,2,1600,0.61,5,10,10,1.87,0,0,Low-Engagement Casuals
245,53,Male,Accessories,42,Oregon,Spring,4.9,1,2-Day Shipping,1,1,39,PayPal,2,2,3276,7.76,1.67,10,10,3.14,0,1,Low-Engagement Casuals
246,49,Male,Footwear,53,Rhode Island,Summer,3.3,1,Next Day Air,1,1,45,Venmo,3,2,7155,8.98,3.33,10,10,4.1,0,0,At-Risk High-Value
247,35,Male,Accessories,86,Nevada,Spring,3.2,1,Express,1,1,20,Venmo,1,2,1720,3.88,0,10,10,1.29,0,0,Low-Engagement Casuals
248,29,Male,Clothing,66,Montana,Spring,4.4,1,Standard,1,1,14,Debit Card,2,2,1848,2.65,1.67,10,10,1.44,0,1,Low-Engagement Casuals
249,47,Male,Accessories,100,Pennsylvania,Winter,4.8,1,Express,1,1,33,PayPal,2,2,6600,6.53,1.67,10,10,2.73,0,1,At-Risk High-Value
250,53,Male,Accessories,47,Alaska,Fall,4.2,1,Standard,1,1,18,Credit Card,7,2,5922,3.47,10,10,10,4.49,0,1,At-Risk High-Value
251,33,Male,Clothing,25,Mississippi,Fall,4,1,Express,1,1,9,Bank Transfer,2,2,450,1.63,1.67,10,10,1.1,0,1,Low-Engagement Casuals
252,21,Male,Accessories,51,Wyoming,Winter,2.5,1,Standard,1,1,34,PayPal,7,2,12138,6.73,10,10,10,5.58,0,0,At-Risk High-Value
253,32,Male,Clothing,41,Delaware,Summer,3.9,1,Free Shipping,1,1,33,Venmo,3,2,4059,6.53,3.33,10,10,3.29,0,1,Low-Engagement Casuals
254,52,Male,Footwear,73,Oklahoma,Winter,4.9,1,2-Day Shipping,1,1,15,Bank Transfer,1,2,1095,2.86,0,10,10,0.95,0,1,Low-Engagement Casuals
255,67,Male,Accessories,42,Indiana,Winter,3.5,1,Store Pickup,1,1,4,PayPal,1,2,168,0.61,0,10,10,0.2,0,0,Low-Engagement Casuals
256,43,Male,Accessories,20,Maryland,Spring,4.2,1,Free Shipping,1,1,25,Debit Card,7,2,3500,4.9,10,10,10,4.97,0,1,Low-Engagement Casuals
257,58,Male,Accessories,30,South Dakota,Spring,4.7,1,Express,1,1,20,Credit Card,5,2,3000,3.88,6.67,10,10,3.52,0,1,Low-Engagement Casuals
258,20,Male,Accessories,53,West Virginia,Summer,4.5,1,Express,1,1,5,Credit Card,6,2,1590,0.82,8.33,10,10,3.05,0,1,Low-Engagement Casuals
259,61,Male,Accessories,74,Alabama,Spring,2.8,1,Express,1,1,16,Cash,6,2,7104,3.06,8.33,10,10,3.8,0,0,At-Risk High-Value
260,32,Male,Clothing,57,Louisiana,Fall,2.9,1,Standard,1,1,13,Debit Card,7,2,5187,2.45,10,10,10,4.15,0,0,At-Risk High-Value
261,38,Male,Accessories,57,Montana,Winter,3.2,1,2-Day Shipping,1,1,11,Credit Card,5,2,3135,2.04,6.67,10,10,2.9,0,0,Low-Engagement Casuals
262,21,Male,Clothing,77,California,Winter,4.9,1,Standard,1,1,21,Credit Card,7,2,11319,4.08,10,10,10,4.69,0,1,At-Risk High-Value
263,37,Male,Clothing,40,Hawaii,Summer,3.75,1,Next Day Air,1,1,6,Debit Card,7,2,1680,1.02,10,10,10,3.67,0,0,Low-Engagement Casuals
264,27,Male,Clothing,46,Iowa,Summer,4.3,1,Store Pickup,1,1,29,Venmo,4,2,5336,5.71,5,10,10,3.57,0,1,At-Risk High-Value
265,36,Male,Clothing,78,Colorado,Fall,3.9,1,Store Pickup,1,1,15,Cash,7,2,8190,2.86,10,10,10,4.29,0,1,At-Risk High-Value
266,32,Male,Accessories,59,Michigan,Spring,3.2,1,2-Day Shipping,1,1,17,Bank Transfer,1,2,1003,3.27,0,10,10,1.09,0,0,Low-Engagement Casuals
267,51,Male,Accessories,75,Louisiana,Summer,3.1,1,Express,1,1,32,Credit Card,2,2,4800,6.33,1.67,10,10,2.67,0,0,At-Risk High-Value
268,64,Male,Clothing,54,Maryland,Spring,3.9,1,2-Day Shipping,1,1,42,Venmo,7,2,15876,8.37,10,10,10,6.12,0,1,At-Risk High-Value
269,68,Male,Footwear,42,Georgia,Spring,2.6,1,Store Pickup,1,1,21,Cash,4,2,3528,4.08,5,10,10,3.03,0,0,Low-Engagement Casuals
270,68,Male,Clothing,44,Georgia,Winter,3.3,1,Next Day Air,1,1,9,Cash,1,2,396,1.63,0,10,10,0.54,0,0,Low-Engagement Casuals
271,33,Male,Clothing,52,North Dakota,Fall,4.6,1,Free Shipping,1,1,16,Bank Transfer,7,2,5824,3.06,10,10,10,4.35,0,1,At-Risk High-Value
272,65,Male,Accessories,69,Maryland,Summer,4.6,1,Express,1,1,42,Credit Card,3,2,8694,8.37,3.33,10,10,3.9,0,1,At-Risk High-Value
273,48,Male,Accessories,26,Oregon,Summer,4.4,1,2-Day Shipping,1,1,37,Debit Card,1,2,962,7.35,0,10,10,2.45,0,1,Low-Engagement Casuals
274,69,Male,Outerwear,33,North Dakota,Spring,4.2,1,Express,1,1,32,Debit Card,6,2,6336,6.33,8.33,10,10,4.89,0,1,At-Risk High-Value
275,59,Male,Accessories,32,Maryland,Spring,3,1,Express,1,1,28,Cash,1,2,896,5.51,0,10,10,1.84,0,0,Low-Engagement Casuals
276,48,Male,Accessories,85,Virginia,Winter,4,1,Express,1,1,13,Credit Card,2,2,2210,2.45,1.67,10,10,1.37,0,1,Low-Engagement Casuals
277,25,Male,Clothing,30,South Dakota,Fall,3.5,1,Express,1,1,11,Bank Transfer,3,2,990,2.04,3.33,10,10,1.79,0,0,Low-Engagement Casuals
278,29,Male,Clothing,29,Georgia,Winter,3,1,Store Pickup,1,1,36,Bank Transfer,1,2,1044,7.14,0,10,10,2.38,0,0,Low-Engagement Casuals
279,57,Male,Clothing,95,Hawaii,Spring,3.7,1,Express,1,1,23,Debit Card,7,2,15295,4.49,10,10,10,4.83,0,0,At-Risk High-Value
280,23,Male,Footwear,69,Arkansas,Summer,4,1,Standard,1,1,37,Bank Transfer,4,2,10212,7.35,5,10,10,4.12,0,1,At-Risk High-Value
281,45,Male,Footwear,69,Montana,Fall,4.2,1,2-Day Shipping,1,1,21,Cash,1,2,1449,4.08,0,10,10,1.36,0,1,Low-Engagement Casuals
282,38,Male,Accessories,61,Oklahoma,Spring,2.5,1,Standard,1,1,22,Debit Card,1,2,1342,4.29,0,10,10,1.43,0,0,Low-Engagement Casuals
283,21,Male,Clothing,94,Minnesota,Summer,3,1,2-Day Shipping,1,1,9,Cash,4,2,3384,1.63,5,10,10,2.21,0,0,Low-Engagement Casuals
284,32,Male,Clothing,30,Montana,Fall,3.2,1,Next Day Air,1,1,16,Venmo,7,2,3360,3.06,10,10,10,4.35,0,0,Low-Engagement Casuals
285,63,Male,Clothing,45,Ohio,Summer,3.5,1,Standard,1,1,4,PayPal,6,2,1080,0.61,8.33,10,10,2.98,0,0,Low-Engagement Casuals
286,29,Male,Accessories,39,Kentucky,Summer,4.8,1,Express,1,1,3,Debit Card,1,2,117,0.41,0,10,10,0.14,0,1,Low-Engagement Casuals
287,27,Male,Accessories,51,Nebraska,Summer,2.6,1,Store Pickup,1,1,6,Debit Card,7,2,2142,1.02,10,10,10,3.67,0,0,Low-Engagement Casuals
288,56,Male,Accessories,37,Delaware,Spring,3.4,1,2-Day Shipping,1,1,18,Venmo,3,2,1998,3.47,3.33,10,10,2.27,0,0,Low-Engagement Casuals
289,30,Male,Clothing,62,North Carolina,Winter,3.7,1,2-Day Shipping,1,1,34,Venmo,1,2,2108,6.73,0,10,10,2.24,0,0,Low-Engagement Casuals
290,49,Male,Outerwear,85,New York,Fall,4.5,1,2-Day Shipping,1,1,26,Credit Card,4,2,8840,5.1,5,10,10,3.37,0,1,At-Risk High-Value
291,58,Male,Clothing,33,Colorado,Winter,3.7,1,Standard,1,1,50,PayPal,2,2,3300,10,1.67,10,10,3.89,0,0,Low-Engagement Casuals
292,57,Male,Clothing,26,Delaware,Fall,3.3,1,Next Day Air,1,1,40,Bank Transfer,4,2,4160,7.96,5,10,10,4.32,0,0,Low-Engagement Casuals
293,60,Male,Footwear,99,Utah,Spring,4.7,1,Free Shipping,1,1,24,Cash,6,2,14256,4.69,8.33,10,10,4.34,0,1,At-Risk High-Value
294,69,Male,Accessories,39,Connecticut,Spring,2.7,1,Express,1,1,33,PayPal,7,2,9009,6.53,10,10,10,5.51,0,0,At-Risk High-Value
295,70,Male,Clothing,20,New Jersey,Spring,4.6,1,Store Pickup,1,1,19,Credit Card,5,2,1900,3.67,6.67,10,10,3.45,0,1,Low-Engagement Casuals
296,53,Male,Accessories,42,West Virginia,Winter,2.7,1,Store Pickup,1,1,24,Credit Card,6,2,6048,4.69,8.33,10,10,4.34,0,0,At-Risk High-Value
297,25,Male,Footwear,74,Indiana,Spring,4.8,1,2-Day Shipping,1,1,19,Credit Card,2,2,2812,3.67,1.67,10,10,1.78,0,1,Low-Engagement Casuals
298,48,Male,Footwear,26,Delaware,Summer,4.4,1,Standard,1,1,4,Credit Card,1,2,104,0.61,0,10,10,0.2,0,1,Low-Engagement Casuals
299,69,Male,Clothing,53,Maryland,Winter,4,1,Standard,1,1,11,Venmo,5,2,2915,2.04,6.67,10,10,2.9,0,1,Low-Engagement Casuals
300,25,Male,Footwear,80,Pennsylvania,Summer,3.2,1,Next Day Air,1,1,28,PayPal,3,2,6720,5.51,3.33,10,10,2.95,0,0,At-Risk High-Value
301,29,Male,Accessories,98,Iowa,Spring,4.4,1,Store Pickup,1,1,24,PayPal,2,2,4704,4.69,1.67,10,10,2.12,0,1,At-Risk High-Value
302,46,Male,Clothing,95,Pennsylvania,Spring,3.8,1,Standard,1,1,25,Credit Card,5,2,11875,4.9,6.67,10,10,3.86,0,1,At-Risk High-Value
303,37,Male,Clothing,44,Delaware,Summer,3.6,1,Express,1,1,27,Bank Transfer,5,2,5940,5.31,6.67,10,10,3.99,0,0,At-Risk High-Value
304,20,Male,Footwear,60,Oregon,Summer,3.3,1,Next Day Air,1,1,49,Venmo,2,2,5880,9.8,1.67,10,10,3.82,0,0,At-Risk High-Value
305,40,Male,Clothing,84,Oregon,Winter,3.4,1,Next Day Air,1,1,45,Credit Card,1,2,3780,8.98,0,10,10,2.99,0,0,Low-Engagement Casuals
306,60,Male,Clothing,59,Utah,Fall,3.5,1,2-Day Shipping,1,1,26,PayPal,7,2,10738,5.1,10,10,10,5.03,0,0,At-Risk High-Value
307,26,Male,Outerwear,49,North Dakota,Summer,3.6,1,Express,1,1,4,Cash,7,2,1372,0.61,10,10,10,3.54,0,0,Low-Engagement Casuals
308,29,Male,Accessories,32,Florida,Winter,3.2,1,Free Shipping,1,1,3,Credit Card,5,2,480,0.41,6.67,10,10,2.36,0,0,Low-Engagement Casuals
309,66,Male,Accessories,29,Maryland,Fall,3.7,1,Standard,1,1,45,Venmo,1,2,1305,8.98,0,10,10,2.99,0,0,Low-Engagement Casuals
310,66,Male,Clothing,22,Minnesota,Spring,4.5,1,Standard,1,1,21,Cash,3,2,1386,4.08,3.33,10,10,2.47,0,1,Low-Engagement Casuals
311,56,Male,Clothing,85,Montana,Winter,4.6,1,Standard,1,1,50,Cash,3,2,12750,10,3.33,10,10,4.44,0,1,At-Risk High-Value
312,69,Male,Clothing,52,Rhode Island,Winter,4.1,1,Store Pickup,1,1,19,Bank Transfer,4,2,3952,3.67,5,10,10,2.89,0,1,Low-Engagement Casuals
313,38,Male,Clothing,89,Massachusetts,Spring,3.4,1,Next Day Air,1,1,6,PayPal,7,2,3738,1.02,10,10,10,3.67,0,0,Low-Engagement Casuals
314,42,Male,Clothing,77,Vermont,Spring,3.7,1,Express,1,1,50,Credit Card,5,2,19250,10,6.67,10,10,5.56,0,0,At-Risk High-Value
315,30,Male,Clothing,24,New Jersey,Summer,3.3,1,Store Pickup,1,1,17,Debit Card,5,2,2040,3.27,6.67,10,10,3.31,0,0,Low-Engagement Casuals
316,66,Male,Accessories,24,Wisconsin,Spring,4.5,1,Express,1,1,24,Debit Card,7,2,4032,4.69,10,10,10,4.9,0,1,Low-Engagement Casuals
317,36,Male,Accessories,22,California,Fall,3.3,1,Free Shipping,1,1,46,Venmo,4,2,4048,9.18,5,10,10,4.73,0,0,Low-Engagement Casuals
318,58,Male,Clothing,82,West Virginia,Fall,4.3,1,Standard,1,1,42,Cash,5,2,17220,8.37,6.67,10,10,5.01,0,1,At-Risk High-Value
319,45,Male,Accessories,67,South Dakota,Winter,2.5,1,Standard,1,1,10,Cash,7,2,4690,1.84,10,10,10,3.95,0,0,At-Risk High-Value
320,47,Male,Clothing,74,Maine,Spring,2.6,1,Standard,1,1,1,Cash,5,2,370,0,6.67,10,10,2.22,0,0,Low-Engagement Casuals
321,66,Male,Accessories,72,Kansas,Summer,4.9,1,Standard,1,1,28,Debit Card,6,2,12096,5.51,8.33,10,10,4.61,0,1,At-Risk High-Value
322,41,Male,Footwear,36,Vermont,Summer,4.7,1,Free Shipping,1,1,48,Debit Card,6,2,10368,9.59,8.33,10,10,5.97,0,1,At-Risk High-Value
323,41,Male,Accessories,95,Tennessee,Winter,3,1,Standard,1,1,47,Credit Card,4,2,17860,9.39,5,10,10,4.8,0,0,At-Risk High-Value
324,66,Male,Clothing,78,Tennessee,Winter,3.5,1,Next Day Air,1,1,29,PayPal,1,2,2262,5.71,0,10,10,1.9,0,0,Low-Engagement Casuals
325,37,Male,Clothing,82,Wyoming,Summer,4.8,1,Standard,1,1,37,Venmo,6,2,18204,7.35,8.33,10,10,5.23,0,1,At-Risk High-Value
326,70,Male,Clothing,70,Vermont,Winter,4.3,1,Free Shipping,1,1,38,Debit Card,7,2,18620,7.55,10,10,10,5.85,0,1,At-Risk High-Value
327,62,Male,Accessories,41,New Jersey,Fall,3.2,1,Store Pickup,1,1,48,Bank Transfer,2,2,3936,9.59,1.67,10,10,3.75,0,0,Low-Engagement Casuals
328,61,Male,Outerwear,42,Iowa,Summer,3.1,1,Free Shipping,1,1,36,PayPal,2,2,3024,7.14,1.67,10,10,2.94,0,0,Low-Engagement Casuals
329,48,Male,Outerwear,50,Florida,Fall,2.8,1,Free Shipping,1,1,9,Credit Card,2,2,900,1.63,1.67,10,10,1.1,0,0,Low-Engagement Casuals
330,70,Male,Clothing,31,Nevada,Summer,2.9,1,2-Day Shipping,1,1,34,Bank Transfer,4,2,4216,6.73,5,10,10,3.91,0,0,Low-Engagement Casuals
331,46,Male,Clothing,51,North Dakota,Winter,3.75,1,Express,1,1,43,Venmo,1,2,2193,8.57,0,10,10,2.86,0,0,Low-Engagement Casuals
332,31,Male,Clothing,98,Florida,Fall,3.3,1,Store Pickup,1,1,46,PayPal,6,2,27048,9.18,8.33,10,10,5.84,0,0,At-Risk High-Value
333,19,Male,Clothing,86,New York,Winter,2.8,1,2-Day Shipping,1,1,5,Credit Card,4,2,1720,0.82,5,10,10,1.94,0,0,Low-Engagement Casuals
334,39,Male,Clothing,64,Alaska,Winter,4.5,1,Standard,1,1,15,Bank Transfer,1,2,960,2.86,0,10,10,0.95,0,1,Low-Engagement Casuals
335,41,Male,Clothing,46,Kansas,Fall,2.6,1,Next Day Air,1,1,30,Credit Card,7,2,9660,5.92,10,10,10,5.31,0,0,At-Risk High-Value
336,20,Male,Clothing,85,Oregon,Spring,3.7,1,Standard,1,1,44,Venmo,5,2,18700,8.78,6.67,10,10,5.15,0,0,At-Risk High-Value
337,36,Male,Accessories,81,Rhode Island,Fall,4.4,1,Express,1,1,16,PayPal,7,2,9072,3.06,10,10,10,4.35,0,1,At-Risk High-Value
338,32,Male,Clothing,59,New Mexico,Winter,4.3,1,2-Day Shipping,1,1,16,Bank Transfer,7,2,6608,3.06,10,10,10,4.35,0,1,At-Risk High-Value
339,69,Male,Clothing,79,Massachusetts,Winter,3.5,1,Express,1,1,16,Cash,2,2,2528,3.06,1.67,10,10,1.58,0,0,Low-Engagement Casuals
340,40,Male,Clothing,33,Pennsylvania,Spring,3.8,1,2-Day Shipping,1,1,21,Credit Card,5,2,3465,4.08,6.67,10,10,3.58,0,1,Low-Engagement Casuals
341,40,Male,Clothing,47,New Jersey,Summer,3.5,1,Express,1,1,39,Venmo,5,2,9165,7.76,6.67,10,10,4.81,0,0,At-Risk High-Value
342,20,Male,Accessories,20,Utah,Summer,4.6,1,Store Pickup,1,1,40,Debit Card,1,2,800,7.96,0,10,10,2.65,0,1,Low-Engagement Casuals
343,64,Male,Outerwear,36,Kentucky,Spring,2.6,1,Next Day Air,1,1,48,Credit Card,5,2,8640,9.59,6.67,10,10,5.42,0,0,At-Risk High-Value
344,27,Male,Footwear,39,Nebraska,Summer,4.4,1,Next Day Air,1,1,26,Venmo,4,2,4056,5.1,5,10,10,3.37,0,1,Low-Engagement Casuals
345,24,Male,Clothing,71,Virginia,Winter,4,1,Standard,1,1,46,Debit Card,4,2,13064,9.18,5,10,10,4.73,0,1,At-Risk High-Value
346,48,Male,Footwear,59,Wyoming,Winter,4.4,1,Next Day Air,1,1,27,Bank Transfer,7,2,11151,5.31,10,10,10,5.1,0,1,At-Risk High-Value
347,49,Male,Clothing,50,New Mexico,Spring,4.7,1,Next Day Air,1,1,5,Cash,2,2,500,0.82,1.67,10,10,0.83,0,1,Low-Engagement Casuals
348,36,Male,Footwear,41,Oregon,Fall,3.9,1,Store Pickup,1,1,43,PayPal,3,2,5289,8.57,3.33,10,10,3.97,0,1,At-Risk High-Value
349,56,Male,Clothing,59,South Carolina,Fall,2.7,1,Free Shipping,1,1,17,PayPal,3,2,3009,3.27,3.33,10,10,2.2,0,0,Low-Engagement Casuals
350,37,Male,Accessories,87,Arizona,Winter,3.7,1,2-Day Shipping,1,1,3,Bank Transfer,1,2,261,0.41,0,10,10,0.14,0,0,Low-Engagement Casuals
351,42,Male,Clothing,68,Kentucky,Spring,2.6,1,2-Day Shipping,1,1,47,Bank Transfer,3,2,9588,9.39,3.33,10,10,4.24,0,0,At-Risk High-Value
352,28,Male,Clothing,90,New York,Winter,3.9,1,Standard,1,1,24,Debit Card,1,2,2160,4.69,0,10,10,1.56,0,1,Low-Engagement Casuals
353,27,Male,Clothing,71,Texas,Fall,4.9,1,Next Day Air,1,1,12,Cash,5,2,4260,2.24,6.67,10,10,2.97,0,1,At-Risk High-Value
354,63,Male,Footwear,64,Missouri,Fall,4.1,1,Store Pickup,1,1,35,Debit Card,4,2,8960,6.94,5,10,10,3.98,0,1,At-Risk High-Value
355,58,Male,Accessories,76,Pennsylvania,Fall,3,1,Free Shipping,1,1,42,Venmo,2,2,6384,8.37,1.67,10,10,3.35,0,0,At-Risk High-Value
356,37,Male,Accessories,42,Oregon,Fall,4.1,1,2-Day Shipping,1,1,1,PayPal,5,2,210,0,6.67,10,10,2.22,0,1,Low-Engagement Casuals
357,56,Male,Clothing,80,Nevada,Spring,3.75,1,Standard,1,1,27,Cash,2,2,4320,5.31,1.67,10,10,2.33,0,0,At-Risk High-Value
358,18,Male,Accessories,56,Arkansas,Spring,4,1,Standard,1,1,16,Credit Card,1,2,896,3.06,0,10,10,1.02,0,1,Low-Engagement Casuals
359,48,Male,Accessories,25,Minnesota,Summer,3.6,1,Express,1,1,36,Credit Card,5,2,4500,7.14,6.67,10,10,4.6,0,0,At-Risk High-Value
360,31,Male,Footwear,74,Georgia,Winter,3,1,Store Pickup,1,1,30,Credit Card,5,2,11100,5.92,6.67,10,10,4.2,0,0,At-Risk High-Value
361,51,Male,Clothing,30,Rhode Island,Summer,3,1,Standard,1,1,18,Debit Card,3,2,1620,3.47,3.33,10,10,2.27,0,0,Low-Engagement Casuals
362,65,Male,Clothing,96,Nevada,Spring,2.6,1,Free Shipping,1,1,45,Cash,7,2,30240,8.98,10,10,10,6.33,0,0,At-Risk High-Value
363,53,Male,Footwear,64,Texas,Fall,3.4,1,Free Shipping,1,1,1,Venmo,3,2,192,0,3.33,10,10,1.11,0,0,Low-Engagement Casuals
364,55,Male,Clothing,88,Florida,Winter,3.1,1,Free Shipping,1,1,42,Bank Transfer,3,2,11088,8.37,3.33,10,10,3.9,0,0,At-Risk High-Value
365,62,Male,Footwear,88,North Dakota,Summer,3,1,Free Shipping,1,1,7,Venmo,5,2,3080,1.22,6.67,10,10,2.63,0,0,Low-Engagement Casuals
366,55,Male,Accessories,88,West Virginia,Summer,3.7,1,Standard,1,1,50,PayPal,6,2,26400,10,8.33,10,10,6.11,0,0,At-Risk High-Value
367,64,Male,Clothing,36,Nebraska,Spring,3.5,1,Store Pickup,1,1,37,Venmo,3,2,3996,7.35,3.33,10,10,3.56,0,0,Low-Engagement Casuals
368,52,Male,Clothing,40,Tennessee,Spring,2.8,1,Store Pickup,1,1,18,Bank Transfer,4,2,2880,3.47,5,10,10,2.82,0,0,Low-Engagement Casuals
369,24,Male,Accessories,39,Oklahoma,Spring,4.5,1,Standard,1,1,29,Cash,4,2,4524,5.71,5,10,10,3.57,0,1,At-Risk High-Value
370,38,Male,Accessories,40,Wisconsin,Summer,3.3,1,Store Pickup,1,1,45,PayPal,6,2,10800,8.98,8.33,10,10,5.77,0,0,At-Risk High-Value
371,59,Male,Accessories,34,Oregon,Winter,3.4,1,Express,1,1,13,PayPal,2,2,884,2.45,1.67,10,10,1.37,0,0,Low-Engagement Casuals
372,27,Male,Footwear,83,North Carolina,Winter,3.2,1,2-Day Shipping,1,1,47,PayPal,4,2,15604,9.39,5,10,10,4.8,0,0,At-Risk High-Value
373,24,Male,Clothing,85,Pennsylvania,Summer,3.7,1,Standard,1,1,7,Debit Card,2,2,1190,1.22,1.67,10,10,0.96,0,0,Low-Engagement Casuals
374,23,Male,Outerwear,27,North Dakota,Summer,4.6,1,Express,1,1,11,Venmo,1,2,297,2.04,0,10,10,0.68,0,1,Low-Engagement Casuals
375,69,Male,Accessories,78,Ohio,Spring,5,1,Store Pickup,1,1,39,Bank Transfer,4,2,12168,7.76,5,10,10,4.25,0,1,At-Risk High-Value
376,59,Male,Accessories,32,Oklahoma,Summer,4.4,1,Standard,1,1,6,Debit Card,6,2,1152,1.02,8.33,10,10,3.12,0,1,Low-Engagement Casuals
377,51,Male,Footwear,51,South Carolina,Fall,4.9,1,Express,1,1,2,Venmo,1,2,102,0.2,0,10,10,0.07,0,1,Low-Engagement Casuals
378,63,Male,Accessories,32,Maine,Spring,4.1,1,Standard,1,1,39,Credit Card,5,2,6240,7.76,6.67,10,10,4.81,0,1,At-Risk High-Value
379,54,Male,Clothing,62,Nevada,Winter,4.9,1,Next Day Air,1,1,23,Credit Card,4,2,5704,4.49,5,10,10,3.16,0,1,At-Risk High-Value
380,32,Male,Clothing,29,Montana,Fall,4.7,1,2-Day Shipping,1,1,46,Debit Card,1,2,1334,9.18,0,10,10,3.06,0,1,Low-Engagement Casuals
381,39,Male,Accessories,69,New Hampshire,Fall,3,1,Store Pickup,1,1,19,Bank Transfer,2,2,2622,3.67,1.67,10,10,1.78,0,0,Low-Engagement Casuals
382,66,Male,Accessories,25,Maine,Winter,3.4,1,Store Pickup,1,1,3,Credit Card,5,2,375,0.41,6.67,10,10,2.36,0,0,Low-Engagement Casuals
383,28,Male,Clothing,76,California,Winter,3.2,1,Store Pickup,1,1,47,PayPal,6,2,21432,9.39,8.33,10,10,5.91,0,0,At-Risk High-Value
384,50,Male,Accessories,77,West Virginia,Fall,3.75,1,Standard,1,1,6,PayPal,6,2,2772,1.02,8.33,10,10,3.12,0,0,Low-Engagement Casuals
385,70,Male,Clothing,33,California,Fall,4.5,1,2-Day Shipping,1,1,6,Venmo,7,2,1386,1.02,10,10,10,3.67,0,1,Low-Engagement Casuals
386,67,Male,Clothing,93,West Virginia,Fall,2.7,1,Next Day Air,1,1,12,Credit Card,1,2,1116,2.24,0,10,10,0.75,0,0,Low-Engagement Casuals
387,64,Male,Accessories,39,Louisiana,Spring,3.4,1,Express,1,1,40,PayPal,6,2,9360,7.96,8.33,10,10,5.43,0,0,At-Risk High-Value
388,45,Male,Outerwear,93,Georgia,Summer,4.6,1,Store Pickup,1,1,38,PayPal,3,2,10602,7.55,3.33,10,10,3.63,0,1,At-Risk High-Value
389,22,Male,Accessories,82,Washington,Summer,2.7,1,Store Pickup,1,1,10,PayPal,6,2,4920,1.84,8.33,10,10,3.39,0,0,At-Risk High-Value
390,27,Male,Footwear,42,Virginia,Spring,4.2,1,Standard,1,1,28,Bank Transfer,4,2,4704,5.51,5,10,10,3.5,0,1,At-Risk High-Value
391,25,Male,Accessories,71,Indiana,Winter,3.2,1,2-Day Shipping,1,1,19,PayPal,7,2,9443,3.67,10,10,10,4.56,0,0,At-Risk High-Value
392,37,Male,Clothing,86,Minnesota,Spring,4.8,1,Standard,1,1,25,Cash,3,2,6450,4.9,3.33,10,10,2.74,0,1,At-Risk High-Value
393,26,Male,Clothing,82,Idaho,Spring,3.3,1,Next Day Air,1,1,38,Credit Card,7,2,21812,7.55,10,10,10,5.85,0,0,At-Risk High-Value
394,33,Male,Footwear,65,Vermont,Fall,4.2,1,Standard,1,1,6,PayPal,3,2,1170,1.02,3.33,10,10,1.45,0,1,Low-Engagement Casuals
395,43,Male,Accessories,29,North Dakota,Spring,4.8,1,Store Pickup,1,1,7,Debit Card,1,2,203,1.22,0,10,10,0.41,0,1,Low-Engagement Casuals
396,37,Male,Footwear,65,Rhode Island,Winter,4.9,1,Store Pickup,1,1,2,PayPal,7,2,910,0.2,10,10,10,3.4,0,1,Low-Engagement Casuals
397,46,Male,Clothing,88,South Carolina,Fall,3.9,1,Standard,1,1,24,Bank Transfer,7,2,14784,4.69,10,10,10,4.9,0,1,At-Risk High-Value
398,22,Male,Accessories,46,Mississippi,Fall,3,1,Free Shipping,1,1,26,Cash,7,2,8372,5.1,10,10,10,5.03,0,0,At-Risk High-Value
399,20,Male,Footwear,67,Montana,Winter,4.6,1,Free Shipping,1,1,25,Debit Card,5,2,8375,4.9,6.67,10,10,3.86,0,1,At-Risk High-Value
400,60,Male,Accessories,35,Idaho,Fall,3.5,1,2-Day Shipping,1,1,10,Debit Card,4,2,1400,1.84,5,10,10,2.28,0,0,Low-Engagement Casuals
401,39,Male,Footwear,66,Utah,Winter,4.8,1,Free Shipping,1,1,14,PayPal,3,2,2772,2.65,3.33,10,10,1.99,0,1,Low-Engagement Casuals
402,43,Male,Clothing,91,Oklahoma,Fall,4.8,1,Standard,1,1,21,Cash,6,2,11466,4.08,8.33,10,10,4.14,0,1,At-Risk High-Value
403,31,Male,Accessories,78,California,Fall,3,1,Express,1,1,26,PayPal,4,2,8112,5.1,5,10,10,3.37,0,0,At-Risk High-Value
404,19,Male,Footwear,45,Nevada,Winter,4.5,1,Next Day Air,1,1,12,Bank Transfer,7,2,3780,2.24,10,10,10,4.08,0,1,Low-Engagement Casuals
405,35,Male,Clothing,93,Delaware,Spring,4.8,1,Store Pickup,1,1,11,Credit Card,4,2,4092,2.04,5,10,10,2.35,0,1,Low-Engagement Casuals
406,41,Male,Clothing,74,South Carolina,Summer,3.8,1,Standard,1,1,15,Cash,7,2,7770,2.86,10,10,10,4.29,0,1,At-Risk High-Value
407,52,Male,Accessories,55,Maryland,Spring,4.6,1,Express,1,1,13,Cash,4,2,2860,2.45,5,10,10,2.48,0,1,Low-Engagement Casuals
408,45,Male,Clothing,76,North Carolina,Spring,3.1,1,Next Day Air,1,1,5,Credit Card,1,2,380,0.82,0,10,10,0.27,0,0,Low-Engagement Casuals
409,34,Male,Footwear,66,Alabama,Spring,3.4,1,Express,1,1,36,Cash,3,2,7128,7.14,3.33,10,10,3.49,0,0,At-Risk High-Value
410,35,Male,Clothing,51,Minnesota,Winter,3.3,1,2-Day Shipping,1,1,32,Bank Transfer,4,2,6528,6.33,5,10,10,3.78,0,0,At-Risk High-Value
411,29,Male,Clothing,26,Virginia,Spring,4.8,1,2-Day Shipping,1,1,1,Credit Card,6,2,156,0,8.33,10,10,2.78,0,1,Low-Engagement Casuals
412,59,Male,Clothing,29,Michigan,Summer,2.8,1,Express,1,1,15,PayPal,7,2,3045,2.86,10,10,10,4.29,0,0,Low-Engagement Casuals
413,24,Male,Outerwear,74,Maine,Summer,3.1,1,Store Pickup,1,1,3,Bank Transfer,2,2,444,0.41,1.67,10,10,0.69,0,0,Low-Engagement Casuals
414,70,Male,Accessories,99,Nevada,Summer,4.6,1,Free Shipping,1,1,48,Cash,4,2,19008,9.59,5,10,10,4.86,0,1,At-Risk High-Value
415,29,Male,Accessories,88,Wyoming,Winter,2.6,1,Store Pickup,1,1,30,Debit Card,2,2,5280,5.92,1.67,10,10,2.53,0,0,At-Risk High-Value
416,67,Male,Outerwear,31,Connecticut,Winter,2.6,1,Express,1,1,40,Bank Transfer,4,2,4960,7.96,5,10,10,4.32,0,0,At-Risk High-Value
417,36,Male,Accessories,55,Oregon,Spring,3.8,1,Free Shipping,1,1,24,Bank Transfer,3,2,3960,4.69,3.33,10,10,2.67,0,1,Low-Engagement Casuals
418,23,Male,Footwear,81,Mississippi,Fall,4.5,1,Free Shipping,1,1,48,Debit Card,6,2,23328,9.59,8.33,10,10,5.97,0,1,At-Risk High-Value
419,18,Male,Clothing,73,Illinois,Spring,3,1,Standard,1,1,27,Venmo,1,2,1971,5.31,0,10,10,1.77,0,0,Low-Engagement Casuals
420,53,Male,Clothing,91,Utah,Winter,3.75,1,Free Shipping,1,1,14,Credit Card,5,2,6370,2.65,6.67,10,10,3.11,0,0,At-Risk High-Value
421,32,Male,Clothing,54,North Carolina,Spring,3.8,1,Free Shipping,1,1,18,Debit Card,1,2,972,3.47,0,10,10,1.16,0,1,Low-Engagement Casuals
422,38,Male,Clothing,40,Kentucky,Winter,3.5,1,Standard,1,1,48,Cash,1,2,1920,9.59,0,10,10,3.2,0,0,Low-Engagement Casuals
423,47,Male,Clothing,59,Minnesota,Fall,3.1,1,Store Pickup,1,1,32,Debit Card,7,2,13216,6.33,10,10,10,5.44,0,0,At-Risk High-Value
424,46,Male,Accessories,26,New York,Spring,3,1,Store Pickup,1,1,21,Credit Card,1,2,546,4.08,0,10,10,1.36,0,0,Low-Engagement Casuals
425,66,Male,Clothing,23,Illinois,Winter,4.3,1,Standard,1,1,42,PayPal,3,2,2898,8.37,3.33,10,10,3.9,0,1,Low-Engagement Casuals
426,40,Male,Clothing,87,North Dakota,Winter,3.3,1,Store Pickup,1,1,4,Credit Card,6,2,2088,0.61,8.33,10,10,2.98,0,0,Low-Engagement Casuals
427,43,Male,Clothing,71,Louisiana,Winter,4.7,1,Express,1,1,19,Credit Card,6,2,8094,3.67,8.33,10,10,4,0,1,At-Risk High-Value
428,58,Male,Accessories,91,Illinois,Winter,4.5,1,Store Pickup,1,1,6,Credit Card,6,2,3276,1.02,8.33,10,10,3.12,0,1,Low-Engagement Casuals
429,21,Male,Outerwear,64,Wyoming,Winter,2.9,1,Free Shipping,1,1,2,Debit Card,3,2,384,0.2,3.33,10,10,1.18,0,0,Low-Engagement Casuals
430,42,Male,Footwear,94,Washington,Winter,4.1,1,2-Day Shipping,1,1,21,Cash,3,2,5922,4.08,3.33,10,10,2.47,0,1,At-Risk High-Value
431,24,Male,Clothing,40,Texas,Summer,3.5,1,Store Pickup,1,1,40,Debit Card,7,2,11200,7.96,10,10,10,5.99,0,0,At-Risk High-Value
432,43,Male,Accessories,76,New Hampshire,Winter,3.4,1,Store Pickup,1,1,33,Cash,3,2,7524,6.53,3.33,10,10,3.29,0,0,At-Risk High-Value
433,47,Male,Clothing,86,Indiana,Fall,3.3,1,Free Shipping,1,1,26,Venmo,2,2,4472,5.1,1.67,10,10,2.26,0,0,At-Risk High-Value
434,49,Male,Clothing,92,Alabama,Fall,3.2,1,Store Pickup,1,1,23,Credit Card,3,2,6348,4.49,3.33,10,10,2.61,0,0,At-Risk High-Value
435,50,Male,Footwear,52,Oklahoma,Spring,4,1,Store Pickup,1,1,39,PayPal,5,2,10140,7.76,6.67,10,10,4.81,0,1,At-Risk High-Value
436,51,Male,Outerwear,28,Montana,Winter,3.6,1,Next Day Air,1,1,42,Bank Transfer,4,2,4704,8.37,5,10,10,4.46,0,0,At-Risk High-Value
437,40,Male,Clothing,46,Tennessee,Summer,4.6,1,Free Shipping,1,1,41,Bank Transfer,2,2,3772,8.16,1.67,10,10,3.28,0,1,Low-Engagement Casuals
438,45,Male,Accessories,50,New Mexico,Summer,2.6,1,Next Day Air,1,1,41,PayPal,7,2,14350,8.16,10,10,10,6.05,0,0,At-Risk High-Value
439,52,Male,Accessories,23,Iowa,Winter,4.3,1,Express,1,1,12,Credit Card,3,2,828,2.24,3.33,10,10,1.86,0,1,Low-Engagement Casuals
440,62,Male,Outerwear,50,Idaho,Summer,3.4,1,Free Shipping,1,1,31,Cash,4,2,6200,6.12,5,10,10,3.71,0,0,At-Risk High-Value
441,20,Male,Clothing,89,Oklahoma,Winter,3.5,1,Store Pickup,1,1,34,Debit Card,3,2,9078,6.73,3.33,10,10,3.35,0,0,At-Risk High-Value
442,43,Male,Clothing,81,Florida,Winter,4.2,1,Standard,1,1,32,Credit Card,7,2,18144,6.33,10,10,10,5.44,0,1,At-Risk High-Value
443,29,Male,Accessories,69,Michigan,Fall,3.75,1,Store Pickup,1,1,31,Credit Card,6,2,12834,6.12,8.33,10,10,4.82,0,0,At-Risk High-Value
444,22,Male,Accessories,67,Hawaii,Summer,3.6,1,Free Shipping,1,1,24,PayPal,7,2,11256,4.69,10,10,10,4.9,0,0,At-Risk High-Value
445,48,Male,Clothing,20,California,Summer,4.3,1,Store Pickup,1,1,31,Debit Card,7,2,4340,6.12,10,10,10,5.37,0,1,At-Risk High-Value
446,42,Male,Footwear,29,Iowa,Fall,4.9,1,Standard,1,1,18,Venmo,7,2,3654,3.47,10,10,10,4.49,0,1,Low-Engagement Casuals
447,19,Male,Clothing,74,West Virginia,Summer,4.1,1,Store Pickup,1,1,15,Venmo,4,2,4440,2.86,5,10,10,2.62,0,1,At-Risk High-Value
448,60,Male,Clothing,82,Washington,Spring,3.6,1,Standard,1,1,7,Bank Transfer,5,2,2870,1.22,6.67,10,10,2.63,0,0,Low-Engagement Casuals
449,32,Male,Accessories,23,Missouri,Summer,3.4,1,Next Day Air,1,1,35,Bank Transfer,3,2,2415,6.94,3.33,10,10,3.42,0,0,Low-Engagement Casuals
450,26,Male,Accessories,45,New York,Summer,2.9,1,2-Day Shipping,1,1,35,Bank Transfer,4,2,6300,6.94,5,10,10,3.98,0,0,At-Risk High-Value
451,25,Male,Footwear,21,Connecticut,Summer,2.7,1,Store Pickup,1,1,19,Credit Card,4,2,1596,3.67,5,10,10,2.89,0,0,Low-Engagement Casuals
452,66,Male,Accessories,31,Virginia,Summer,4.3,1,Express,1,1,26,Credit Card,3,2,2418,5.1,3.33,10,10,2.81,0,1,Low-Engagement Casuals
453,45,Male,Clothing,45,Missouri,Summer,3.75,1,Express,1,1,39,PayPal,3,2,5265,7.76,3.33,10,10,3.7,0,0,At-Risk High-Value
454,54,Male,Accessories,56,Nebraska,Winter,2.8,1,Next Day Air,1,1,22,Credit Card,2,2,2464,4.29,1.67,10,10,1.99,0,0,Low-Engagement Casuals
455,37,Male,Outerwear,97,New Jersey,Summer,3.2,1,Next Day Air,1,1,14,Cash,1,2,1358,2.65,0,10,10,0.88,0,0,Low-Engagement Casuals
456,54,Male,Clothing,100,Utah,Fall,3.6,1,Store Pickup,1,1,50,Debit Card,3,2,15000,10,3.33,10,10,4.44,0,0,At-Risk High-Value
457,50,Male,Clothing,96,North Carolina,Fall,4,1,2-Day Shipping,1,1,33,Credit Card,6,2,19008,6.53,8.33,10,10,4.95,0,1,At-Risk High-Value
458,25,Male,Accessories,99,Rhode Island,Spring,4.9,1,Next Day Air,1,1,48,Debit Card,5,2,23760,9.59,6.67,10,10,5.42,0,1,At-Risk High-Value
459,47,Male,Clothing,91,Arkansas,Winter,4,1,2-Day Shipping,1,1,48,PayPal,4,2,17472,9.59,5,10,10,4.86,0,1,At-Risk High-Value
460,63,Male,Accessories,30,Maryland,Winter,3.8,1,Standard,1,1,27,PayPal,3,2,2430,5.31,3.33,10,10,2.88,0,1,Low-Engagement Casuals
461,64,Male,Footwear,65,South Carolina,Summer,3.75,1,Store Pickup,1,1,27,Bank Transfer,2,2,3510,5.31,1.67,10,10,2.33,0,0,Low-Engagement Casuals
462,18,Male,Footwear,93,Ohio,Winter,3.9,1,Express,1,1,20,Venmo,2,2,3720,3.88,1.67,10,10,1.85,0,1,Low-Engagement Casuals
463,59,Male,Outerwear,81,Illinois,Fall,3.3,1,Express,1,1,48,Venmo,5,2,19440,9.59,6.67,10,10,5.42,0,0,At-Risk High-Value
464,37,Male,Accessories,81,Georgia,Summer,2.7,1,Standard,1,1,29,Venmo,2,2,4698,5.71,1.67,10,10,2.46,0,0,At-Risk High-Value
465,23,Male,Accessories,52,Alabama,Winter,4.7,1,Next Day Air,1,1,45,PayPal,4,2,9360,8.98,5,10,10,4.66,0,1,At-Risk High-Value
466,54,Male,Clothing,88,Oklahoma,Summer,2.8,1,Next Day Air,1,1,25,Cash,6,2,13200,4.9,8.33,10,10,4.41,0,0,At-Risk High-Value
467,38,Male,Clothing,24,Vermont,Winter,4.6,1,Free Shipping,1,1,25,PayPal,2,2,1200,4.9,1.67,10,10,2.19,0,1,Low-Engagement Casuals
468,19,Male,Accessories,51,Nebraska,Spring,4.5,1,2-Day Shipping,1,1,37,Debit Card,5,2,9435,7.35,6.67,10,10,4.67,0,1,At-Risk High-Value
469,34,Male,Accessories,38,Georgia,Fall,5,1,Free Shipping,1,1,16,Cash,6,2,3648,3.06,8.33,10,10,3.8,0,1,Low-Engagement Casuals
470,21,Male,Clothing,46,Alabama,Fall,4.1,1,2-Day Shipping,1,1,30,Debit Card,1,2,1380,5.92,0,10,10,1.97,0,1,Low-Engagement Casuals
471,50,Male,Clothing,63,Minnesota,Summer,4.6,1,Express,1,1,6,Cash,5,2,1890,1.02,6.67,10,10,2.56,0,1,Low-Engagement Casuals
472,55,Male,Accessories,72,Missouri,Winter,4.9,1,2-Day Shipping,1,1,36,Bank Transfer,6,2,15552,7.14,8.33,10,10,5.16,0,1,At-Risk High-Value
473,20,Male,Clothing,39,Georgia,Winter,3.9,1,Free Shipping,1,1,3,Bank Transfer,6,2,702,0.41,8.33,10,10,2.91,0,1,Low-Engagement Casuals
474,34,Male,Outerwear,42,West Virginia,Spring,3.9,1,Store Pickup,1,1,29,PayPal,5,2,6090,5.71,6.67,10,10,4.13,0,1,At-Risk High-Value
475,62,Male,Clothing,76,Arkansas,Summer,2.6,1,2-Day Shipping,1,1,15,Cash,6,2,6840,2.86,8.33,10,10,3.73,0,0,At-Risk High-Value
476,21,Male,Footwear,66,Ohio,Summer,2.7,1,Free Shipping,1,1,18,Debit Card,7,2,8316,3.47,10,10,10,4.49,0,0,At-Risk High-Value
477,21,Male,Accessories,90,Connecticut,Spring,3.5,1,Free Shipping,1,1,2,Debit Card,3,2,540,0.2,3.33,10,10,1.18,0,0,Low-Engagement Casuals
478,42,Male,Clothing,56,North Dakota,Summer,3.7,1,Free Shipping,1,1,49,Debit Card,2,2,5488,9.8,1.67,10,10,3.82,0,0,At-Risk High-Value
479,35,Male,Accessories,43,Kansas,Winter,3.2,1,Free Shipping,1,1,48,Venmo,7,2,14448,9.59,10,10,10,6.53,0,0,At-Risk High-Value
480,39,Male,Accessories,84,Iowa,Winter,3.3,1,Store Pickup,1,1,43,Venmo,4,2,14448,8.57,5,10,10,4.52,0,0,At-Risk High-Value
481,68,Male,Clothing,88,Vermont,Summer,4.8,1,Standard,1,1,30,Debit Card,1,2,2640,5.92,0,10,10,1.97,0,1,Low-Engagement Casuals
482,46,Male,Accessories,88,Wisconsin,Fall,3.2,1,2-Day Shipping,1,1,10,PayPal,3,2,2640,1.84,3.33,10,10,1.72,0,0,Low-Engagement Casuals
483,41,Male,Accessories,42,Connecticut,Winter,2.5,1,2-Day Shipping,1,1,11,Venmo,7,2,3234,2.04,10,10,10,4.01,0,0,Low-Engagement Casuals
484,23,Male,Clothing,73,Oklahoma,Fall,3.9,1,Store Pickup,1,1,12,Debit Card,2,2,1752,2.24,1.67,10,10,1.3,0,1,Low-Engagement Casuals
485,68,Male,Accessories,73,Missouri,Summer,4.7,1,Free Shipping,1,1,28,Bank Transfer,6,2,12264,5.51,8.33,10,10,4.61,0,1,At-Risk High-Value
486,48,Male,Footwear,44,Tennessee,Spring,2.6,1,Next Day Air,1,1,36,Debit Card,3,2,4752,7.14,3.33,10,10,3.49,0,0,At-Risk High-Value
487,38,Male,Footwear,63,New Mexico,Fall,2.8,1,Store Pickup,1,1,37,Venmo,5,2,11655,7.35,6.67,10,10,4.67,0,0,At-Risk High-Value
488,41,Male,Outerwear,68,Iowa,Winter,4.4,1,Store Pickup,1,1,22,Credit Card,6,2,8976,4.29,8.33,10,10,4.21,0,1,At-Risk High-Value
489,58,Male,Clothing,29,Maine,Spring,4.6,1,Standard,1,1,32,Venmo,2,2,1856,6.33,1.67,10,10,2.67,0,1,Low-Engagement Casuals
490,49,Male,Clothing,85,South Dakota,Summer,3.2,1,Standard,1,1,40,PayPal,7,2,23800,7.96,10,10,10,5.99,0,0,At-Risk High-Value
491,57,Male,Footwear,42,Colorado,Winter,4.2,1,2-Day Shipping,1,1,47,Cash,4,2,7896,9.39,5,10,10,4.8,0,1,At-Risk High-Value
492,49,Male,Outerwear,69,Vermont,Summer,3.75,1,2-Day Shipping,1,1,24,Credit Card,1,2,1656,4.69,0,10,10,1.56,0,0,Low-Engagement Casuals
493,50,Male,Clothing,62,Michigan,Fall,3.9,1,Standard,1,1,11,Debit Card,2,2,1364,2.04,1.67,10,10,1.24,0,1,Low-Engagement Casuals
494,28,Male,Accessories,48,Nevada,Summer,4.7,1,Store Pickup,1,1,19,Cash,1,2,912,3.67,0,10,10,1.22,0,1,Low-Engagement Casuals
495,38,Male,Footwear,68,Indiana,Winter,4.5,1,Express,1,1,42,Debit Card,2,2,5712,8.37,1.67,10,10,3.35,0,1,At-Risk High-Value
496,33,Male,Accessories,36,Michigan,Fall,3.3,1,Free Shipping,1,1,6,Debit Card,3,2,648,1.02,3.33,10,10,1.45,0,0,Low-Engagement Casuals
497,30,Male,Clothing,63,California,Fall,3.3,1,Express,1,1,31,Venmo,3,2,5859,6.12,3.33,10,10,3.15,0,0,At-Risk High-Value
498,43,Male,Footwear,39,Oklahoma,Winter,4.6,1,Free Shipping,1,1,31,Cash,2,2,2418,6.12,1.67,10,10,2.6,0,1,Low-Engagement Casuals
499,43,Male,Footwear,78,Iowa,Spring,3.6,1,Free Shipping,1,1,27,Bank Transfer,4,2,8424,5.31,5,10,10,3.44,0,0,At-Risk High-Value
500,36,Male,Footwear,99,Rhode Island,Winter,4.8,1,Express,1,1,24,PayPal,4,2,9504,4.69,5,10,10,3.23,0,1,At-Risk High-Value
501,36,Male,Clothing,31,Washington,Fall,4.8,1,Next Day Air,1,1,35,Venmo,5,2,5425,6.94,6.67,10,10,4.54,0,1,At-Risk High-Value
502,64,Male,Footwear,45,Florida,Spring,2.9,1,Next Day Air,1,1,21,Venmo,7,2,6615,4.08,10,10,10,4.69,0,0,At-Risk High-Value
503,59,Male,Clothing,30,South Carolina,Fall,2.8,1,Express,1,1,8,PayPal,3,2,720,1.43,3.33,10,10,1.59,0,0,Low-Engagement Casuals
504,55,Male,Footwear,24,West Virginia,Summer,3.2,1,Next Day Air,1,1,26,Bank Transfer,6,2,3744,5.1,8.33,10,10,4.48,0,0,Low-Engagement Casuals
505,42,Male,Footwear,22,Missouri,Winter,3.9,1,Free Shipping,1,1,26,PayPal,7,2,4004,5.1,10,10,10,5.03,0,1,Low-Engagement Casuals
506,61,Male,Clothing,63,Maine,Spring,4.3,1,Express,1,1,9,Cash,1,2,567,1.63,0,10,10,0.54,0,1,Low-Engagement Casuals
507,28,Male,Accessories,40,Georgia,Fall,2.7,1,2-Day Shipping,1,1,48,Debit Card,7,2,13440,9.59,10,10,10,6.53,0,0,At-Risk High-Value
508,65,Male,Clothing,20,Maine,Spring,5,1,Store Pickup,1,1,33,Debit Card,3,2,1980,6.53,3.33,10,10,3.29,0,1,Low-Engagement Casuals
509,27,Male,Accessories,20,Illinois,Winter,3.7,1,Store Pickup,1,1,31,PayPal,6,2,3720,6.12,8.33,10,10,4.82,0,0,Low-Engagement Casuals
510,41,Male,Clothing,80,Delaware,Summer,3.9,1,Free Shipping,1,1,17,Debit Card,2,2,2720,3.27,1.67,10,10,1.65,0,1,Low-Engagement Casuals
511,21,Male,Clothing,87,West Virginia,Fall,3.9,1,2-Day Shipping,1,1,22,Venmo,7,2,13398,4.29,10,10,10,4.76,0,1,At-Risk High-Value
512,61,Male,Clothing,46,Hawaii,Fall,3.1,1,Free Shipping,1,1,8,PayPal,7,2,2576,1.43,10,10,10,3.81,0,0,Low-Engagement Casuals
513,19,Male,Accessories,49,New York,Winter,3.75,1,Next Day Air,1,1,2,Bank Transfer,4,2,392,0.2,5,10,10,1.73,0,0,Low-Engagement Casuals
514,22,Male,Accessories,65,New Mexico,Fall,3.6,1,Store Pickup,1,1,45,Venmo,7,2,20475,8.98,10,10,10,6.33,0,0,At-Risk High-Value
515,64,Male,Clothing,62,Indiana,Winter,4.3,1,Standard,1,1,47,PayPal,6,2,17484,9.39,8.33,10,10,5.91,0,1,At-Risk High-Value
516,28,Male,Accessories,67,Kentucky,Spring,4.5,1,Next Day Air,1,1,7,Cash,4,2,1876,1.22,5,10,10,2.07,0,1,Low-Engagement Casuals
517,34,Male,Clothing,41,West Virginia,Fall,2.8,1,2-Day Shipping,1,1,19,Debit Card,1,2,779,3.67,0,10,10,1.22,0,0,Low-Engagement Casuals
518,61,Male,Footwear,49,North Dakota,Fall,2.7,1,Free Shipping,1,1,44,Cash,5,2,10780,8.78,6.67,10,10,5.15,0,0,At-Risk High-Value
519,24,Male,Clothing,100,Oregon,Fall,2.9,1,Next Day Air,1,1,16,Venmo,5,2,8000,3.06,6.67,10,10,3.24,0,0,At-Risk High-Value
520,19,Male,Accessories,54,Minnesota,Summer,4.4,1,2-Day Shipping,1,1,17,Bank Transfer,6,2,5508,3.27,8.33,10,10,3.87,0,1,At-Risk High-Value
521,51,Male,Accessories,84,South Carolina,Spring,3.9,1,Free Shipping,1,1,20,Debit Card,6,2,10080,3.88,8.33,10,10,4.07,0,1,At-Risk High-Value
522,36,Male,Clothing,41,Vermont,Winter,3.5,1,Standard,1,1,50,Bank Transfer,7,2,14350,10,10,10,10,6.67,0,0,At-Risk High-Value
523,65,Male,Accessories,88,Minnesota,Spring,2.5,1,Store Pickup,1,1,37,Cash,6,2,19536,7.35,8.33,10,10,5.23,0,0,At-Risk High-Value
524,46,Male,Footwear,40,Delaware,Spring,4.9,1,Express,1,1,5,PayPal,6,2,1200,0.82,8.33,10,10,3.05,0,1,Low-Engagement Casuals
525,59,Male,Clothing,39,Pennsylvania,Summer,4.8,1,Free Shipping,1,1,44,PayPal,7,2,12012,8.78,10,10,10,6.26,0,1,At-Risk High-Value
526,51,Male,Outerwear,37,Iowa,Spring,3.2,1,Next Day Air,1,1,41,Debit Card,4,2,6068,8.16,5,10,10,4.39,0,0,At-Risk High-Value
527,51,Male,Clothing,52,New Jersey,Winter,4.9,1,Standard,1,1,19,Cash,4,2,3952,3.67,5,10,10,2.89,0,1,Low-Engagement Casuals
528,21,Male,Clothing,23,South Carolina,Winter,4.3,1,Next Day Air,1,1,47,Bank Transfer,5,2,5405,9.39,6.67,10,10,5.35,0,1,At-Risk High-Value
529,34,Male,Footwear,88,Maryland,Winter,3.2,1,Express,1,1,40,Cash,7,2,24640,7.96,10,10,10,5.99,0,0,At-Risk High-Value
530,32,Male,Clothing,84,California,Fall,3.7,1,Standard,1,1,6,Credit Card,4,2,2016,1.02,5,10,10,2.01,0,0,Low-Engagement Casuals
531,48,Male,Outerwear,37,Montana,Winter,3.2,1,Store Pickup,1,1,25,Credit Card,1,2,925,4.9,0,10,10,1.63,0,0,Low-Engagement Casuals
532,50,Male,Footwear,51,Vermont,Fall,3.4,1,Next Day Air,1,1,42,Cash,2,2,4284,8.37,1.67,10,10,3.35,0,0,At-Risk High-Value
533,26,Male,Clothing,76,Texas,Winter,4.1,1,Express,1,1,35,Bank Transfer,5,2,13300,6.94,6.67,10,10,4.54,0,1,At-Risk High-Value
534,57,Male,Footwear,60,North Carolina,Spring,4.5,1,Next Day Air,1,1,17,Debit Card,2,2,2040,3.27,1.67,10,10,1.65,0,1,Low-Engagement Casuals
535,65,Male,Accessories,72,Florida,Fall,4.5,1,Next Day Air,1,1,4,PayPal,6,2,1728,0.61,8.33,10,10,2.98,0,1,Low-Engagement Casuals
536,56,Male,Clothing,45,West Virginia,Spring,3.2,1,Free Shipping,1,1,24,Bank Transfer,2,2,2160,4.69,1.67,10,10,2.12,0,0,Low-Engagement Casuals
537,44,Male,Outerwear,84,Illinois,Fall,4.4,1,Store Pickup,1,1,16,Debit Card,5,2,6720,3.06,6.67,10,10,3.24,0,1,At-Risk High-Value
538,50,Male,Clothing,49,Virginia,Summer,3,1,Store Pickup,1,1,14,Debit Card,7,2,4802,2.65,10,10,10,4.22,0,0,At-Risk High-Value
539,27,Male,Clothing,22,Virginia,Spring,3.2,1,Free Shipping,1,1,43,Cash,2,2,1892,8.57,1.67,10,10,3.41,0,0,Low-Engagement Casuals
540,49,Male,Outerwear,48,Wyoming,Winter,4,1,Store Pickup,1,1,49,Debit Card,2,2,4704,9.8,1.67,10,10,3.82,0,1,At-Risk High-Value
541,49,Male,Clothing,37,South Carolina,Spring,3.1,1,Next Day Air,1,1,33,Cash,5,2,6105,6.53,6.67,10,10,4.4,0,0,At-Risk High-Value
542,52,Male,Outerwear,27,Connecticut,Fall,2.8,1,Next Day Air,1,1,45,Cash,1,2,1215,8.98,0,10,10,2.99,0,0,Low-Engagement Casuals
543,27,Male,Footwear,79,Illinois,Spring,4.6,1,Next Day Air,1,1,35,Cash,1,2,2765,6.94,0,10,10,2.31,0,1,Low-Engagement Casuals
544,53,Male,Clothing,98,Alabama,Spring,4.3,1,Express,1,1,11,Credit Card,4,2,4312,2.04,5,10,10,2.35,0,1,At-Risk High-Value
545,34,Male,Footwear,64,Washington,Summer,3.3,1,Standard,1,1,30,Bank Transfer,5,2,9600,5.92,6.67,10,10,4.2,0,0,At-Risk High-Value
546,33,Male,Outerwear,32,Alabama,Summer,3.5,1,2-Day Shipping,1,1,48,Debit Card,7,2,10752,9.59,10,10,10,6.53,0,0,At-Risk High-Value
547,62,Male,Clothing,74,New Mexico,Winter,3.4,1,Free Shipping,1,1,45,Venmo,1,2,3330,8.98,0,10,10,2.99,0,0,Low-Engagement Casuals
548,38,Male,Outerwear,50,Nevada,Winter,2.8,1,Free Shipping,1,1,26,Venmo,2,2,2600,5.1,1.67,10,10,2.26,0,0,Low-Engagement Casuals
549,36,Male,Accessories,64,Nebraska,Winter,4.6,1,Store Pickup,1,1,41,Debit Card,5,2,13120,8.16,6.67,10,10,4.94,0,1,At-Risk High-Value
550,31,Male,Accessories,29,Arizona,Fall,3.6,1,Express,1,1,37,Venmo,1,2,1073,7.35,0,10,10,2.45,0,0,Low-Engagement Casuals
551,62,Male,Accessories,62,Georgia,Summer,3.3,1,Store Pickup,1,1,12,PayPal,2,2,1488,2.24,1.67,10,10,1.3,0,0,Low-Engagement Casuals
552,29,Male,Outerwear,78,Idaho,Fall,3.1,1,2-Day Shipping,1,1,27,Cash,1,2,2106,5.31,0,10,10,1.77,0,0,Low-Engagement Casuals
553,24,Male,Clothing,94,Missouri,Fall,3.5,1,Express,1,1,18,Bank Transfer,2,2,3384,3.47,1.67,10,10,1.71,0,0,Low-Engagement Casuals
554,63,Male,Accessories,59,Florida,Winter,3.2,1,Express,1,1,15,Credit Card,6,2,5310,2.86,8.33,10,10,3.73,0,0,At-Risk High-Value
555,56,Male,Footwear,47,Minnesota,Summer,3,1,Express,1,1,34,Bank Transfer,2,2,3196,6.73,1.67,10,10,2.8,0,0,Low-Engagement Casuals
556,63,Male,Accessories,57,Maine,Fall,4.8,1,Express,1,1,37,Venmo,7,2,14763,7.35,10,10,10,5.78,0,1,At-Risk High-Value
557,40,Male,Outerwear,90,Montana,Winter,5,1,Store Pickup,1,1,21,Cash,3,2,5670,4.08,3.33,10,10,2.47,0,1,At-Risk High-Value
558,18,Male,Clothing,60,Alaska,Spring,2.9,1,Free Shipping,1,1,31,Debit Card,2,2,3720,6.12,1.67,10,10,2.6,0,0,Low-Engagement Casuals
559,50,Male,Footwear,77,Iowa,Fall,3.2,1,Express,1,1,43,Debit Card,5,2,16555,8.57,6.67,10,10,5.08,0,0,At-Risk High-Value
560,66,Male,Accessories,41,Arizona,Fall,2.9,1,Store Pickup,1,1,22,Bank Transfer,4,2,3608,4.29,5,10,10,3.1,0,0,Low-Engagement Casuals
561,25,Male,Accessories,48,Louisiana,Fall,3.75,1,Free Shipping,1,1,12,Debit Card,7,2,4032,2.24,10,10,10,4.08,0,0,Low-Engagement Casuals
562,65,Male,Outerwear,65,Alabama,Fall,2.6,1,Next Day Air,1,1,25,PayPal,3,2,4875,4.9,3.33,10,10,2.74,0,0,At-Risk High-Value
563,53,Male,Clothing,62,Missouri,Summer,3.5,1,Standard,1,1,40,Debit Card,7,2,17360,7.96,10,10,10,5.99,0,0,At-Risk High-Value
564,61,Male,Footwear,99,Idaho,Fall,4.4,1,Standard,1,1,16,Debit Card,6,2,9504,3.06,8.33,10,10,3.8,0,1,At-Risk High-Value
565,67,Male,Clothing,58,Florida,Winter,3.4,1,Next Day Air,1,1,30,Bank Transfer,2,2,3480,5.92,1.67,10,10,2.53,0,0,Low-Engagement Casuals
566,59,Male,Accessories,43,Idaho,Fall,4.2,1,Store Pickup,1,1,10,Venmo,2,2,860,1.84,1.67,10,10,1.17,0,1,Low-Engagement Casuals
567,55,Male,Footwear,93,Alabama,Spring,3.6,1,Store Pickup,1,1,1,Debit Card,3,2,279,0,3.33,10,10,1.11,0,0,Low-Engagement Casuals
568,21,Male,Clothing,50,New Hampshire,Winter,3,1,Next Day Air,1,1,24,Venmo,3,2,3600,4.69,3.33,10,10,2.67,0,0,Low-Engagement Casuals
569,44,Male,Clothing,88,Utah,Summer,4,1,Free Shipping,1,1,36,PayPal,4,2,12672,7.14,5,10,10,4.05,0,1,At-Risk High-Value
570,65,Male,Clothing,33,Alabama,Fall,4.4,1,Express,1,1,46,Credit Card,5,2,7590,9.18,6.67,10,10,5.28,0,1,At-Risk High-Value
571,65,Male,Clothing,99,Iowa,Fall,4.1,1,Standard,1,1,20,Cash,7,2,13860,3.88,10,10,10,4.63,0,1,At-Risk High-Value
572,54,Male,Outerwear,76,Kentucky,Spring,3.6,1,Free Shipping,1,1,37,Venmo,2,2,5624,7.35,1.67,10,10,3.01,0,0,At-Risk High-Value
573,56,Male,Accessories,97,South Carolina,Summer,4.6,1,Next Day Air,1,1,26,Bank Transfer,7,2,17654,5.1,10,10,10,5.03,0,1,At-Risk High-Value
574,58,Male,Clothing,68,California,Summer,3.2,1,2-Day Shipping,1,1,23,Credit Card,1,2,1564,4.49,0,10,10,1.5,0,0,Low-Engagement Casuals
575,54,Male,Footwear,79,Maine,Fall,4.8,1,Free Shipping,1,1,20,Bank Transfer,1,2,1580,3.88,0,10,10,1.29,0,1,Low-Engagement Casuals
576,58,Male,Clothing,86,Nebraska,Fall,4.8,1,Express,1,1,38,PayPal,4,2,13072,7.55,5,10,10,4.18,0,1,At-Risk High-Value
577,48,Male,Accessories,68,Washington,Winter,5,1,2-Day Shipping,1,1,5,Credit Card,5,2,1700,0.82,6.67,10,10,2.5,0,1,Low-Engagement Casuals
578,19,Male,Clothing,52,Alabama,Fall,3.7,1,Store Pickup,1,1,41,Venmo,7,2,14924,8.16,10,10,10,6.05,0,0,At-Risk High-Value
579,69,Male,Footwear,90,Maine,Fall,4.6,1,Next Day Air,1,1,22,Credit Card,3,2,5940,4.29,3.33,10,10,2.54,0,1,At-Risk High-Value
580,58,Male,Footwear,41,California,Winter,3.7,1,Free Shipping,1,1,48,Credit Card,7,2,13776,9.59,10,10,10,6.53,0,0,At-Risk High-Value
581,49,Male,Clothing,80,Iowa,Spring,4.1,1,Free Shipping,1,1,10,PayPal,2,2,1600,1.84,1.67,10,10,1.17,0,1,Low-Engagement Casuals
582,32,Male,Clothing,100,Iowa,Winter,2.7,1,Store Pickup,1,1,12,Bank Transfer,5,2,6000,2.24,6.67,10,10,2.97,0,0,At-Risk High-Value
583,40,Male,Outerwear,77,Colorado,Spring,4.9,1,Store Pickup,1,1,2,Bank Transfer,6,2,924,0.2,8.33,10,10,2.84,0,1,Low-Engagement Casuals
584,25,Male,Clothing,78,California,Spring,4,1,Store Pickup,1,1,38,PayPal,4,2,11856,7.55,5,10,10,4.18,0,1,At-Risk High-Value
585,70,Male,Clothing,94,Indiana,Spring,4.7,1,Free Shipping,1,1,20,Debit Card,4,2,7520,3.88,5,10,10,2.96,0,1,At-Risk High-Value
586,69,Male,Clothing,23,South Carolina,Fall,2.8,1,Next Day Air,1,1,5,Cash,5,2,575,0.82,6.67,10,10,2.5,0,0,Low-Engagement Casuals
587,45,Male,Clothing,20,Wisconsin,Winter,4.9,1,2-Day Shipping,1,1,9,Venmo,7,2,1260,1.63,10,10,10,3.88,0,1,Low-Engagement Casuals
588,29,Male,Clothing,86,Washington,Fall,4.2,1,Express,1,1,48,Debit Card,5,2,20640,9.59,6.67,10,10,5.42,0,1,At-Risk High-Value
589,47,Male,Footwear,60,South Dakota,Fall,3,1,Standard,1,1,9,Debit Card,6,2,3240,1.63,8.33,10,10,3.32,0,0,Low-Engagement Casuals
590,28,Male,Clothing,70,Minnesota,Fall,3.4,1,2-Day Shipping,1,1,40,PayPal,7,2,19600,7.96,10,10,10,5.99,0,0,At-Risk High-Value
591,64,Male,Accessories,39,Alaska,Fall,4.6,1,Standard,1,1,30,Venmo,3,2,3510,5.92,3.33,10,10,3.08,0,1,Low-Engagement Casuals
592,47,Male,Accessories,37,Kentucky,Fall,4.2,1,Store Pickup,1,1,6,Debit Card,1,2,222,1.02,0,10,10,0.34,0,1,Low-Engagement Casuals
593,60,Male,Footwear,29,North Dakota,Fall,3.2,1,Free Shipping,1,1,42,Venmo,5,2,6090,8.37,6.67,10,10,5.01,0,0,At-Risk High-Value
594,67,Male,Outerwear,35,Alaska,Winter,4.4,1,Store Pickup,1,1,9,PayPal,5,2,1575,1.63,6.67,10,10,2.77,0,1,Low-Engagement Casuals
595,35,Male,Clothing,83,Oklahoma,Winter,2.5,1,Next Day Air,1,1,6,Debit Card,4,2,1992,1.02,5,10,10,2.01,0,0,Low-Engagement Casuals
596,30,Male,Footwear,77,Delaware,Summer,3.6,1,Next Day Air,1,1,47,PayPal,6,2,21714,9.39,8.33,10,10,5.91,0,0,At-Risk High-Value
597,23,Male,Footwear,37,Montana,Summer,4.5,1,Store Pickup,1,1,36,Venmo,7,2,9324,7.14,10,10,10,5.71,0,1,At-Risk High-Value
598,70,Male,Accessories,69,Alaska,Summer,3.4,1,Standard,1,1,19,Bank Transfer,3,2,3933,3.67,3.33,10,10,2.33,0,0,Low-Engagement Casuals
599,21,Male,Clothing,66,California,Winter,3.2,1,2-Day Shipping,1,1,30,Cash,5,2,9900,5.92,6.67,10,10,4.2,0,0,At-Risk High-Value
600,51,Male,Footwear,26,Massachusetts,Spring,4.2,1,Standard,1,1,27,Debit Card,5,2,3510,5.31,6.67,10,10,3.99,0,1,Low-Engagement Casuals
601,22,Male,Accessories,63,South Carolina,Spring,5,1,2-Day Shipping,1,1,25,Venmo,4,2,6300,4.9,5,10,10,3.3,0,1,At-Risk High-Value
602,32,Male,Accessories,38,West Virginia,Summer,4.7,1,Store Pickup,1,1,5,Cash,3,2,570,0.82,3.33,10,10,1.38,0,1,Low-Engagement Casuals
603,37,Male,Footwear,58,Oregon,Summer,4.2,1,Next Day Air,1,1,10,Cash,5,2,2900,1.84,6.67,10,10,2.84,0,1,Low-Engagement Casuals
604,31,Male,Accessories,46,Massachusetts,Winter,3.4,1,2-Day Shipping,1,1,26,PayPal,5,2,5980,5.1,6.67,10,10,3.92,0,0,At-Risk High-Value
605,44,Male,Accessories,92,West Virginia,Fall,4.4,1,Store Pickup,1,1,11,Credit Card,5,2,5060,2.04,6.67,10,10,2.9,0,1,At-Risk High-Value
606,40,Male,Accessories,32,California,Winter,4.2,1,Standard,1,1,17,Bank Transfer,2,2,1088,3.27,1.67,10,10,1.65,0,1,Low-Engagement Casuals
607,27,Male,Accessories,90,Colorado,Spring,4.5,1,Standard,1,1,44,PayPal,4,2,15840,8.78,5,10,10,4.59,0,1,At-Risk High-Value
608,47,Male,Clothing,23,Indiana,Fall,2.8,1,Next Day Air,1,1,44,Cash,4,2,4048,8.78,5,10,10,4.59,0,0,Low-Engagement Casuals
609,41,Male,Accessories,25,Delaware,Fall,3.3,1,Next Day Air,1,1,21,Venmo,5,2,2625,4.08,6.67,10,10,3.58,0,0,Low-Engagement Casuals
610,51,Male,Clothing,54,Ohio,Fall,4.6,1,Next Day Air,1,1,49,Credit Card,3,2,7938,9.8,3.33,10,10,4.38,0,1,At-Risk High-Value
611,53,Male,Clothing,72,Oklahoma,Summer,2.5,1,Free Shipping,1,1,27,Bank Transfer,5,2,9720,5.31,6.67,10,10,3.99,0,0,At-Risk High-Value
612,43,Male,Accessories,33,California,Winter,4.7,1,Store Pickup,1,1,19,Cash,4,2,2508,3.67,5,10,10,2.89,0,1,Low-Engagement Casuals
613,67,Male,Accessories,43,New Hampshire,Fall,4.6,1,Express,1,1,33,Credit Card,6,2,8514,6.53,8.33,10,10,4.95,0,1,At-Risk High-Value
614,61,Male,Outerwear,51,Pennsylvania,Fall,2.6,1,Standard,1,1,46,Cash,1,2,2346,9.18,0,10,10,3.06,0,0,Low-Engagement Casuals
615,68,Male,Accessories,85,Idaho,Winter,4,1,Standard,1,1,21,Credit Card,1,2,1785,4.08,0,10,10,1.36,0,1,Low-Engagement Casuals
616,67,Male,Footwear,100,Maryland,Summer,2.6,1,Next Day Air,1,1,23,Venmo,7,2,16100,4.49,10,10,10,4.83,0,0,At-Risk High-Value
617,29,Male,Accessories,72,Pennsylvania,Spring,4.6,1,Free Shipping,1,1,38,Credit Card,5,2,13680,7.55,6.67,10,10,4.74,0,1,At-Risk High-Value
618,50,Male,Accessories,57,Colorado,Fall,2.6,1,Standard,1,1,2,Bank Transfer,6,2,684,0.2,8.33,10,10,2.84,0,0,Low-Engagement Casuals
619,61,Male,Outerwear,94,Indiana,Spring,4,1,Express,1,1,21,Debit Card,1,2,1974,4.08,0,10,10,1.36,0,1,Low-Engagement Casuals
620,19,Male,Accessories,34,Nebraska,Summer,4.6,1,Store Pickup,1,1,1,Debit Card,5,2,170,0,6.67,10,10,2.22,0,1,Low-Engagement Casuals
621,33,Male,Accessories,89,Rhode Island,Fall,3.7,1,2-Day Shipping,1,1,10,Venmo,5,2,4450,1.84,6.67,10,10,2.84,0,0,At-Risk High-Value
622,51,Male,Accessories,27,Kansas,Fall,4.4,1,Store Pickup,1,1,45,Credit Card,2,2,2430,8.98,1.67,10,10,3.55,0,1,Low-Engagement Casuals
623,69,Male,Clothing,63,Georgia,Spring,4,1,Next Day Air,1,1,44,Bank Transfer,3,2,8316,8.78,3.33,10,10,4.04,0,1,At-Risk High-Value
624,19,Male,Footwear,70,Nevada,Fall,4.7,1,Standard,1,1,48,PayPal,1,2,3360,9.59,0,10,10,3.2,0,1,Low-Engagement Casuals
625,55,Male,Clothing,87,South Carolina,Fall,3.4,1,Express,1,1,21,PayPal,7,2,12789,4.08,10,10,10,4.69,0,0,At-Risk High-Value
626,49,Male,Accessories,79,Delaware,Fall,4,1,Next Day Air,1,1,1,Venmo,2,2,158,0,1.67,10,10,0.56,0,1,Low-Engagement Casuals
627,31,Male,Accessories,79,New Hampshire,Spring,3.9,1,Standard,1,1,10,Venmo,7,2,5530,1.84,10,10,10,3.95,0,1,At-Risk High-Value
628,42,Male,Footwear,44,Oregon,Winter,4.1,1,Express,1,1,24,PayPal,4,2,4224,4.69,5,10,10,3.23,0,1,At-Risk High-Value
629,69,Male,Clothing,85,Massachusetts,Fall,3.75,1,2-Day Shipping,1,1,29,Credit Card,4,2,9860,5.71,5,10,10,3.57,0,0,At-Risk High-Value
630,26,Male,Footwear,90,Vermont,Spring,4.7,1,Standard,1,1,11,Debit Card,7,2,6930,2.04,10,10,10,4.01,0,1,At-Risk High-Value
631,41,Male,Accessories,94,Mississippi,Fall,4.3,1,2-Day Shipping,1,1,33,Debit Card,7,2,21714,6.53,10,10,10,5.51,0,1,At-Risk High-Value
632,55,Male,Footwear,68,Washington,Summer,4.1,1,Store Pickup,1,1,27,Cash,3,2,5508,5.31,3.33,10,10,2.88,0,1,At-Risk High-Value
633,35,Male,Accessories,51,Wyoming,Winter,3.9,1,Next Day Air,1,1,19,Venmo,3,2,2907,3.67,3.33,10,10,2.33,0,1,Low-Engagement Casuals
634,66,Male,Footwear,33,Minnesota,Spring,2.9,1,Express,1,1,50,Debit Card,6,2,9900,10,8.33,10,10,6.11,0,0,At-Risk High-Value
635,36,Male,Footwear,60,Ohio,Summer,3.9,1,Standard,1,1,46,PayPal,2,2,5520,9.18,1.67,10,10,3.62,0,1,At-Risk High-Value
636,27,Male,Clothing,59,South Carolina,Fall,4.3,1,2-Day Shipping,1,1,28,Cash,6,2,9912,5.51,8.33,10,10,4.61,0,1,At-Risk High-Value
637,41,Male,Accessories,30,Wisconsin,Summer,2.8,1,Store Pickup,1,1,14,Bank Transfer,5,2,2100,2.65,6.67,10,10,3.11,0,0,Low-Engagement Casuals
638,21,Male,Clothing,20,Tennessee,Winter,3.4,1,2-Day Shipping,1,1,46,Cash,3,2,2760,9.18,3.33,10,10,4.17,0,0,Low-Engagement Casuals
639,53,Male,Footwear,20,Maryland,Summer,2.7,1,Express,1,1,41,PayPal,4,2,3280,8.16,5,10,10,4.39,0,0,Low-Engagement Casuals
640,54,Male,Clothing,24,Mississippi,Spring,4,1,2-Day Shipping,1,1,50,Credit Card,7,2,8400,10,10,10,10,6.67,0,1,At-Risk High-Value
641,53,Male,Clothing,88,Minnesota,Summer,4.4,1,Store Pickup,1,1,28,Debit Card,3,2,7392,5.51,3.33,10,10,2.95,0,1,At-Risk High-Value
642,47,Male,Clothing,78,Alaska,Winter,3.9,1,2-Day Shipping,1,1,23,Credit Card,5,2,8970,4.49,6.67,10,10,3.72,0,1,At-Risk High-Value
643,64,Male,Clothing,25,Arkansas,Spring,2.8,1,2-Day Shipping,1,1,14,Debit Card,1,2,350,2.65,0,10,10,0.88,0,0,Low-Engagement Casuals
644,18,Male,Clothing,57,Oregon,Winter,3.2,1,Next Day Air,1,1,10,Bank Transfer,5,2,2850,1.84,6.67,10,10,2.84,0,0,Low-Engagement Casuals
645,68,Male,Accessories,93,Louisiana,Summer,4.3,1,Next Day Air,1,1,37,Cash,2,2,6882,7.35,1.67,10,10,3.01,0,1,At-Risk High-Value
646,62,Male,Clothing,42,Oklahoma,Summer,4.2,1,Express,1,1,15,Venmo,1,2,630,2.86,0,10,10,0.95,0,1,Low-Engagement Casuals
647,51,Male,Footwear,54,Indiana,Spring,4.9,1,Standard,1,1,19,Venmo,1,2,1026,3.67,0,10,10,1.22,0,1,Low-Engagement Casuals
648,54,Male,Clothing,70,Mississippi,Summer,3.7,1,Express,1,1,23,Credit Card,3,2,4830,4.49,3.33,10,10,2.61,0,0,At-Risk High-Value
649,22,Male,Clothing,31,Michigan,Winter,4.1,1,Store Pickup,1,1,35,Credit Card,2,2,2170,6.94,1.67,10,10,2.87,0,1,Low-Engagement Casuals
650,53,Male,Clothing,93,Delaware,Spring,4.2,1,Store Pickup,1,1,33,PayPal,5,2,15345,6.53,6.67,10,10,4.4,0,1,At-Risk High-Value
651,34,Male,Accessories,40,Florida,Spring,3.9,1,Next Day Air,1,1,12,Bank Transfer,7,2,3360,2.24,10,10,10,4.08,0,1,Low-Engagement Casuals
652,32,Male,Accessories,32,Arkansas,Summer,2.9,1,Next Day Air,1,1,41,Venmo,3,2,3936,8.16,3.33,10,10,3.83,0,0,Low-Engagement Casuals
653,64,Male,Accessories,27,Minnesota,Winter,3.1,1,Free Shipping,1,1,27,Venmo,2,2,1458,5.31,1.67,10,10,2.33,0,0,Low-Engagement Casuals
654,20,Male,Accessories,68,North Dakota,Winter,3.6,1,2-Day Shipping,1,1,45,Cash,3,2,9180,8.98,3.33,10,10,4.1,0,0,At-Risk High-Value
655,24,Male,Accessories,59,California,Summer,4.4,1,2-Day Shipping,1,1,23,Venmo,7,2,9499,4.49,10,10,10,4.83,0,1,At-Risk High-Value
656,20,Male,Accessories,36,Mississippi,Fall,3.1,1,Free Shipping,1,1,19,Venmo,4,2,2736,3.67,5,10,10,2.89,0,0,Low-Engagement Casuals
657,42,Male,Clothing,23,Pennsylvania,Summer,3.9,1,Standard,1,1,6,PayPal,6,2,828,1.02,8.33,10,10,3.12,0,1,Low-Engagement Casuals
658,48,Male,Outerwear,80,Arizona,Winter,4.3,1,Free Shipping,1,1,6,PayPal,6,2,2880,1.02,8.33,10,10,3.12,0,1,Low-Engagement Casuals
659,62,Male,Accessories,37,Louisiana,Fall,4.9,1,Store Pickup,1,1,20,Venmo,2,2,1480,3.88,1.67,10,10,1.85,0,1,Low-Engagement Casuals
660,62,Male,Clothing,52,Virginia,Spring,3.6,1,2-Day Shipping,1,1,8,Cash,2,2,832,1.43,1.67,10,10,1.03,0,0,Low-Engagement Casuals
661,50,Male,Outerwear,79,Montana,Fall,5,1,2-Day Shipping,1,1,39,Credit Card,6,2,18486,7.76,8.33,10,10,5.36,0,1,At-Risk High-Value
662,57,Male,Clothing,68,Iowa,Fall,4.1,1,Store Pickup,1,1,39,Credit Card,6,2,15912,7.76,8.33,10,10,5.36,0,1,At-Risk High-Value
663,24,Male,Accessories,98,Illinois,Fall,2.8,1,Express,1,1,39,Venmo,1,2,3822,7.76,0,10,10,2.59,0,0,Low-Engagement Casuals
664,59,Male,Clothing,83,Alaska,Fall,4.7,1,Express,1,1,23,Credit Card,4,2,7636,4.49,5,10,10,3.16,0,1,At-Risk High-Value
665,63,Male,Clothing,83,Colorado,Winter,4.4,1,Express,1,1,41,PayPal,1,2,3403,8.16,0,10,10,2.72,0,1,Low-Engagement Casuals
666,41,Male,Clothing,55,New Mexico,Spring,4.9,1,2-Day Shipping,1,1,50,Credit Card,7,2,19250,10,10,10,10,6.67,0,1,At-Risk High-Value
667,35,Male,Clothing,26,Colorado,Winter,3.1,1,Free Shipping,1,1,30,Debit Card,6,2,4680,5.92,8.33,10,10,4.75,0,0,At-Risk High-Value
668,34,Male,Accessories,76,Arizona,Winter,2.6,1,Standard,1,1,32,Bank Transfer,6,2,14592,6.33,8.33,10,10,4.89,0,0,At-Risk High-Value
669,49,Male,Clothing,85,Hawaii,Fall,2.9,1,Express,1,1,35,Bank Transfer,4,2,11900,6.94,5,10,10,3.98,0,0,At-Risk High-Value
670,43,Male,Outerwear,89,Illinois,Spring,3.3,1,Free Shipping,1,1,45,Venmo,1,2,4005,8.98,0,10,10,2.99,0,0,Low-Engagement Casuals
671,63,Male,Clothing,41,Louisiana,Spring,4.8,1,Next Day Air,1,1,37,Cash,1,2,1517,7.35,0,10,10,2.45,0,1,Low-Engagement Casuals
672,38,Male,Outerwear,30,Iowa,Winter,4.7,1,Express,1,1,45,Cash,2,2,2700,8.98,1.67,10,10,3.55,0,1,Low-Engagement Casuals
673,59,Male,Clothing,53,Washington,Winter,3.3,1,2-Day Shipping,1,1,29,Cash,6,2,9222,5.71,8.33,10,10,4.68,0,0,At-Risk High-Value
674,35,Male,Clothing,66,Oklahoma,Spring,4.2,1,Free Shipping,1,1,27,Venmo,1,2,1782,5.31,0,10,10,1.77,0,1,Low-Engagement Casuals
675,48,Male,Accessories,33,Washington,Winter,4.7,1,Store Pickup,1,1,36,Bank Transfer,7,2,8316,7.14,10,10,10,5.71,0,1,At-Risk High-Value
676,64,Male,Accessories,86,Arkansas,Spring,2.6,1,2-Day Shipping,1,1,9,Cash,7,2,5418,1.63,10,10,10,3.88,0,0,At-Risk High-Value
677,28,Male,Clothing,60,Connecticut,Winter,2.9,1,2-Day Shipping,1,1,38,Venmo,1,2,2280,7.55,0,10,10,2.52,0,0,Low-Engagement Casuals
678,60,Male,Clothing,62,Washington,Summer,2.7,1,Express,1,1,41,PayPal,7,2,17794,8.16,10,10,10,6.05,0,0,At-Risk High-Value
679,27,Male,Clothing,74,Maine,Fall,3.3,1,Store Pickup,1,1,25,Debit Card,5,2,9250,4.9,6.67,10,10,3.86,0,0,At-Risk High-Value
680,56,Male,Footwear,95,Michigan,Fall,3.4,1,Express,1,1,37,Venmo,3,2,10545,7.35,3.33,10,10,3.56,0,0,At-Risk High-Value
681,58,Male,Footwear,25,Tennessee,Spring,4.2,1,Express,1,1,3,PayPal,7,2,525,0.41,10,10,10,3.47,0,1,Low-Engagement Casuals
682,30,Male,Clothing,59,Louisiana,Winter,3.8,1,2-Day Shipping,1,1,24,Credit Card,5,2,7080,4.69,6.67,10,10,3.79,0,1,At-Risk High-Value
683,23,Male,Outerwear,29,Missouri,Summer,4,1,Standard,1,1,49,Credit Card,1,2,1421,9.8,0,10,10,3.27,0,1,Low-Engagement Casuals
684,33,Male,Footwear,36,Michigan,Winter,2.7,1,Free Shipping,1,1,3,Bank Transfer,4,2,432,0.41,5,10,10,1.8,0,0,Low-Engagement Casuals
685,63,Male,Accessories,82,Alabama,Summer,4.7,1,Express,1,1,42,Debit Card,4,2,13776,8.37,5,10,10,4.46,0,1,At-Risk High-Value
686,70,Male,Clothing,71,Massachusetts,Winter,3.5,1,Standard,1,1,32,Cash,3,2,6816,6.33,3.33,10,10,3.22,0,0,At-Risk High-Value
687,70,Male,Clothing,35,Indiana,Fall,3,1,2-Day Shipping,1,1,33,Venmo,3,2,3465,6.53,3.33,10,10,3.29,0,0,Low-Engagement Casuals
688,19,Male,Accessories,38,West Virginia,Winter,3.3,1,Free Shipping,1,1,46,Bank Transfer,6,2,10488,9.18,8.33,10,10,5.84,0,0,At-Risk High-Value
689,25,Male,Accessories,59,Michigan,Summer,4.7,1,Store Pickup,1,1,44,Venmo,4,2,10384,8.78,5,10,10,4.59,0,1,At-Risk High-Value
690,19,Male,Clothing,91,Pennsylvania,Summer,4.7,1,Express,1,1,35,Credit Card,5,2,15925,6.94,6.67,10,10,4.54,0,1,At-Risk High-Value
691,25,Male,Clothing,68,Alaska,Spring,4.8,1,Standard,1,1,45,Bank Transfer,2,2,6120,8.98,1.67,10,10,3.55,0,1,At-Risk High-Value
692,60,Male,Accessories,21,Massachusetts,Summer,2.9,1,Standard,1,1,37,PayPal,1,2,777,7.35,0,10,10,2.45,0,0,Low-Engagement Casuals
693,35,Male,Accessories,95,North Dakota,Spring,4,1,2-Day Shipping,1,1,40,Debit Card,5,2,19000,7.96,6.67,10,10,4.88,0,1,At-Risk High-Value
694,46,Male,Clothing,52,Vermont,Spring,3.1,1,Free Shipping,1,1,30,Cash,5,2,7800,5.92,6.67,10,10,4.2,0,0,At-Risk High-Value
695,41,Male,Clothing,21,Kentucky,Fall,3.5,1,2-Day Shipping,1,1,38,Venmo,5,2,3990,7.55,6.67,10,10,4.74,0,0,Low-Engagement Casuals
696,30,Male,Clothing,67,Nevada,Summer,3.7,1,Next Day Air,1,1,15,Debit Card,5,2,5025,2.86,6.67,10,10,3.18,0,0,At-Risk High-Value
697,44,Male,Accessories,42,Utah,Fall,2.8,1,Standard,1,1,49,Cash,4,2,8232,9.8,5,10,10,4.93,0,0,At-Risk High-Value
698,61,Male,Accessories,63,North Dakota,Summer,4.6,1,Free Shipping,1,1,40,Debit Card,6,2,15120,7.96,8.33,10,10,5.43,0,1,At-Risk High-Value
699,55,Male,Footwear,41,Iowa,Winter,3.8,1,Standard,1,1,40,Debit Card,2,2,3280,7.96,1.67,10,10,3.21,0,1,Low-Engagement Casuals
700,50,Male,Accessories,46,Connecticut,Fall,2.6,1,2-Day Shipping,1,1,5,PayPal,2,2,460,0.82,1.67,10,10,0.83,0,0,Low-Engagement Casuals
701,57,Male,Clothing,79,Wisconsin,Winter,4.1,1,Standard,1,1,5,PayPal,4,2,1580,0.82,5,10,10,1.94,0,1,Low-Engagement Casuals
702,51,Male,Footwear,90,Idaho,Fall,3.3,1,Next Day Air,1,1,5,Debit Card,5,2,2250,0.82,6.67,10,10,2.5,0,0,Low-Engagement Casuals
703,18,Male,Clothing,71,Montana,Winter,3.4,1,Store Pickup,1,1,1,Cash,2,2,142,0,1.67,10,10,0.56,0,0,Low-Engagement Casuals
704,63,Male,Clothing,87,Connecticut,Summer,3,1,Standard,1,1,21,Venmo,2,2,3654,4.08,1.67,10,10,1.92,0,0,Low-Engagement Casuals
705,34,Male,Clothing,66,Idaho,Spring,3.2,1,Express,1,1,18,PayPal,7,2,8316,3.47,10,10,10,4.49,0,0,At-Risk High-Value
706,25,Male,Clothing,90,Arkansas,Summer,4.5,1,Free Shipping,1,1,49,Cash,6,2,26460,9.8,8.33,10,10,6.04,0,1,At-Risk High-Value
707,46,Male,Clothing,47,Iowa,Summer,4.8,1,Express,1,1,27,Debit Card,2,2,2538,5.31,1.67,10,10,2.33,0,1,Low-Engagement Casuals
708,59,Male,Clothing,38,Louisiana,Spring,3.7,1,Next Day Air,1,1,21,Venmo,7,2,5586,4.08,10,10,10,4.69,0,0,At-Risk High-Value
709,37,Male,Accessories,50,Kentucky,Summer,3.4,1,Store Pickup,1,1,19,Cash,3,2,2850,3.67,3.33,10,10,2.33,0,0,Low-Engagement Casuals
710,49,Male,Outerwear,79,Massachusetts,Summer,4.6,1,Standard,1,1,23,Debit Card,4,2,7268,4.49,5,10,10,3.16,0,1,At-Risk High-Value
711,22,Male,Accessories,91,Virginia,Spring,4.1,1,Standard,1,1,26,PayPal,3,2,7098,5.1,3.33,10,10,2.81,0,1,At-Risk High-Value
712,64,Male,Footwear,60,New Hampshire,Spring,3.5,1,2-Day Shipping,1,1,13,Bank Transfer,1,2,780,2.45,0,10,10,0.82,0,0,Low-Engagement Casuals
713,42,Male,Clothing,81,New Hampshire,Summer,3.8,1,Next Day Air,1,1,36,Bank Transfer,6,2,17496,7.14,8.33,10,10,5.16,0,1,At-Risk High-Value
714,37,Male,Clothing,90,Oregon,Summer,2.6,1,Express,1,1,39,Bank Transfer,1,2,3510,7.76,0,10,10,2.59,0,0,Low-Engagement Casuals
715,26,Male,Outerwear,70,South Dakota,Fall,4.4,1,Store Pickup,1,1,40,Debit Card,3,2,8400,7.96,3.33,10,10,3.76,0,1,At-Risk High-Value
716,33,Male,Clothing,63,Delaware,Spring,2.6,1,Express,1,1,37,Debit Card,6,2,13986,7.35,8.33,10,10,5.23,0,0,At-Risk High-Value
717,30,Male,Accessories,29,Missouri,Spring,3.6,1,Express,1,1,9,Venmo,1,2,261,1.63,0,10,10,0.54,0,0,Low-Engagement Casuals
718,21,Male,Clothing,90,Alaska,Spring,4.2,1,Express,1,1,7,Venmo,5,2,3150,1.22,6.67,10,10,2.63,0,1,Low-Engagement Casuals
719,22,Male,Clothing,22,Florida,Summer,4.6,1,Standard,1,1,25,Bank Transfer,7,2,3850,4.9,10,10,10,4.97,0,1,Low-Engagement Casuals
720,63,Male,Clothing,22,Mississippi,Summer,3.3,1,Next Day Air,1,1,42,Venmo,1,2,924,8.37,0,10,10,2.79,0,0,Low-Engagement Casuals
721,33,Male,Accessories,62,New Mexico,Fall,3.4,1,Free Shipping,1,1,19,Debit Card,2,2,2356,3.67,1.67,10,10,1.78,0,0,Low-Engagement Casuals
722,43,Male,Clothing,57,California,Summer,4.4,1,Next Day Air,1,1,41,Debit Card,5,2,11685,8.16,6.67,10,10,4.94,0,1,At-Risk High-Value
723,27,Male,Clothing,32,Wyoming,Summer,4.3,1,Store Pickup,1,1,50,Cash,1,2,1600,10,0,10,10,3.33,0,1,Low-Engagement Casuals
724,35,Male,Accessories,53,Missouri,Fall,3.5,1,Express,1,1,43,PayPal,4,2,9116,8.57,5,10,10,4.52,0,0,At-Risk High-Value
725,37,Male,Clothing,79,New Hampshire,Fall,4.7,1,Store Pickup,1,1,36,Venmo,5,2,14220,7.14,6.67,10,10,4.6,0,1,At-Risk High-Value
726,61,Male,Accessories,61,Texas,Winter,3.1,1,Standard,1,1,33,Debit Card,3,2,6039,6.53,3.33,10,10,3.29,0,0,At-Risk High-Value
727,32,Male,Clothing,78,North Dakota,Summer,3.6,1,Next Day Air,1,1,20,Bank Transfer,5,2,7800,3.88,6.67,10,10,3.52,0,0,At-Risk High-Value
728,62,Male,Clothing,97,Arkansas,Winter,4.8,1,Next Day Air,1,1,37,Venmo,5,2,17945,7.35,6.67,10,10,4.67,0,1,At-Risk High-Value
729,29,Male,Clothing,78,Nebraska,Winter,3.7,1,Next Day Air,1,1,12,PayPal,5,2,4680,2.24,6.67,10,10,2.97,0,0,At-Risk High-Value
730,41,Male,Accessories,56,Minnesota,Summer,3.2,1,Express,1,1,46,PayPal,5,2,12880,9.18,6.67,10,10,5.28,0,0,At-Risk High-Value
731,48,Male,Footwear,25,Massachusetts,Summer,3.9,1,Standard,1,1,28,Venmo,3,2,2100,5.51,3.33,10,10,2.95,0,1,Low-Engagement Casuals
732,43,Male,Outerwear,28,Arkansas,Spring,3.5,1,Free Shipping,1,1,30,PayPal,3,2,2520,5.92,3.33,10,10,3.08,0,0,Low-Engagement Casuals
733,34,Male,Clothing,57,New Hampshire,Spring,2.8,1,Express,1,1,28,Cash,1,2,1596,5.51,0,10,10,1.84,0,0,Low-Engagement Casuals
734,45,Male,Clothing,36,Rhode Island,Fall,2.7,1,2-Day Shipping,1,1,20,Debit Card,1,2,720,3.88,0,10,10,1.29,0,0,Low-Engagement Casuals
735,65,Male,Clothing,69,New Jersey,Winter,3.1,1,Express,1,1,39,Bank Transfer,5,2,13455,7.76,6.67,10,10,4.81,0,0,At-Risk High-Value
736,61,Male,Accessories,48,Montana,Fall,3.6,1,2-Day Shipping,1,1,48,Cash,1,2,2304,9.59,0,10,10,3.2,0,0,Low-Engagement Casuals
737,18,Male,Clothing,58,Colorado,Spring,2.9,1,2-Day Shipping,1,1,32,Credit Card,5,2,9280,6.33,6.67,10,10,4.33,0,0,At-Risk High-Value
738,47,Male,Accessories,24,Nebraska,Spring,3.6,1,Store Pickup,1,1,28,PayPal,7,2,4704,5.51,10,10,10,5.17,0,0,At-Risk High-Value
739,56,Male,Accessories,31,Minnesota,Winter,3.5,1,2-Day Shipping,1,1,27,Venmo,6,2,5022,5.31,8.33,10,10,4.55,0,0,At-Risk High-Value
740,64,Male,Clothing,29,Minnesota,Summer,3.5,1,Free Shipping,1,1,26,Venmo,1,2,754,5.1,0,10,10,1.7,0,0,Low-Engagement Casuals
741,26,Male,Clothing,69,South Dakota,Summer,2.8,1,Next Day Air,1,1,22,Credit Card,3,2,4554,4.29,3.33,10,10,2.54,0,0,At-Risk High-Value
742,22,Male,Clothing,79,West Virginia,Summer,4.7,1,Free Shipping,1,1,23,Bank Transfer,5,2,9085,4.49,6.67,10,10,3.72,0,1,At-Risk High-Value
743,64,Male,Clothing,39,Nevada,Summer,3.1,1,Express,1,1,21,Debit Card,6,2,4914,4.08,8.33,10,10,4.14,0,0,At-Risk High-Value
744,21,Male,Accessories,84,North Carolina,Fall,4.9,1,Free Shipping,1,1,36,Cash,2,2,6048,7.14,1.67,10,10,2.94,0,1,At-Risk High-Value
745,67,Male,Footwear,66,Illinois,Spring,4.1,1,Next Day Air,1,1,42,Debit Card,1,2,2772,8.37,0,10,10,2.79,0,1,Low-Engagement Casuals
746,46,Male,Clothing,92,Michigan,Fall,4.7,1,Standard,1,1,4,Venmo,4,2,1472,0.61,5,10,10,1.87,0,1,Low-Engagement Casuals
747,40,Male,Footwear,45,Michigan,Winter,2.5,1,Free Shipping,1,1,47,Credit Card,7,2,14805,9.39,10,10,10,6.46,0,0,At-Risk High-Value
748,51,Male,Clothing,74,Oklahoma,Spring,4.4,1,Next Day Air,1,1,13,Bank Transfer,2,2,1924,2.45,1.67,10,10,1.37,0,1,Low-Engagement Casuals
749,35,Male,Accessories,39,South Dakota,Fall,3.9,1,Free Shipping,1,1,8,Bank Transfer,6,2,1872,1.43,8.33,10,10,3.25,0,1,Low-Engagement Casuals
750,56,Male,Accessories,71,Oklahoma,Winter,3.7,1,Standard,1,1,11,Debit Card,6,2,4686,2.04,8.33,10,10,3.46,0,0,At-Risk High-Value
751,25,Male,Clothing,95,Maryland,Fall,3.4,1,Free Shipping,1,1,5,Venmo,7,2,3325,0.82,10,10,10,3.61,0,0,Low-Engagement Casuals
752,65,Male,Accessories,72,Ohio,Fall,4.8,1,Free Shipping,1,1,1,Credit Card,4,2,288,0,5,10,10,1.67,0,1,Low-Engagement Casuals
753,39,Male,Accessories,85,Ohio,Fall,4.2,1,2-Day Shipping,1,1,17,PayPal,5,2,7225,3.27,6.67,10,10,3.31,0,1,At-Risk High-Value
754,47,Male,Footwear,54,Massachusetts,Fall,3.4,1,Store Pickup,1,1,27,Venmo,6,2,8748,5.31,8.33,10,10,4.55,0,0,At-Risk High-Value
755,36,Male,Accessories,41,North Carolina,Spring,2.9,1,Store Pickup,1,1,3,Debit Card,6,2,738,0.41,8.33,10,10,2.91,0,0,Low-Engagement Casuals
756,66,Male,Outerwear,24,Florida,Spring,3.3,1,Free Shipping,1,1,22,PayPal,2,2,1056,4.29,1.67,10,10,1.99,0,0,Low-Engagement Casuals
757,62,Male,Accessories,99,Montana,Summer,4.8,1,Standard,1,1,24,Cash,3,2,7128,4.69,3.33,10,10,2.67,0,1,At-Risk High-Value
758,41,Male,Clothing,32,Minnesota,Fall,3.8,1,Store Pickup,1,1,18,Debit Card,6,2,3456,3.47,8.33,10,10,3.93,0,1,Low-Engagement Casuals
759,66,Male,Footwear,71,Massachusetts,Summer,4.6,1,2-Day Shipping,1,1,39,Bank Transfer,5,2,13845,7.76,6.67,10,10,4.81,0,1,At-Risk High-Value
760,51,Male,Clothing,49,Rhode Island,Winter,2.6,1,Next Day Air,1,1,25,Credit Card,3,2,3675,4.9,3.33,10,10,2.74,0,0,Low-Engagement Casuals
761,33,Male,Accessories,50,Minnesota,Fall,3.4,1,Free Shipping,1,1,6,Cash,7,2,2100,1.02,10,10,10,3.67,0,0,Low-Engagement Casuals
762,57,Male,Accessories,91,Nevada,Fall,4.2,1,Express,1,1,26,Bank Transfer,2,2,4732,5.1,1.67,10,10,2.26,0,1,At-Risk High-Value
763,45,Male,Accessories,46,New Mexico,Fall,3.9,1,Standard,1,1,43,Debit Card,3,2,5934,8.57,3.33,10,10,3.97,0,1,At-Risk High-Value
764,61,Male,Clothing,50,North Carolina,Spring,2.9,1,2-Day Shipping,1,1,6,Credit Card,4,2,1200,1.02,5,10,10,2.01,0,0,Low-Engagement Casuals
765,55,Male,Clothing,39,Virginia,Fall,4.2,1,Free Shipping,1,1,6,Debit Card,6,2,1404,1.02,8.33,10,10,3.12,0,1,Low-Engagement Casuals
766,54,Male,Footwear,99,Alaska,Summer,3,1,Store Pickup,1,1,13,Cash,6,2,7722,2.45,8.33,10,10,3.59,0,0,At-Risk High-Value
767,57,Male,Accessories,48,Nevada,Winter,3.6,1,Next Day Air,1,1,13,PayPal,4,2,2496,2.45,5,10,10,2.48,0,0,Low-Engagement Casuals
768,27,Male,Outerwear,77,Pennsylvania,Fall,2.5,1,Next Day Air,1,1,11,Cash,7,2,5929,2.04,10,10,10,4.01,0,0,At-Risk High-Value
769,64,Male,Accessories,95,Illinois,Spring,2.6,1,Express,1,1,45,Venmo,2,2,8550,8.98,1.67,10,10,3.55,0,0,At-Risk High-Value
770,52,Male,Clothing,100,Delaware,Spring,4.3,1,Store Pickup,1,1,8,PayPal,4,2,3200,1.43,5,10,10,2.14,0,1,Low-Engagement Casuals
771,19,Male,Footwear,54,Vermont,Spring,3.3,1,Express,1,1,8,Credit Card,7,2,3024,1.43,10,10,10,3.81,0,0,Low-Engagement Casuals
772,22,Male,Clothing,68,Hawaii,Fall,2.6,1,Next Day Air,1,1,34,Bank Transfer,3,2,6936,6.73,3.33,10,10,3.35,0,0,At-Risk High-Value
773,18,Male,Clothing,22,Illinois,Fall,3.6,1,Free Shipping,1,1,40,Debit Card,1,2,880,7.96,0,10,10,2.65,0,0,Low-Engagement Casuals
774,29,Male,Accessories,84,California,Winter,2.6,1,Express,1,1,14,Debit Card,1,2,1176,2.65,0,10,10,0.88,0,0,Low-Engagement Casuals
775,42,Male,Accessories,46,Nevada,Summer,3.5,1,Standard,1,1,11,Credit Card,6,2,3036,2.04,8.33,10,10,3.46,0,0,Low-Engagement Casuals
776,49,Male,Accessories,53,Kentucky,Winter,3,1,Store Pickup,1,1,8,PayPal,4,2,1696,1.43,5,10,10,2.14,0,0,Low-Engagement Casuals
777,49,Male,Clothing,60,Alabama,Spring,5,1,Standard,1,1,8,Venmo,5,2,2400,1.43,6.67,10,10,2.7,0,1,Low-Engagement Casuals
778,55,Male,Clothing,32,Wyoming,Spring,2.5,1,Express,1,1,37,Venmo,2,2,2368,7.35,1.67,10,10,3.01,0,0,Low-Engagement Casuals
779,29,Male,Clothing,50,Massachusetts,Summer,2.9,1,Store Pickup,1,1,23,Debit Card,7,2,8050,4.49,10,10,10,4.83,0,0,At-Risk High-Value
780,60,Male,Clothing,94,Utah,Spring,4.6,1,Express,1,1,38,Cash,7,2,25004,7.55,10,10,10,5.85,0,1,At-Risk High-Value
781,34,Male,Footwear,26,New York,Spring,3.6,1,Free Shipping,1,1,38,Cash,6,2,5928,7.55,8.33,10,10,5.29,0,0,At-Risk High-Value
782,30,Male,Accessories,44,Vermont,Winter,3,1,Store Pickup,1,1,12,Credit Card,3,2,1584,2.24,3.33,10,10,1.86,0,0,Low-Engagement Casuals
783,28,Male,Clothing,57,Hawaii,Summer,4.5,1,Standard,1,1,15,Cash,2,2,1710,2.86,1.67,10,10,1.51,0,1,Low-Engagement Casuals
784,63,Male,Clothing,65,Louisiana,Winter,4.5,1,Next Day Air,1,1,38,PayPal,3,2,7410,7.55,3.33,10,10,3.63,0,1,At-Risk High-Value
785,31,Male,Clothing,72,Alabama,Winter,3.2,1,Store Pickup,1,1,41,Bank Transfer,5,2,14760,8.16,6.67,10,10,4.94,0,0,At-Risk High-Value
786,46,Male,Clothing,62,Louisiana,Spring,4,1,Next Day Air,1,1,37,PayPal,3,2,6882,7.35,3.33,10,10,3.56,0,1,At-Risk High-Value
787,70,Male,Accessories,21,Indiana,Winter,4.8,1,Express,1,1,16,Bank Transfer,5,2,1680,3.06,6.67,10,10,3.24,0,1,Low-Engagement Casuals
788,53,Male,Accessories,85,Michigan,Spring,3.7,1,Free Shipping,1,1,25,Venmo,2,2,4250,4.9,1.67,10,10,2.19,0,0,At-Risk High-Value
789,50,Male,Clothing,51,Rhode Island,Summer,3.8,1,Store Pickup,1,1,18,Bank Transfer,6,2,5508,3.47,8.33,10,10,3.93,0,1,At-Risk High-Value
790,33,Male,Accessories,84,Idaho,Fall,2.7,1,Standard,1,1,4,Credit Card,1,2,336,0.61,0,10,10,0.2,0,0,Low-Engagement Casuals
791,22,Male,Clothing,37,Louisiana,Summer,4.9,1,Store Pickup,1,1,12,Bank Transfer,6,2,2664,2.24,8.33,10,10,3.52,0,1,Low-Engagement Casuals
792,50,Male,Accessories,44,North Carolina,Summer,3.1,1,2-Day Shipping,1,1,35,PayPal,3,2,4620,6.94,3.33,10,10,3.42,0,0,At-Risk High-Value
793,34,Male,Footwear,45,New Jersey,Spring,4.2,1,Next Day Air,1,1,45,Venmo,2,2,4050,8.98,1.67,10,10,3.55,0,1,Low-Engagement Casuals
794,24,Male,Clothing,35,Alabama,Summer,3.8,1,Free Shipping,1,1,16,Credit Card,4,2,2240,3.06,5,10,10,2.69,0,1,Low-Engagement Casuals
795,69,Male,Accessories,50,Kentucky,Winter,4.2,1,Store Pickup,1,1,10,Debit Card,3,2,1500,1.84,3.33,10,10,1.72,0,1,Low-Engagement Casuals
796,39,Male,Footwear,26,New York,Summer,4.6,1,Store Pickup,1,1,34,Venmo,7,2,6188,6.73,10,10,10,5.58,0,1,At-Risk High-Value
797,42,Male,Clothing,78,Arizona,Fall,4,1,2-Day Shipping,1,1,43,Credit Card,7,2,23478,8.57,10,10,10,6.19,0,1,At-Risk High-Value
798,42,Male,Outerwear,82,Maryland,Fall,4,1,2-Day Shipping,1,1,38,Debit Card,2,2,6232,7.55,1.67,10,10,3.07,0,1,At-Risk High-Value
799,29,Male,Clothing,39,Alaska,Spring,3.8,1,2-Day Shipping,1,1,48,PayPal,5,2,9360,9.59,6.67,10,10,5.42,0,1,At-Risk High-Value
800,55,Male,Accessories,55,Nevada,Summer,3.75,1,Free Shipping,1,1,31,PayPal,7,2,11935,6.12,10,10,10,5.37,0,0,At-Risk High-Value
801,32,Male,Clothing,20,Utah,Summer,2.6,1,Free Shipping,1,1,20,Cash,5,2,2000,3.88,6.67,10,10,3.52,0,0,Low-Engagement Casuals
802,25,Male,Accessories,29,New Mexico,Fall,4.9,1,Express,1,1,12,Credit Card,3,2,1044,2.24,3.33,10,10,1.86,0,1,Low-Engagement Casuals
803,38,Male,Clothing,41,Delaware,Winter,3.5,1,Next Day Air,1,1,2,Bank Transfer,2,2,164,0.2,1.67,10,10,0.62,0,0,Low-Engagement Casuals
804,32,Male,Clothing,38,Connecticut,Winter,2.8,1,Express,1,1,30,Venmo,5,2,5700,5.92,6.67,10,10,4.2,0,0,At-Risk High-Value
805,43,Male,Footwear,47,Mississippi,Summer,2.6,1,Store Pickup,1,1,28,Venmo,6,2,7896,5.51,8.33,10,10,4.61,0,0,At-Risk High-Value
806,41,Male,Clothing,30,Connecticut,Summer,3.7,1,Next Day Air,1,1,40,Debit Card,4,2,4800,7.96,5,10,10,4.32,0,0,At-Risk High-Value
807,56,Male,Clothing,56,Florida,Summer,2.7,1,Standard,1,1,46,PayPal,6,2,15456,9.18,8.33,10,10,5.84,0,0,At-Risk High-Value
808,27,Male,Clothing,89,New York,Winter,3.3,1,Express,1,1,15,Credit Card,2,2,2670,2.86,1.67,10,10,1.51,0,0,Low-Engagement Casuals
809,46,Male,Footwear,96,Wisconsin,Fall,4.6,1,Next Day Air,1,1,38,Cash,5,2,18240,7.55,6.67,10,10,4.74,0,1,At-Risk High-Value
810,48,Male,Footwear,81,South Carolina,Fall,4.9,1,Next Day Air,1,1,30,PayPal,1,2,2430,5.92,0,10,10,1.97,0,1,Low-Engagement Casuals
811,52,Male,Accessories,83,South Dakota,Fall,4.9,1,Store Pickup,1,1,32,Debit Card,1,2,2656,6.33,0,10,10,2.11,0,1,Low-Engagement Casuals
812,18,Male,Footwear,35,Illinois,Winter,2.7,1,Free Shipping,1,1,36,Venmo,6,2,7560,7.14,8.33,10,10,5.16,0,0,At-Risk High-Value
813,64,Male,Footwear,56,Alaska,Summer,3.2,1,Standard,1,1,32,Credit Card,2,2,3584,6.33,1.67,10,10,2.67,0,0,Low-Engagement Casuals
814,54,Male,Accessories,45,Montana,Summer,2.9,1,Store Pickup,1,1,14,Debit Card,7,2,4410,2.65,10,10,10,4.22,0,0,At-Risk High-Value
815,31,Male,Clothing,62,Minnesota,Winter,3.8,1,Express,1,1,8,PayPal,4,2,1984,1.43,5,10,10,2.14,0,1,Low-Engagement Casuals
816,30,Male,Accessories,84,West Virginia,Spring,3,1,Next Day Air,1,1,27,Venmo,1,2,2268,5.31,0,10,10,1.77,0,0,Low-Engagement Casuals
817,26,Male,Clothing,24,Illinois,Summer,3.9,1,Store Pickup,1,1,24,Debit Card,4,2,2304,4.69,5,10,10,3.23,0,1,Low-Engagement Casuals
818,25,Male,Accessories,21,Nevada,Spring,4.7,1,Store Pickup,1,1,30,PayPal,3,2,1890,5.92,3.33,10,10,3.08,0,1,Low-Engagement Casuals
819,59,Male,Clothing,91,Idaho,Winter,4.9,1,Store Pickup,1,1,34,Debit Card,4,2,12376,6.73,5,10,10,3.91,0,1,At-Risk High-Value
820,55,Male,Accessories,36,Colorado,Winter,4.8,1,Next Day Air,1,1,28,Debit Card,6,2,6048,5.51,8.33,10,10,4.61,0,1,At-Risk High-Value
821,56,Male,Footwear,39,Louisiana,Spring,2.5,1,2-Day Shipping,1,1,27,Debit Card,4,2,4212,5.31,5,10,10,3.44,0,0,Low-Engagement Casuals
822,62,Male,Clothing,39,Vermont,Spring,3.9,1,Standard,1,1,31,Credit Card,1,2,1209,6.12,0,10,10,2.04,0,1,Low-Engagement Casuals
823,35,Male,Clothing,59,Mississippi,Winter,3.4,1,Standard,1,1,23,Bank Transfer,7,2,9499,4.49,10,10,10,4.83,0,0,At-Risk High-Value
824,51,Male,Accessories,27,Georgia,Winter,2.5,1,Free Shipping,1,1,11,Credit Card,6,2,1782,2.04,8.33,10,10,3.46,0,0,Low-Engagement Casuals
825,61,Male,Clothing,94,Georgia,Spring,3,1,Store Pickup,1,1,48,Cash,6,2,27072,9.59,8.33,10,10,5.97,0,0,At-Risk High-Value
826,27,Male,Accessories,94,Nebraska,Fall,3.6,1,Next Day Air,1,1,17,Cash,4,2,6392,3.27,5,10,10,2.76,0,0,At-Risk High-Value
827,54,Male,Clothing,94,Massachusetts,Winter,3.6,1,Standard,1,1,36,PayPal,2,2,6768,7.14,1.67,10,10,2.94,0,0,At-Risk High-Value
828,31,Male,Footwear,51,Colorado,Fall,4.1,1,Free Shipping,1,1,33,Bank Transfer,3,2,5049,6.53,3.33,10,10,3.29,0,1,At-Risk High-Value
829,24,Male,Clothing,62,Nevada,Fall,3.7,1,2-Day Shipping,1,1,27,PayPal,1,2,1674,5.31,0,10,10,1.77,0,0,Low-Engagement Casuals
830,42,Male,Clothing,57,Idaho,Spring,3.75,1,2-Day Shipping,1,1,14,Credit Card,3,2,2394,2.65,3.33,10,10,1.99,0,0,Low-Engagement Casuals
831,41,Male,Clothing,76,Wyoming,Fall,4.2,1,Express,1,1,5,Credit Card,7,2,2660,0.82,10,10,10,3.61,0,1,Low-Engagement Casuals
832,66,Male,Accessories,63,Washington,Summer,4.3,1,Express,1,1,47,Cash,5,2,14805,9.39,6.67,10,10,5.35,0,1,At-Risk High-Value
833,58,Male,Outerwear,80,California,Fall,2.5,1,Express,1,1,28,Cash,1,2,2240,5.51,0,10,10,1.84,0,0,Low-Engagement Casuals
834,43,Male,Accessories,68,Oklahoma,Fall,3.5,1,Standard,1,1,11,Credit Card,7,2,5236,2.04,10,10,10,4.01,0,0,At-Risk High-Value
835,52,Male,Accessories,89,Nevada,Summer,3.1,1,Free Shipping,1,1,18,Credit Card,2,2,3204,3.47,1.67,10,10,1.71,0,0,Low-Engagement Casuals
836,35,Male,Footwear,26,Maryland,Summer,2.5,1,Next Day Air,1,1,21,Debit Card,2,2,1092,4.08,1.67,10,10,1.92,0,0,Low-Engagement Casuals
837,23,Male,Accessories,90,West Virginia,Winter,3.9,1,Store Pickup,1,1,22,Cash,1,2,1980,4.29,0,10,10,1.43,0,1,Low-Engagement Casuals
838,25,Male,Clothing,28,Illinois,Spring,4.9,1,Express,1,1,33,Cash,5,2,4620,6.53,6.67,10,10,4.4,0,1,At-Risk High-Value
839,33,Male,Outerwear,29,Kentucky,Spring,4.3,1,Express,1,1,49,Credit Card,7,2,9947,9.8,10,10,10,6.6,0,1,At-Risk High-Value
840,48,Male,Clothing,31,Illinois,Spring,2.6,1,Free Shipping,1,1,10,Debit Card,5,2,1550,1.84,6.67,10,10,2.84,0,0,Low-Engagement Casuals
841,42,Male,Clothing,24,Alabama,Summer,4.2,1,2-Day Shipping,1,1,18,PayPal,2,2,864,3.47,1.67,10,10,1.71,0,1,Low-Engagement Casuals
842,55,Male,Clothing,88,Texas,Summer,2.6,1,Store Pickup,1,1,28,PayPal,3,2,7392,5.51,3.33,10,10,2.95,0,0,At-Risk High-Value
843,59,Male,Clothing,87,Missouri,Spring,3.6,1,Express,1,1,25,PayPal,2,2,4350,4.9,1.67,10,10,2.19,0,0,At-Risk High-Value
844,65,Male,Clothing,80,Pennsylvania,Summer,3.2,1,Express,1,1,6,PayPal,2,2,960,1.02,1.67,10,10,0.9,0,0,Low-Engagement Casuals
845,59,Male,Footwear,48,Missouri,Winter,4.4,1,Express,1,1,44,Venmo,1,2,2112,8.78,0,10,10,2.93,0,1,Low-Engagement Casuals
846,31,Male,Accessories,21,Michigan,Winter,3.7,1,Standard,1,1,30,Venmo,4,2,2520,5.92,5,10,10,3.64,0,0,Low-Engagement Casuals
847,49,Male,Footwear,72,Kentucky,Spring,3.7,1,Express,1,1,42,Debit Card,6,2,18144,8.37,8.33,10,10,5.57,0,0,At-Risk High-Value
848,53,Male,Clothing,44,New Jersey,Fall,4.1,1,Standard,1,1,30,PayPal,4,2,5280,5.92,5,10,10,3.64,0,1,At-Risk High-Value
849,48,Male,Footwear,73,Delaware,Fall,3.6,1,Store Pickup,1,1,33,Credit Card,1,2,2409,6.53,0,10,10,2.18,0,0,Low-Engagement Casuals
850,23,Male,Clothing,61,Missouri,Spring,4.3,1,Express,1,1,24,PayPal,6,2,8784,4.69,8.33,10,10,4.34,0,1,At-Risk High-Value
851,68,Male,Footwear,20,Connecticut,Winter,2.6,1,Store Pickup,1,1,13,Venmo,4,2,1040,2.45,5,10,10,2.48,0,0,Low-Engagement Casuals
852,35,Male,Footwear,86,Massachusetts,Summer,2.9,1,Express,1,1,19,Debit Card,4,2,6536,3.67,5,10,10,2.89,0,0,At-Risk High-Value
853,34,Male,Clothing,60,Florida,Spring,4.2,1,Next Day Air,1,1,23,Debit Card,5,2,6900,4.49,6.67,10,10,3.72,0,1,At-Risk High-Value
854,62,Male,Accessories,43,Delaware,Winter,4,1,Free Shipping,1,1,35,Cash,4,2,6020,6.94,5,10,10,3.98,0,1,At-Risk High-Value
855,21,Male,Clothing,44,California,Spring,4.3,1,Free Shipping,1,1,22,Venmo,4,2,3872,4.29,5,10,10,3.1,0,1,Low-Engagement Casuals
856,70,Male,Clothing,76,Oregon,Spring,3,1,2-Day Shipping,1,1,14,Credit Card,6,2,6384,2.65,8.33,10,10,3.66,0,0,At-Risk High-Value
857,55,Male,Clothing,33,Alaska,Summer,3.5,1,Express,1,1,47,Debit Card,3,2,4653,9.39,3.33,10,10,4.24,0,0,At-Risk High-Value
858,43,Male,Clothing,60,Missouri,Fall,3,1,Standard,1,1,50,Debit Card,5,2,15000,10,6.67,10,10,5.56,0,0,At-Risk High-Value
859,19,Male,Outerwear,26,Oklahoma,Fall,3.1,1,Free Shipping,1,1,33,PayPal,2,2,1716,6.53,1.67,10,10,2.73,0,0,Low-Engagement Casuals
860,47,Male,Clothing,73,Wisconsin,Winter,4,1,Next Day Air,1,1,7,Debit Card,4,2,2044,1.22,5,10,10,2.07,0,1,Low-Engagement Casuals
861,26,Male,Footwear,87,South Carolina,Spring,4.1,1,Standard,1,1,3,Cash,4,2,1044,0.41,5,10,10,1.8,0,1,Low-Engagement Casuals
862,46,Male,Clothing,100,Virginia,Spring,3.75,1,2-Day Shipping,1,1,35,Credit Card,5,2,17500,6.94,6.67,10,10,4.54,0,0,At-Risk High-Value
863,19,Male,Outerwear,84,Arkansas,Winter,4.9,1,Standard,1,1,13,PayPal,3,2,3276,2.45,3.33,10,10,1.93,0,1,Low-Engagement Casuals
864,49,Male,Footwear,41,Vermont,Summer,3.9,1,Standard,1,1,42,PayPal,3,2,5166,8.37,3.33,10,10,3.9,0,1,At-Risk High-Value
865,51,Male,Clothing,59,Kentucky,Winter,3.9,1,Next Day Air,1,1,5,PayPal,7,2,2065,0.82,10,10,10,3.61,0,1,Low-Engagement Casuals
866,64,Male,Clothing,26,Colorado,Winter,4.8,1,Store Pickup,1,1,23,Venmo,7,2,4186,4.49,10,10,10,4.83,0,1,Low-Engagement Casuals
867,67,Male,Accessories,69,New Mexico,Summer,2.7,1,Free Shipping,1,1,11,PayPal,1,2,759,2.04,0,10,10,0.68,0,0,Low-Engagement Casuals
868,37,Male,Outerwear,20,Colorado,Spring,3.1,1,Free Shipping,1,1,23,Bank Transfer,3,2,1380,4.49,3.33,10,10,2.61,0,0,Low-Engagement Casuals
869,40,Male,Clothing,83,North Carolina,Summer,3.2,1,Next Day Air,1,1,2,Credit Card,5,2,830,0.2,6.67,10,10,2.29,0,0,Low-Engagement Casuals
870,38,Male,Accessories,54,New Hampshire,Spring,2.7,1,2-Day Shipping,1,1,33,PayPal,2,2,3564,6.53,1.67,10,10,2.73,0,0,Low-Engagement Casuals
871,66,Male,Clothing,66,West Virginia,Fall,2.5,1,Standard,1,1,6,Bank Transfer,1,2,396,1.02,0,10,10,0.34,0,0,Low-Engagement Casuals
872,47,Male,Accessories,42,Hawaii,Spring,2.6,1,Next Day Air,1,1,45,Debit Card,6,2,11340,8.98,8.33,10,10,5.77,0,0,At-Risk High-Value
873,56,Male,Clothing,33,North Dakota,Spring,2.9,1,Standard,1,1,25,Cash,6,2,4950,4.9,8.33,10,10,4.41,0,0,At-Risk High-Value
874,51,Male,Footwear,77,Mississippi,Summer,4.2,1,Free Shipping,1,1,24,Venmo,6,2,11088,4.69,8.33,10,10,4.34,0,1,At-Risk High-Value
875,25,Male,Outerwear,65,Maine,Fall,4.4,1,Free Shipping,1,1,10,Venmo,5,2,3250,1.84,6.67,10,10,2.84,0,1,Low-Engagement Casuals
876,37,Male,Footwear,39,North Dakota,Summer,4.1,1,Free Shipping,1,1,7,Bank Transfer,5,2,1365,1.22,6.67,10,10,2.63,0,1,Low-Engagement Casuals
877,41,Male,Accessories,51,Nebraska,Summer,3.8,1,2-Day Shipping,1,1,1,Debit Card,2,2,102,0,1.67,10,10,0.56,0,1,Low-Engagement Casuals
878,64,Male,Accessories,65,Nebraska,Winter,4.9,1,Next Day Air,1,1,45,Venmo,5,2,14625,8.98,6.67,10,10,5.22,0,1,At-Risk High-Value
879,23,Male,Accessories,89,Tennessee,Summer,4.9,1,Express,1,1,37,Debit Card,2,2,6586,7.35,1.67,10,10,3.01,0,1,At-Risk High-Value
880,62,Male,Clothing,76,Wyoming,Spring,4.1,1,Free Shipping,1,1,14,PayPal,6,2,6384,2.65,8.33,10,10,3.66,0,1,At-Risk High-Value
881,39,Male,Accessories,75,Nevada,Spring,3.1,1,Express,1,1,25,Debit Card,4,2,7500,4.9,5,10,10,3.3,0,0,At-Risk High-Value
882,52,Male,Footwear,61,South Carolina,Summer,2.7,1,Next Day Air,1,1,18,Venmo,7,2,7686,3.47,10,10,10,4.49,0,0,At-Risk High-Value
883,50,Male,Footwear,35,Virginia,Fall,3.8,1,Next Day Air,1,1,37,Cash,5,2,6475,7.35,6.67,10,10,4.67,0,1,At-Risk High-Value
884,28,Male,Footwear,37,Pennsylvania,Fall,4.3,1,Free Shipping,1,1,30,Bank Transfer,4,2,4440,5.92,5,10,10,3.64,0,1,At-Risk High-Value
885,67,Male,Clothing,91,Hawaii,Winter,4.1,1,Express,1,1,34,Bank Transfer,2,2,6188,6.73,1.67,10,10,2.8,0,1,At-Risk High-Value
886,41,Male,Clothing,99,Ohio,Fall,4.4,1,Free Shipping,1,1,49,Debit Card,5,2,24255,9.8,6.67,10,10,5.49,0,1,At-Risk High-Value
887,19,Male,Clothing,54,Utah,Summer,3.6,1,Express,1,1,48,Bank Transfer,4,2,10368,9.59,5,10,10,4.86,0,0,At-Risk High-Value
888,70,Male,Accessories,47,Minnesota,Winter,3.3,1,2-Day Shipping,1,1,33,PayPal,3,2,4653,6.53,3.33,10,10,3.29,0,0,At-Risk High-Value
889,49,Male,Accessories,77,New Hampshire,Spring,3.75,1,Express,1,1,44,Cash,7,2,23716,8.78,10,10,10,6.26,0,0,At-Risk High-Value
890,59,Male,Accessories,84,Arizona,Fall,2.8,1,Free Shipping,1,1,50,Venmo,2,2,8400,10,1.67,10,10,3.89,0,0,At-Risk High-Value
891,52,Male,Accessories,51,New York,Spring,4.3,1,2-Day Shipping,1,1,47,Credit Card,4,2,9588,9.39,5,10,10,4.8,0,1,At-Risk High-Value
892,20,Male,Clothing,26,Pennsylvania,Summer,3.9,1,Store Pickup,1,1,24,PayPal,5,2,3120,4.69,6.67,10,10,3.79,0,1,Low-Engagement Casuals
893,31,Male,Clothing,64,New Mexico,Summer,2.7,1,Free Shipping,1,1,43,Debit Card,4,2,11008,8.57,5,10,10,4.52,0,0,At-Risk High-Value
894,33,Male,Accessories,51,Nebraska,Spring,4.7,1,Express,1,1,14,Venmo,4,2,2856,2.65,5,10,10,2.55,0,1,Low-Engagement Casuals
895,44,Male,Clothing,60,Wyoming,Spring,3.8,1,Free Shipping,1,1,3,Debit Card,6,2,1080,0.41,8.33,10,10,2.91,0,1,Low-Engagement Casuals
896,40,Male,Accessories,69,Mississippi,Spring,4.7,1,Next Day Air,1,1,33,Debit Card,6,2,13662,6.53,8.33,10,10,4.95,0,1,At-Risk High-Value
897,69,Male,Accessories,29,Arkansas,Spring,4.7,1,Express,1,1,38,Cash,3,2,3306,7.55,3.33,10,10,3.63,0,1,Low-Engagement Casuals
898,29,Male,Clothing,91,Illinois,Spring,3.4,1,Express,1,1,46,Venmo,2,2,8372,9.18,1.67,10,10,3.62,0,0,At-Risk High-Value
899,54,Male,Accessories,70,Nevada,Spring,3.5,1,2-Day Shipping,1,1,19,Bank Transfer,5,2,6650,3.67,6.67,10,10,3.45,0,0,At-Risk High-Value
900,65,Male,Clothing,58,Rhode Island,Summer,4,1,Standard,1,1,20,PayPal,7,2,8120,3.88,10,10,10,4.63,0,1,At-Risk High-Value
901,54,Male,Accessories,98,West Virginia,Fall,3.3,1,Free Shipping,1,1,42,Bank Transfer,6,2,24696,8.37,8.33,10,10,5.57,0,0,At-Risk High-Value
902,60,Male,Accessories,68,Missouri,Summer,4.7,1,2-Day Shipping,1,1,34,Cash,4,2,9248,6.73,5,10,10,3.91,0,1,At-Risk High-Value
903,43,Male,Accessories,44,Kentucky,Summer,2.8,1,Next Day Air,1,1,5,Cash,4,2,880,0.82,5,10,10,1.94,0,0,Low-Engagement Casuals
904,44,Male,Outerwear,45,Washington,Winter,3.3,1,Express,1,1,3,PayPal,6,2,810,0.41,8.33,10,10,2.91,0,0,Low-Engagement Casuals
905,69,Male,Clothing,99,Alaska,Spring,2.9,1,Free Shipping,1,1,46,PayPal,5,2,22770,9.18,6.67,10,10,5.28,0,0,At-Risk High-Value
906,46,Male,Clothing,68,Mississippi,Spring,2.8,1,Standard,1,1,16,Venmo,7,2,7616,3.06,10,10,10,4.35,0,0,At-Risk High-Value
907,41,Male,Clothing,56,South Carolina,Spring,4.2,1,Standard,1,1,21,Debit Card,1,2,1176,4.08,0,10,10,1.36,0,1,Low-Engagement Casuals
908,32,Male,Clothing,43,Missouri,Winter,4.4,1,Express,1,1,34,Credit Card,1,2,1462,6.73,0,10,10,2.24,0,1,Low-Engagement Casuals
909,26,Male,Accessories,99,New Jersey,Winter,3.6,1,Free Shipping,1,1,9,PayPal,5,2,4455,1.63,6.67,10,10,2.77,0,0,At-Risk High-Value
910,61,Male,Accessories,56,Louisiana,Fall,2.7,1,Express,1,1,36,PayPal,2,2,4032,7.14,1.67,10,10,2.94,0,0,Low-Engagement Casuals
911,49,Male,Clothing,25,South Carolina,Spring,3.4,1,Express,1,1,22,Credit Card,4,2,2200,4.29,5,10,10,3.1,0,0,Low-Engagement Casuals
912,53,Male,Clothing,74,Vermont,Winter,2.8,1,2-Day Shipping,1,1,2,Bank Transfer,6,2,888,0.2,8.33,10,10,2.84,0,0,Low-Engagement Casuals
913,24,Male,Clothing,56,Arkansas,Winter,3.4,1,Next Day Air,1,1,32,Bank Transfer,4,2,7168,6.33,5,10,10,3.78,0,0,At-Risk High-Value
914,37,Male,Footwear,47,Utah,Fall,2.6,1,Next Day Air,1,1,29,Cash,5,2,6815,5.71,6.67,10,10,4.13,0,0,At-Risk High-Value
915,43,Male,Clothing,67,Washington,Summer,4.1,1,Standard,1,1,27,Venmo,5,2,9045,5.31,6.67,10,10,3.99,0,1,At-Risk High-Value
916,31,Male,Clothing,22,Rhode Island,Winter,2.9,1,Store Pickup,1,1,33,Credit Card,3,2,2178,6.53,3.33,10,10,3.29,0,0,Low-Engagement Casuals
917,49,Male,Clothing,34,Illinois,Spring,2.7,1,Standard,1,1,16,Venmo,4,2,2176,3.06,5,10,10,2.69,0,0,Low-Engagement Casuals
918,69,Male,Clothing,64,Missouri,Spring,3.7,1,Standard,1,1,11,Bank Transfer,6,2,4224,2.04,8.33,10,10,3.46,0,0,At-Risk High-Value
919,65,Male,Clothing,42,North Carolina,Spring,4.3,1,2-Day Shipping,1,1,11,Cash,3,2,1386,2.04,3.33,10,10,1.79,0,1,Low-Engagement Casuals
920,41,Male,Clothing,82,Massachusetts,Winter,2.6,1,2-Day Shipping,1,1,17,Debit Card,1,2,1394,3.27,0,10,10,1.09,0,0,Low-Engagement Casuals
921,37,Male,Accessories,81,Arkansas,Summer,4.3,1,Free Shipping,1,1,37,Cash,2,2,5994,7.35,1.67,10,10,3.01,0,1,At-Risk High-Value
922,70,Male,Outerwear,24,South Dakota,Summer,4.1,1,Express,1,1,18,PayPal,2,2,864,3.47,1.67,10,10,1.71,0,1,Low-Engagement Casuals
923,63,Male,Footwear,60,Georgia,Fall,4.2,1,Standard,1,1,13,Credit Card,4,2,3120,2.45,5,10,10,2.48,0,1,Low-Engagement Casuals
924,55,Male,Clothing,24,Arkansas,Spring,4.2,1,2-Day Shipping,1,1,7,PayPal,2,2,336,1.22,1.67,10,10,0.96,0,1,Low-Engagement Casuals
925,52,Male,Clothing,78,Kansas,Winter,3.1,1,Standard,1,1,37,Cash,6,2,17316,7.35,8.33,10,10,5.23,0,0,At-Risk High-Value
926,22,Male,Clothing,88,Arizona,Winter,4.9,1,Express,1,1,8,Cash,4,2,2816,1.43,5,10,10,2.14,0,1,Low-Engagement Casuals
927,54,Male,Clothing,63,Massachusetts,Spring,4.4,1,Express,1,1,11,Cash,1,2,693,2.04,0,10,10,0.68,0,1,Low-Engagement Casuals
928,28,Male,Footwear,78,New Mexico,Summer,4.4,1,Standard,1,1,8,Venmo,1,2,624,1.43,0,10,10,0.48,0,1,Low-Engagement Casuals
929,67,Male,Clothing,37,Arkansas,Winter,3.4,1,Store Pickup,1,1,31,Cash,5,2,5735,6.12,6.67,10,10,4.26,0,0,At-Risk High-Value
930,59,Male,Footwear,94,Nebraska,Fall,4.5,1,2-Day Shipping,1,1,26,Debit Card,3,2,7332,5.1,3.33,10,10,2.81,0,1,At-Risk High-Value
931,26,Male,Clothing,78,Hawaii,Fall,4.5,1,Store Pickup,1,1,20,Credit Card,1,2,1560,3.88,0,10,10,1.29,0,1,Low-Engagement Casuals
932,24,Male,Outerwear,36,Nebraska,Winter,4.1,1,Standard,1,1,24,Bank Transfer,3,2,2592,4.69,3.33,10,10,2.67,0,1,Low-Engagement Casuals
933,62,Male,Clothing,24,Indiana,Winter,3.2,1,Standard,1,1,45,Debit Card,1,2,1080,8.98,0,10,10,2.99,0,0,Low-Engagement Casuals
934,70,Male,Footwear,84,Colorado,Spring,2.7,1,Store Pickup,1,1,33,Debit Card,4,2,11088,6.53,5,10,10,3.84,0,0,At-Risk High-Value
935,45,Male,Clothing,47,Oregon,Spring,3.7,1,Express,1,1,21,Bank Transfer,4,2,3948,4.08,5,10,10,3.03,0,0,Low-Engagement Casuals
936,58,Male,Clothing,51,Ohio,Fall,2.6,1,Store Pickup,1,1,2,Bank Transfer,3,2,306,0.2,3.33,10,10,1.18,0,0,Low-Engagement Casuals
937,31,Male,Footwear,84,Maine,Summer,2.7,1,Free Shipping,1,1,28,Cash,2,2,4704,5.51,1.67,10,10,2.39,0,0,At-Risk High-Value
938,32,Male,Clothing,24,Iowa,Summer,2.7,1,Express,1,1,18,Venmo,6,2,2592,3.47,8.33,10,10,3.93,0,0,Low-Engagement Casuals
939,36,Male,Clothing,97,Wisconsin,Fall,4.8,1,Free Shipping,1,1,21,Debit Card,3,2,6111,4.08,3.33,10,10,2.47,0,1,At-Risk High-Value
940,25,Male,Clothing,89,New York,Winter,4.8,1,Next Day Air,1,1,24,Credit Card,4,2,8544,4.69,5,10,10,3.23,0,1,At-Risk High-Value
941,48,Male,Accessories,44,Colorado,Spring,2.6,1,Store Pickup,1,1,15,PayPal,5,2,3300,2.86,6.67,10,10,3.18,0,0,Low-Engagement Casuals
942,39,Male,Accessories,35,Illinois,Winter,4.5,1,2-Day Shipping,1,1,38,PayPal,5,2,6650,7.55,6.67,10,10,4.74,0,1,At-Risk High-Value
943,26,Male,Clothing,91,Arizona,Winter,3.2,1,Express,1,1,38,PayPal,1,2,3458,7.55,0,10,10,2.52,0,0,Low-Engagement Casuals
944,32,Male,Accessories,63,Oklahoma,Winter,3.8,1,Next Day Air,1,1,13,Venmo,3,2,2457,2.45,3.33,10,10,1.93,0,1,Low-Engagement Casuals
945,54,Male,Accessories,97,Indiana,Spring,4.8,1,Express,1,1,39,Cash,1,2,3783,7.76,0,10,10,2.59,0,1,Low-Engagement Casuals
946,38,Male,Footwear,38,Minnesota,Summer,4.1,1,Store Pickup,1,1,8,Venmo,5,2,1520,1.43,6.67,10,10,2.7,0,1,Low-Engagement Casuals
947,46,Male,Outerwear,24,Pennsylvania,Spring,2.8,1,Next Day Air,1,1,4,PayPal,6,2,576,0.61,8.33,10,10,2.98,0,0,Low-Engagement Casuals
948,57,Male,Clothing,32,Indiana,Winter,3.9,1,Store Pickup,1,1,6,Cash,5,2,960,1.02,6.67,10,10,2.56,0,1,Low-Engagement Casuals
949,49,Male,Accessories,90,Alabama,Summer,4.9,1,Express,1,1,11,Venmo,5,2,4950,2.04,6.67,10,10,2.9,0,1,At-Risk High-Value
950,33,Male,Clothing,36,Montana,Summer,3.4,1,Standard,1,1,49,Venmo,4,2,7056,9.8,5,10,10,4.93,0,0,At-Risk High-Value
951,54,Male,Accessories,37,New Mexico,Winter,4.1,1,Free Shipping,1,1,30,PayPal,6,2,6660,5.92,8.33,10,10,4.75,0,1,At-Risk High-Value
952,47,Male,Clothing,51,Alaska,Summer,2.9,1,Express,1,1,34,Bank Transfer,4,2,6936,6.73,5,10,10,3.91,0,0,At-Risk High-Value
953,36,Male,Accessories,71,Idaho,Fall,3.1,1,2-Day Shipping,1,1,28,PayPal,4,2,7952,5.51,5,10,10,3.5,0,0,At-Risk High-Value
954,68,Male,Accessories,50,Utah,Spring,3.6,1,2-Day Shipping,1,1,36,Venmo,6,2,10800,7.14,8.33,10,10,5.16,0,0,At-Risk High-Value
955,60,Male,Accessories,74,Louisiana,Fall,3.5,1,Standard,1,1,18,Credit Card,5,2,6660,3.47,6.67,10,10,3.38,0,0,At-Risk High-Value
956,55,Male,Clothing,75,Mississippi,Summer,3.4,1,Free Shipping,1,1,4,PayPal,4,2,1200,0.61,5,10,10,1.87,0,0,Low-Engagement Casuals
957,29,Male,Clothing,99,Mississippi,Spring,2.9,1,2-Day Shipping,1,1,42,Debit Card,6,2,24948,8.37,8.33,10,10,5.57,0,0,At-Risk High-Value
958,38,Male,Accessories,23,Indiana,Spring,4.7,1,Store Pickup,1,1,11,Cash,6,2,1518,2.04,8.33,10,10,3.46,0,1,Low-Engagement Casuals
959,70,Male,Footwear,53,Washington,Winter,4.4,1,Free Shipping,1,1,31,Credit Card,1,2,1643,6.12,0,10,10,2.04,0,1,Low-Engagement Casuals
960,36,Male,Clothing,99,Nevada,Spring,2.6,1,Standard,1,1,12,Cash,3,2,3564,2.24,3.33,10,10,1.86,0,0,Low-Engagement Casuals
961,18,Male,Accessories,48,Louisiana,Spring,4.4,1,Standard,1,1,20,Venmo,6,2,5760,3.88,8.33,10,10,4.07,0,1,At-Risk High-Value
962,62,Male,Footwear,72,Pennsylvania,Fall,3.7,1,Next Day Air,1,1,37,Debit Card,6,2,15984,7.35,8.33,10,10,5.23,0,0,At-Risk High-Value
963,29,Male,Accessories,64,Michigan,Spring,4.4,1,Standard,1,1,26,Debit Card,3,2,4992,5.1,3.33,10,10,2.81,0,1,At-Risk High-Value
964,21,Male,Footwear,63,South Carolina,Spring,2.5,1,2-Day Shipping,1,1,14,Credit Card,2,2,1764,2.65,1.67,10,10,1.44,0,0,Low-Engagement Casuals
965,42,Male,Footwear,51,Arizona,Spring,2.6,1,Next Day Air,1,1,12,Venmo,1,2,612,2.24,0,10,10,0.75,0,0,Low-Engagement Casuals
966,43,Male,Footwear,55,Delaware,Spring,5,1,Store Pickup,1,1,10,Credit Card,7,2,3850,1.84,10,10,10,3.95,0,1,Low-Engagement Casuals
967,58,Male,Clothing,55,Kentucky,Spring,4.9,1,Express,1,1,19,Cash,7,2,7315,3.67,10,10,10,4.56,0,1,At-Risk High-Value
968,27,Male,Clothing,26,Georgia,Summer,3.7,1,Store Pickup,1,1,4,Cash,2,2,208,0.61,1.67,10,10,0.76,0,0,Low-Engagement Casuals
969,57,Male,Clothing,67,North Carolina,Summer,3.1,1,Next Day Air,1,1,48,Bank Transfer,6,2,19296,9.59,8.33,10,10,5.97,0,0,At-Risk High-Value
970,40,Male,Outerwear,31,California,Fall,3.2,1,Express,1,1,37,PayPal,4,2,4588,7.35,5,10,10,4.12,0,0,At-Risk High-Value
971,45,Male,Clothing,66,California,Winter,4.4,1,Free Shipping,1,1,4,Cash,4,2,1056,0.61,5,10,10,1.87,0,1,Low-Engagement Casuals
972,47,Male,Accessories,67,Indiana,Summer,4.3,1,Next Day Air,1,1,15,Credit Card,2,2,2010,2.86,1.67,10,10,1.51,0,1,Low-Engagement Casuals
973,61,Male,Footwear,61,Colorado,Winter,3,1,Standard,1,1,33,Credit Card,2,2,4026,6.53,1.67,10,10,2.73,0,0,Low-Engagement Casuals
974,60,Male,Outerwear,75,Colorado,Fall,3.5,1,2-Day Shipping,1,1,30,Bank Transfer,6,2,13500,5.92,8.33,10,10,4.75,0,0,At-Risk High-Value
975,69,Male,Clothing,90,North Carolina,Spring,3.6,1,2-Day Shipping,1,1,23,Bank Transfer,4,2,8280,4.49,5,10,10,3.16,0,0,At-Risk High-Value
976,58,Male,Clothing,40,Washington,Summer,3.8,1,2-Day Shipping,1,1,2,Bank Transfer,2,2,160,0.2,1.67,10,10,0.62,0,1,Low-Engagement Casuals
977,34,Male,Clothing,90,Florida,Fall,3.6,1,Express,1,1,50,Credit Card,5,2,22500,10,6.67,10,10,5.56,0,0,At-Risk High-Value
978,20,Male,Accessories,20,Washington,Spring,4.6,1,Express,1,1,34,Cash,1,2,680,6.73,0,10,10,2.24,0,1,Low-Engagement Casuals
979,56,Male,Accessories,40,Colorado,Summer,2.5,1,Standard,1,1,33,Credit Card,2,2,2640,6.53,1.67,10,10,2.73,0,0,Low-Engagement Casuals
980,64,Male,Accessories,33,New Hampshire,Fall,3.5,1,Store Pickup,1,1,34,Debit Card,4,2,4488,6.73,5,10,10,3.91,0,0,At-Risk High-Value
981,56,Male,Footwear,98,Maryland,Spring,4,1,Free Shipping,1,1,39,PayPal,5,2,19110,7.76,6.67,10,10,4.81,0,1,At-Risk High-Value
982,27,Male,Accessories,42,Maryland,Spring,3.5,1,Next Day Air,1,1,47,Credit Card,6,2,11844,9.39,8.33,10,10,5.91,0,0,At-Risk High-Value
983,35,Male,Outerwear,62,Texas,Summer,3.2,1,Standard,1,1,37,PayPal,4,2,9176,7.35,5,10,10,4.12,0,0,At-Risk High-Value
984,24,Male,Accessories,45,New Mexico,Winter,3.5,1,Free Shipping,1,1,40,Venmo,1,2,1800,7.96,0,10,10,2.65,0,0,Low-Engagement Casuals
985,26,Male,Footwear,78,Utah,Summer,3.4,1,Free Shipping,1,1,8,Credit Card,1,2,624,1.43,0,10,10,0.48,0,0,Low-Engagement Casuals
986,32,Male,Accessories,80,West Virginia,Fall,5,1,Express,1,1,12,Bank Transfer,7,2,6720,2.24,10,10,10,4.08,0,1,At-Risk High-Value
987,54,Male,Accessories,96,Connecticut,Spring,4.5,1,Store Pickup,1,1,36,Bank Transfer,4,2,13824,7.14,5,10,10,4.05,0,1,At-Risk High-Value
988,62,Male,Accessories,47,West Virginia,Summer,2.8,1,Express,1,1,48,PayPal,2,2,4512,9.59,1.67,10,10,3.75,0,0,At-Risk High-Value
989,50,Male,Clothing,84,Ohio,Winter,4.9,1,2-Day Shipping,1,1,47,PayPal,3,2,11844,9.39,3.33,10,10,4.24,0,1,At-Risk High-Value
990,70,Male,Footwear,31,Texas,Spring,3.1,1,Store Pickup,1,1,2,Bank Transfer,4,2,248,0.2,5,10,10,1.73,0,0,Low-Engagement Casuals
991,48,Male,Accessories,63,Washington,Spring,4.8,1,Store Pickup,1,1,24,Cash,2,2,3024,4.69,1.67,10,10,2.12,0,1,Low-Engagement Casuals
992,20,Male,Clothing,97,Wisconsin,Spring,2.7,1,Standard,1,1,40,Bank Transfer,1,2,3880,7.96,0,10,10,2.65,0,0,Low-Engagement Casuals
993,46,Male,Outerwear,99,Louisiana,Winter,4.6,1,Express,1,1,50,Debit Card,2,2,9900,10,1.67,10,10,3.89,0,1,At-Risk High-Value
994,51,Male,Footwear,90,Iowa,Winter,4.4,1,Store Pickup,1,1,25,Cash,2,2,4500,4.9,1.67,10,10,2.19,0,1,At-Risk High-Value
995,53,Male,Footwear,68,New York,Fall,3.2,1,Express,1,1,20,Debit Card,4,2,5440,3.88,5,10,10,2.96,0,0,At-Risk High-Value
996,44,Male,Accessories,80,Idaho,Spring,3,1,2-Day Shipping,1,1,10,Venmo,2,2,1600,1.84,1.67,10,10,1.17,0,0,Low-Engagement Casuals
997,29,Male,Footwear,91,Delaware,Summer,4.9,1,Standard,1,1,32,Bank Transfer,6,2,17472,6.33,8.33,10,10,4.89,0,1,At-Risk High-Value
998,64,Male,Clothing,30,Kentucky,Spring,3.6,1,Express,1,1,31,Cash,3,2,2790,6.12,3.33,10,10,3.15,0,0,Low-Engagement Casuals
999,51,Male,Footwear,90,Connecticut,Spring,3.8,1,Next Day Air,1,1,48,Bank Transfer,1,2,4320,9.59,0,10,10,3.2,0,1,At-Risk High-Value
1000,50,Male,Clothing,28,New Mexico,Spring,2.9,1,Standard,1,1,23,Debit Card,4,2,2576,4.49,5,10,10,3.16,0,0,Low-Engagement Casuals
1001,43,Male,Clothing,46,Georgia,Winter,3.9,1,Express,1,1,1,Bank Transfer,1,2,46,0,0,10,10,0,0,1,Low-Engagement Casuals
1002,61,Male,Clothing,60,Washington,Fall,3.6,1,Standard,1,1,4,Debit Card,3,2,720,0.61,3.33,10,10,1.31,0,0,Low-Engagement Casuals
1003,55,Male,Footwear,59,North Dakota,Spring,3.5,1,Store Pickup,1,1,3,Bank Transfer,1,2,177,0.41,0,10,10,0.14,0,0,Low-Engagement Casuals
1004,56,Male,Accessories,68,Ohio,Fall,4,1,Store Pickup,1,1,3,Cash,1,2,204,0.41,0,10,10,0.14,0,1,Low-Engagement Casuals
1005,33,Male,Accessories,79,Tennessee,Summer,4.8,1,2-Day Shipping,1,1,44,Cash,7,2,24332,8.78,10,10,10,6.26,0,1,At-Risk High-Value
1006,43,Male,Accessories,94,New York,Winter,3.9,1,Store Pickup,1,1,5,Debit Card,1,2,470,0.82,0,10,10,0.27,0,1,Low-Engagement Casuals
1007,21,Male,Clothing,83,Michigan,Summer,4.5,1,Next Day Air,1,1,50,Venmo,6,2,24900,10,8.33,10,10,6.11,0,1,At-Risk High-Value
1008,58,Male,Accessories,62,Georgia,Spring,4.8,1,Standard,1,1,2,Credit Card,7,2,868,0.2,10,10,10,3.4,0,1,Low-Engagement Casuals
1009,41,Male,Accessories,85,New Mexico,Spring,2.6,1,Store Pickup,1,1,29,PayPal,7,2,17255,5.71,10,10,10,5.24,0,0,At-Risk High-Value
1010,39,Male,Clothing,30,Louisiana,Summer,3.1,1,Express,1,1,11,Venmo,7,2,2310,2.04,10,10,10,4.01,0,0,Low-Engagement Casuals
1011,54,Male,Clothing,24,South Dakota,Spring,4.7,1,2-Day Shipping,1,1,37,Credit Card,3,2,2664,7.35,3.33,10,10,3.56,0,1,Low-Engagement Casuals
1012,43,Male,Accessories,25,Montana,Spring,2.9,1,Next Day Air,1,1,32,Debit Card,3,2,2400,6.33,3.33,10,10,3.22,0,0,Low-Engagement Casuals
1013,28,Male,Footwear,37,New Mexico,Summer,3.8,1,Express,1,1,27,Credit Card,7,2,6993,5.31,10,10,10,5.1,0,1,At-Risk High-Value
1014,59,Male,Accessories,69,South Carolina,Summer,3.8,1,2-Day Shipping,1,1,31,Venmo,1,2,2139,6.12,0,10,10,2.04,0,1,Low-Engagement Casuals
1015,28,Male,Footwear,97,Ohio,Summer,3,1,Standard,1,1,36,Debit Card,3,2,10476,7.14,3.33,10,10,3.49,0,0,At-Risk High-Value
1016,68,Male,Accessories,24,North Carolina,Summer,4.1,1,Standard,1,1,34,Cash,2,2,1632,6.73,1.67,10,10,2.8,0,1,Low-Engagement Casuals
1017,20,Male,Accessories,30,Idaho,Summer,3.4,1,Express,1,1,15,Bank Transfer,5,2,2250,2.86,6.67,10,10,3.18,0,0,Low-Engagement Casuals
1018,21,Male,Outerwear,53,Oklahoma,Fall,2.5,1,Express,1,1,14,Credit Card,7,2,5194,2.65,10,10,10,4.22,0,0,At-Risk High-Value
1019,50,Male,Clothing,70,Georgia,Spring,4.9,1,Next Day Air,1,1,46,Cash,2,2,6440,9.18,1.67,10,10,3.62,0,1,At-Risk High-Value
1020,32,Male,Clothing,76,Kentucky,Winter,2.8,1,Standard,1,1,33,Venmo,1,2,2508,6.53,0,10,10,2.18,0,0,Low-Engagement Casuals
1021,24,Male,Accessories,95,Delaware,Fall,4.5,1,Express,1,1,41,Debit Card,7,2,27265,8.16,10,10,10,6.05,0,1,At-Risk High-Value
1022,55,Male,Outerwear,51,Massachusetts,Winter,4.9,1,2-Day Shipping,1,1,39,PayPal,2,2,3978,7.76,1.67,10,10,3.14,0,1,Low-Engagement Casuals
1023,61,Male,Accessories,41,Nebraska,Winter,4.9,1,Store Pickup,1,1,7,Cash,7,2,2009,1.22,10,10,10,3.74,0,1,Low-Engagement Casuals
1024,61,Male,Accessories,71,Maine,Winter,3.5,1,Free Shipping,1,1,29,Bank Transfer,5,2,10295,5.71,6.67,10,10,4.13,0,0,At-Risk High-Value
1025,28,Male,Clothing,66,Pennsylvania,Summer,3.5,1,Free Shipping,1,1,18,Venmo,6,2,7128,3.47,8.33,10,10,3.93,0,0,At-Risk High-Value
1026,60,Male,Clothing,84,Nebraska,Winter,4.9,1,Free Shipping,1,1,15,Credit Card,7,2,8820,2.86,10,10,10,4.29,0,1,At-Risk High-Value
1027,49,Male,Accessories,95,Virginia,Winter,3,1,Express,1,1,39,PayPal,1,2,3705,7.76,0,10,10,2.59,0,0,Low-Engagement Casuals
1028,33,Male,Accessories,90,Ohio,Summer,2.8,1,Next Day Air,1,1,11,Cash,4,2,3960,2.04,5,10,10,2.35,0,0,Low-Engagement Casuals
1029,45,Male,Clothing,36,Nebraska,Summer,3.7,1,Standard,1,1,4,Cash,3,2,432,0.61,3.33,10,10,1.31,0,0,Low-Engagement Casuals
1030,29,Male,Accessories,22,Ohio,Spring,3.6,1,2-Day Shipping,1,1,33,Venmo,1,2,726,6.53,0,10,10,2.18,0,0,Low-Engagement Casuals
1031,58,Male,Outerwear,89,Kentucky,Winter,3.3,1,Next Day Air,1,1,37,Debit Card,6,2,19758,7.35,8.33,10,10,5.23,0,0,At-Risk High-Value
1032,22,Male,Footwear,50,Tennessee,Spring,3.4,1,Free Shipping,1,1,32,Cash,6,2,9600,6.33,8.33,10,10,4.89,0,0,At-Risk High-Value
1033,55,Male,Footwear,36,Maine,Fall,4,1,Free Shipping,1,1,44,Credit Card,6,2,9504,8.78,8.33,10,10,5.7,0,1,At-Risk High-Value
1034,19,Male,Clothing,52,Montana,Spring,4.6,1,Free Shipping,1,1,41,Bank Transfer,6,2,12792,8.16,8.33,10,10,5.5,0,1,At-Risk High-Value
1035,68,Male,Clothing,29,Maryland,Fall,4.2,1,Next Day Air,1,1,44,Bank Transfer,2,2,2552,8.78,1.67,10,10,3.48,0,1,Low-Engagement Casuals
1036,61,Male,Clothing,89,Georgia,Fall,2.8,1,Express,1,1,32,Venmo,7,2,19936,6.33,10,10,10,5.44,0,0,At-Risk High-Value
1037,68,Male,Accessories,47,Hawaii,Fall,3.7,1,2-Day Shipping,1,1,13,Bank Transfer,4,2,2444,2.45,5,10,10,2.48,0,0,Low-Engagement Casuals
1038,52,Male,Accessories,25,Rhode Island,Spring,3.4,1,Standard,1,1,48,Debit Card,6,2,7200,9.59,8.33,10,10,5.97,0,0,At-Risk High-Value
1039,41,Male,Clothing,74,Nebraska,Fall,3,1,Express,1,1,3,Bank Transfer,2,2,444,0.41,1.67,10,10,0.69,0,0,Low-Engagement Casuals
1040,29,Male,Accessories,46,Michigan,Fall,4.8,1,Standard,1,1,39,Venmo,4,2,7176,7.76,5,10,10,4.25,0,1,At-Risk High-Value
1041,68,Male,Clothing,22,North Carolina,Fall,4,1,Next Day Air,1,1,7,Cash,3,2,462,1.22,3.33,10,10,1.52,0,1,Low-Engagement Casuals
1042,36,Male,Clothing,25,Minnesota,Summer,4.9,1,Next Day Air,1,1,11,Cash,3,2,825,2.04,3.33,10,10,1.79,0,1,Low-Engagement Casuals
1043,55,Male,Accessories,80,Maryland,Spring,4.9,1,Next Day Air,1,1,47,Credit Card,2,2,7520,9.39,1.67,10,10,3.69,0,1,At-Risk High-Value
1044,28,Male,Clothing,76,Hawaii,Spring,3.3,1,2-Day Shipping,1,1,28,Debit Card,3,2,6384,5.51,3.33,10,10,2.95,0,0,At-Risk High-Value
1045,39,Male,Clothing,30,Oregon,Summer,4.4,1,Next Day Air,1,1,17,Bank Transfer,5,2,2550,3.27,6.67,10,10,3.31,0,1,Low-Engagement Casuals
1046,54,Male,Clothing,79,New Mexico,Fall,3.5,1,2-Day Shipping,1,1,11,PayPal,1,2,869,2.04,0,10,10,0.68,0,0,Low-Engagement Casuals
1047,40,Male,Footwear,22,Illinois,Winter,4.2,1,Standard,1,1,12,Venmo,7,2,1848,2.24,10,10,10,4.08,0,1,Low-Engagement Casuals
1048,31,Male,Clothing,36,Utah,Fall,4.2,1,Standard,1,1,7,Credit Card,3,2,756,1.22,3.33,10,10,1.52,0,1,Low-Engagement Casuals
1049,30,Male,Clothing,77,Maine,Fall,2.7,1,Standard,1,1,19,Venmo,3,2,4389,3.67,3.33,10,10,2.33,0,0,At-Risk High-Value
1050,45,Male,Accessories,33,Virginia,Fall,2.8,1,Store Pickup,1,1,24,Cash,6,2,4752,4.69,8.33,10,10,4.34,0,0,At-Risk High-Value
1051,48,Male,Footwear,64,Florida,Winter,3.8,1,Next Day Air,1,1,19,Venmo,4,2,4864,3.67,5,10,10,2.89,0,1,At-Risk High-Value
1052,45,Male,Clothing,53,Ohio,Fall,2.6,1,Free Shipping,1,1,39,PayPal,7,2,14469,7.76,10,10,10,5.92,0,0,At-Risk High-Value
1053,60,Male,Footwear,36,Virginia,Fall,3,1,2-Day Shipping,1,1,1,Credit Card,3,2,108,0,3.33,10,10,1.11,0,0,Low-Engagement Casuals
1054,59,Male,Clothing,70,Kansas,Spring,3.3,0,2-Day Shipping,1,1,10,Debit Card,1,2,700,1.84,0,10,0,0.61,0,0,Low-Engagement Casuals
1055,18,Male,Clothing,96,Arkansas,Winter,4.9,0,Express,1,1,48,PayPal,6,2,27648,9.59,8.33,10,0,5.97,0,1,At-Risk High-Value
1056,70,Male,Outerwear,27,Massachusetts,Spring,3.3,0,Next Day Air,1,1,24,Debit Card,7,2,4536,4.69,10,10,0,4.9,0,0,At-Risk High-Value
1057,20,Male,Clothing,64,Idaho,Winter,2.9,0,2-Day Shipping,1,1,42,Venmo,3,2,8064,8.37,3.33,10,0,3.9,0,0,At-Risk High-Value
1058,65,Male,Outerwear,23,Wisconsin,Spring,4.4,0,2-Day Shipping,1,1,20,Credit Card,2,2,920,3.88,1.67,10,0,1.85,0,1,Low-Engagement Casuals
1059,29,Male,Accessories,33,New Mexico,Summer,3.1,0,Next Day Air,1,1,49,Bank Transfer,5,2,8085,9.8,6.67,10,0,5.49,0,0,At-Risk High-Value
1060,22,Male,Outerwear,34,North Carolina,Winter,2.5,0,Standard,1,1,25,Debit Card,4,2,3400,4.9,5,10,0,3.3,0,0,Low-Engagement Casuals
1061,27,Male,Clothing,35,Iowa,Summer,2.6,0,Next Day Air,1,1,21,Debit Card,5,2,3675,4.08,6.67,10,0,3.58,0,0,Low-Engagement Casuals
1062,36,Male,Outerwear,62,Idaho,Summer,4.4,0,Free Shipping,1,1,12,Venmo,5,2,3720,2.24,6.67,10,0,2.97,0,1,Low-Engagement Casuals
1063,59,Male,Footwear,75,Ohio,Fall,2.6,0,Next Day Air,1,1,21,Debit Card,5,2,7875,4.08,6.67,10,0,3.58,0,0,At-Risk High-Value
1064,62,Male,Clothing,29,Alabama,Summer,3.3,0,Free Shipping,1,1,35,Cash,4,2,4060,6.94,5,10,0,3.98,0,0,Low-Engagement Casuals
1065,34,Male,Accessories,28,Wyoming,Spring,3.5,0,Express,1,1,42,Credit Card,5,2,5880,8.37,6.67,10,0,5.01,0,0,At-Risk High-Value
1066,59,Male,Clothing,20,Alabama,Spring,4.1,0,Store Pickup,1,1,3,PayPal,5,2,300,0.41,6.67,10,0,2.36,0,1,Low-Engagement Casuals
1067,49,Male,Outerwear,96,Mississippi,Winter,4,0,Store Pickup,1,1,11,PayPal,1,2,1056,2.04,0,10,0,0.68,0,1,Low-Engagement Casuals
1068,18,Male,Clothing,43,Pennsylvania,Summer,2.7,0,2-Day Shipping,1,1,22,PayPal,6,2,5676,4.29,8.33,10,0,4.21,0,0,At-Risk High-Value
1069,55,Male,Clothing,94,Wyoming,Fall,2.5,0,Standard,1,1,47,Credit Card,2,2,8836,9.39,1.67,10,0,3.69,0,0,At-Risk High-Value
1070,38,Male,Clothing,81,Maryland,Fall,4.3,0,Next Day Air,1,1,33,Venmo,5,2,13365,6.53,6.67,10,0,4.4,0,1,At-Risk High-Value
1071,50,Male,Accessories,75,North Carolina,Summer,3.3,0,Free Shipping,1,1,50,Debit Card,2,2,7500,10,1.67,10,0,3.89,0,0,At-Risk High-Value
1072,61,Male,Accessories,81,Pennsylvania,Summer,2.6,0,Express,1,1,46,Credit Card,4,2,14904,9.18,5,10,0,4.73,0,0,At-Risk High-Value
1073,48,Male,Clothing,92,Idaho,Fall,3.75,0,Express,1,1,34,Debit Card,3,2,9384,6.73,3.33,10,0,3.35,0,0,At-Risk High-Value
1074,22,Male,Accessories,96,California,Spring,4,0,Store Pickup,1,1,33,Credit Card,4,2,12672,6.53,5,10,0,3.84,0,1,At-Risk High-Value
1075,48,Male,Accessories,71,Tennessee,Fall,2.6,0,Standard,1,1,45,Bank Transfer,3,2,9585,8.98,3.33,10,0,4.1,0,0,At-Risk High-Value
1076,57,Male,Accessories,50,Missouri,Summer,4.9,0,Next Day Air,1,1,32,Debit Card,1,2,1600,6.33,0,10,0,2.11,0,1,Low-Engagement Casuals
1077,33,Male,Outerwear,72,North Dakota,Spring,2.9,0,Standard,1,1,47,Venmo,1,2,3384,9.39,0,10,0,3.13,0,0,Low-Engagement Casuals
1078,58,Male,Outerwear,28,West Virginia,Winter,3.7,0,Standard,1,1,5,PayPal,6,2,840,0.82,8.33,10,0,3.05,0,0,Low-Engagement Casuals
1079,37,Male,Clothing,59,Arizona,Fall,4.4,0,Express,1,1,49,Credit Card,3,2,8673,9.8,3.33,10,0,4.38,0,1,At-Risk High-Value
1080,18,Male,Outerwear,33,Oklahoma,Summer,4.4,0,Free Shipping,1,1,48,Bank Transfer,4,2,6336,9.59,5,10,0,4.86,0,1,At-Risk High-Value
1081,65,Male,Accessories,59,Pennsylvania,Fall,3.8,0,Express,1,1,22,Cash,5,2,6490,4.29,6.67,10,0,3.65,0,1,At-Risk High-Value
1082,62,Male,Accessories,30,Idaho,Spring,4.5,0,Standard,1,1,45,Credit Card,7,2,9450,8.98,10,10,0,6.33,0,1,At-Risk High-Value
1083,54,Male,Accessories,85,South Carolina,Winter,2.6,0,Next Day Air,1,1,30,Venmo,6,2,15300,5.92,8.33,10,0,4.75,0,0,At-Risk High-Value
1084,35,Male,Accessories,97,Washington,Summer,3.3,0,Store Pickup,1,1,43,Cash,2,2,8342,8.57,1.67,10,0,3.41,0,0,At-Risk High-Value
1085,34,Male,Clothing,36,Arkansas,Fall,4.1,0,Next Day Air,1,1,48,Cash,6,2,10368,9.59,8.33,10,0,5.97,0,1,At-Risk High-Value
1086,25,Male,Accessories,85,Utah,Winter,3,0,Store Pickup,1,1,23,Venmo,3,2,5865,4.49,3.33,10,0,2.61,0,0,At-Risk High-Value
1087,53,Male,Accessories,62,Alaska,Winter,3,0,Free Shipping,1,1,27,PayPal,1,2,1674,5.31,0,10,0,1.77,0,0,Low-Engagement Casuals
1088,45,Male,Clothing,71,West Virginia,Winter,3.4,0,Next Day Air,1,1,7,Bank Transfer,4,2,1988,1.22,5,10,0,2.07,0,0,Low-Engagement Casuals
1089,49,Male,Clothing,21,Louisiana,Winter,2.7,0,Free Shipping,1,1,2,PayPal,2,2,84,0.2,1.67,10,0,0.62,0,0,Low-Engagement Casuals
1090,40,Male,Accessories,61,Arizona,Spring,3.8,0,Next Day Air,1,1,33,PayPal,1,2,2013,6.53,0,10,0,2.18,0,1,Low-Engagement Casuals
1091,38,Male,Accessories,58,Connecticut,Spring,4.2,0,Store Pickup,1,1,27,Cash,3,2,4698,5.31,3.33,10,0,2.88,0,1,At-Risk High-Value
1092,44,Male,Clothing,80,North Carolina,Spring,4.7,0,Store Pickup,1,1,6,Credit Card,3,2,1440,1.02,3.33,10,0,1.45,0,1,Low-Engagement Casuals
1093,68,Male,Accessories,50,South Dakota,Spring,4.1,0,2-Day Shipping,1,1,20,Venmo,6,2,6000,3.88,8.33,10,0,4.07,0,1,At-Risk High-Value
1094,60,Male,Footwear,48,Delaware,Winter,4.2,0,2-Day Shipping,1,1,46,Venmo,5,2,11040,9.18,6.67,10,0,5.28,0,1,At-Risk High-Value
1095,25,Male,Accessories,40,Connecticut,Winter,4.8,0,Next Day Air,1,1,25,Cash,6,2,6000,4.9,8.33,10,0,4.41,0,1,At-Risk High-Value
1096,19,Male,Outerwear,34,Tennessee,Summer,3,0,Free Shipping,1,1,30,Bank Transfer,6,2,6120,5.92,8.33,10,0,4.75,0,0,At-Risk High-Value
1097,57,Male,Outerwear,46,New Hampshire,Fall,2.6,0,Standard,1,1,48,Credit Card,7,2,15456,9.59,10,10,0,6.53,0,0,At-Risk High-Value
1098,58,Male,Accessories,27,Vermont,Summer,3.2,0,Store Pickup,1,1,47,Bank Transfer,2,2,2538,9.39,1.67,10,0,3.69,0,0,Low-Engagement Casuals
1099,49,Male,Accessories,98,Idaho,Spring,3.6,0,Next Day Air,1,1,27,Credit Card,2,2,5292,5.31,1.67,10,0,2.33,0,0,At-Risk High-Value
1100,19,Male,Clothing,73,North Carolina,Fall,2.6,0,Next Day Air,1,1,45,Bank Transfer,3,2,9855,8.98,3.33,10,0,4.1,0,0,At-Risk High-Value
1101,50,Male,Clothing,28,Nevada,Spring,4.4,0,Express,1,1,2,Credit Card,2,2,112,0.2,1.67,10,0,0.62,0,1,Low-Engagement Casuals
1102,30,Male,Accessories,76,Delaware,Fall,3,0,Free Shipping,1,1,39,Cash,3,2,8892,7.76,3.33,10,0,3.7,0,0,At-Risk High-Value
1103,52,Male,Clothing,83,Texas,Fall,2.9,0,Express,1,1,24,Cash,3,2,5976,4.69,3.33,10,0,2.67,0,0,At-Risk High-Value
1104,35,Male,Clothing,23,Tennessee,Spring,4.3,0,Free Shipping,1,1,8,Debit Card,1,2,184,1.43,0,10,0,0.48,0,1,Low-Engagement Casuals
1105,35,Male,Accessories,28,Delaware,Fall,3.1,0,Express,1,1,8,Bank Transfer,6,2,1344,1.43,8.33,10,0,3.25,0,0,Low-Engagement Casuals
1106,33,Male,Clothing,83,Massachusetts,Spring,3,0,Next Day Air,1,1,6,Venmo,5,2,2490,1.02,6.67,10,0,2.56,0,0,Low-Engagement Casuals
1107,52,Male,Clothing,96,Minnesota,Winter,3.6,0,Store Pickup,1,1,12,Venmo,3,2,3456,2.24,3.33,10,0,1.86,0,0,Low-Engagement Casuals
1108,69,Male,Footwear,62,Texas,Fall,2.8,0,Store Pickup,1,1,26,Bank Transfer,2,2,3224,5.1,1.67,10,0,2.26,0,0,Low-Engagement Casuals
1109,27,Male,Clothing,25,Nebraska,Fall,2.8,0,Standard,1,1,50,Cash,3,2,3750,10,3.33,10,0,4.44,0,0,Low-Engagement Casuals
1110,66,Male,Clothing,97,Oklahoma,Winter,3.75,0,Next Day Air,1,1,2,Venmo,2,2,388,0.2,1.67,10,0,0.62,0,0,Low-Engagement Casuals
1111,28,Male,Clothing,61,Texas,Fall,3,0,Standard,1,1,31,Cash,1,2,1891,6.12,0,10,0,2.04,0,0,Low-Engagement Casuals
1112,22,Male,Footwear,66,New York,Summer,4.1,0,Next Day Air,1,1,4,Credit Card,1,2,264,0.61,0,10,0,0.2,0,1,Low-Engagement Casuals
1113,69,Male,Clothing,67,Washington,Spring,4.6,0,Free Shipping,1,1,32,PayPal,6,2,12864,6.33,8.33,10,0,4.89,0,1,At-Risk High-Value
1114,28,Male,Accessories,80,Maryland,Summer,4.8,0,Next Day Air,1,1,11,PayPal,1,2,880,2.04,0,10,0,0.68,0,1,Low-Engagement Casuals
1115,55,Male,Clothing,25,New Hampshire,Fall,2.6,0,Next Day Air,1,1,47,Bank Transfer,5,2,5875,9.39,6.67,10,0,5.35,0,0,At-Risk High-Value
1116,30,Male,Accessories,58,New York,Fall,4,0,2-Day Shipping,1,1,37,Cash,2,2,4292,7.35,1.67,10,0,3.01,0,1,At-Risk High-Value
1117,67,Male,Accessories,96,Hawaii,Winter,4.2,0,Express,1,1,39,PayPal,3,2,11232,7.76,3.33,10,0,3.7,0,1,At-Risk High-Value
1118,25,Male,Accessories,77,California,Spring,4.5,0,Store Pickup,1,1,24,Credit Card,4,2,7392,4.69,5,10,0,3.23,0,1,At-Risk High-Value
1119,49,Male,Accessories,65,Indiana,Summer,4.9,0,Standard,1,1,11,PayPal,5,2,3575,2.04,6.67,10,0,2.9,0,1,Low-Engagement Casuals
1120,34,Male,Accessories,36,Louisiana,Spring,3.1,0,Standard,1,1,36,Credit Card,2,2,2592,7.14,1.67,10,0,2.94,0,0,Low-Engagement Casuals
1121,22,Male,Footwear,84,Pennsylvania,Winter,4,0,Next Day Air,1,1,40,Debit Card,4,2,13440,7.96,5,10,0,4.32,0,1,At-Risk High-Value
1122,63,Male,Clothing,58,Florida,Fall,3.2,0,Express,1,1,25,Cash,6,2,8700,4.9,8.33,10,0,4.41,0,0,At-Risk High-Value
1123,70,Male,Accessories,62,North Carolina,Spring,4.3,0,2-Day Shipping,1,1,12,Credit Card,7,2,5208,2.24,10,10,0,4.08,0,1,At-Risk High-Value
1124,36,Male,Accessories,67,Massachusetts,Fall,2.5,0,Store Pickup,1,1,38,Cash,4,2,10184,7.55,5,10,0,4.18,0,0,At-Risk High-Value
1125,42,Male,Clothing,20,Iowa,Spring,3.75,0,Express,1,1,40,Cash,6,2,4800,7.96,8.33,10,0,5.43,0,0,At-Risk High-Value
1126,27,Male,Footwear,90,North Dakota,Summer,2.7,0,2-Day Shipping,1,1,10,Bank Transfer,2,2,1800,1.84,1.67,10,0,1.17,0,0,Low-Engagement Casuals
1127,23,Male,Accessories,58,Iowa,Winter,3.4,0,Standard,1,1,47,Venmo,3,2,8178,9.39,3.33,10,0,4.24,0,0,At-Risk High-Value
1128,50,Male,Clothing,53,Delaware,Spring,4.8,0,Store Pickup,1,1,22,Debit Card,4,2,4664,4.29,5,10,0,3.1,0,1,At-Risk High-Value
1129,56,Male,Accessories,30,New York,Winter,4.7,0,Next Day Air,1,1,35,Debit Card,4,2,4200,6.94,5,10,0,3.98,0,1,Low-Engagement Casuals
1130,37,Male,Clothing,65,New Hampshire,Winter,4.7,0,Express,1,1,46,Venmo,3,2,8970,9.18,3.33,10,0,4.17,0,1,At-Risk High-Value
1131,67,Male,Accessories,41,Kentucky,Summer,3.9,0,Standard,1,1,30,PayPal,1,2,1230,5.92,0,10,0,1.97,0,1,Low-Engagement Casuals
1132,67,Male,Clothing,73,Illinois,Spring,3.7,0,Express,1,1,20,Bank Transfer,4,2,5840,3.88,5,10,0,2.96,0,0,At-Risk High-Value
1133,50,Male,Clothing,98,North Carolina,Spring,4.3,0,Store Pickup,1,1,25,Cash,3,2,7350,4.9,3.33,10,0,2.74,0,1,At-Risk High-Value
1134,36,Male,Footwear,36,Connecticut,Winter,4.1,0,2-Day Shipping,1,1,29,Cash,2,2,2088,5.71,1.67,10,0,2.46,0,1,Low-Engagement Casuals
1135,62,Male,Clothing,81,Wisconsin,Summer,3.75,0,Express,1,1,2,Venmo,5,2,810,0.2,6.67,10,0,2.29,0,0,Low-Engagement Casuals
1136,65,Male,Clothing,90,Massachusetts,Winter,3.6,0,2-Day Shipping,1,1,32,Bank Transfer,6,2,17280,6.33,8.33,10,0,4.89,0,0,At-Risk High-Value
1137,23,Male,Accessories,83,Illinois,Summer,4.8,0,Free Shipping,1,1,37,Cash,4,2,12284,7.35,5,10,0,4.12,0,1,At-Risk High-Value
1138,46,Male,Clothing,91,New Mexico,Winter,2.8,0,2-Day Shipping,1,1,16,Bank Transfer,5,2,7280,3.06,6.67,10,0,3.24,0,0,At-Risk High-Value
1139,18,Male,Clothing,36,Iowa,Summer,4.7,0,Express,1,1,32,Venmo,3,2,3456,6.33,3.33,10,0,3.22,0,1,Low-Engagement Casuals
1140,58,Male,Outerwear,53,Alabama,Spring,3.9,0,Standard,1,1,42,Debit Card,1,2,2226,8.37,0,10,0,2.79,0,1,Low-Engagement Casuals
1141,31,Male,Clothing,39,Maryland,Winter,2.6,0,Store Pickup,1,1,6,Credit Card,5,2,1170,1.02,6.67,10,0,2.56,0,0,Low-Engagement Casuals
1142,39,Male,Accessories,33,Ohio,Winter,4.7,0,Next Day Air,1,1,23,PayPal,3,2,2277,4.49,3.33,10,0,2.61,0,1,Low-Engagement Casuals
1143,69,Male,Clothing,76,Ohio,Spring,3.5,0,Store Pickup,1,1,27,Venmo,1,2,2052,5.31,0,10,0,1.77,0,0,Low-Engagement Casuals
1144,68,Male,Footwear,23,Nevada,Winter,4.4,0,Standard,1,1,43,PayPal,6,2,5934,8.57,8.33,10,0,5.63,0,1,At-Risk High-Value
1145,41,Male,Clothing,54,South Carolina,Fall,4.4,0,2-Day Shipping,1,1,25,Bank Transfer,3,2,4050,4.9,3.33,10,0,2.74,0,1,Low-Engagement Casuals
1146,31,Male,Footwear,89,Nevada,Summer,3,0,Express,1,1,30,Cash,5,2,13350,5.92,6.67,10,0,4.2,0,0,At-Risk High-Value
1147,48,Male,Footwear,38,Wisconsin,Summer,4.2,0,Standard,1,1,7,Bank Transfer,5,2,1330,1.22,6.67,10,0,2.63,0,1,Low-Engagement Casuals
1148,59,Male,Accessories,36,Tennessee,Winter,4.3,0,Next Day Air,1,1,17,Debit Card,7,2,4284,3.27,10,10,0,4.42,0,1,At-Risk High-Value
1149,34,Male,Clothing,66,Florida,Spring,2.6,0,Store Pickup,1,1,10,PayPal,3,2,1980,1.84,3.33,10,0,1.72,0,0,Low-Engagement Casuals
1150,21,Male,Accessories,42,Georgia,Spring,3.3,0,Store Pickup,1,1,40,Venmo,7,2,11760,7.96,10,10,0,5.99,0,0,At-Risk High-Value
1151,29,Male,Accessories,36,Kentucky,Winter,2.7,0,Next Day Air,1,1,50,Venmo,1,2,1800,10,0,10,0,3.33,0,0,Low-Engagement Casuals
1152,41,Male,Clothing,86,Ohio,Spring,3.75,0,Express,1,1,24,Credit Card,2,2,4128,4.69,1.67,10,0,2.12,0,0,Low-Engagement Casuals
1153,62,Male,Accessories,49,Connecticut,Fall,4,0,Standard,1,1,8,PayPal,5,2,1960,1.43,6.67,10,0,2.7,0,1,Low-Engagement Casuals
1154,27,Male,Clothing,41,Idaho,Summer,4,0,Free Shipping,1,1,6,Bank Transfer,6,2,1476,1.02,8.33,10,0,3.12,0,1,Low-Engagement Casuals
1155,49,Male,Clothing,82,Georgia,Spring,2.9,0,2-Day Shipping,1,1,44,Credit Card,1,2,3608,8.78,0,10,0,2.93,0,0,Low-Engagement Casuals
1156,67,Male,Clothing,53,Tennessee,Fall,2.6,0,Express,1,1,47,PayPal,6,2,14946,9.39,8.33,10,0,5.91,0,0,At-Risk High-Value
1157,20,Male,Footwear,21,Hawaii,Summer,4.8,0,Express,1,1,6,Venmo,5,2,630,1.02,6.67,10,0,2.56,0,1,Low-Engagement Casuals
1158,37,Male,Accessories,66,Maryland,Fall,4.4,0,Standard,1,1,11,Cash,6,2,4356,2.04,8.33,10,0,3.46,0,1,At-Risk High-Value
1159,69,Male,Accessories,89,Nevada,Summer,4,0,2-Day Shipping,1,1,41,Bank Transfer,7,2,25543,8.16,10,10,0,6.05,0,1,At-Risk High-Value
1160,66,Male,Accessories,55,New Hampshire,Fall,3.6,0,2-Day Shipping,1,1,46,Venmo,5,2,12650,9.18,6.67,10,0,5.28,0,0,At-Risk High-Value
1161,37,Male,Accessories,42,North Dakota,Summer,3.2,0,Next Day Air,1,1,9,Venmo,1,2,378,1.63,0,10,0,0.54,0,0,Low-Engagement Casuals
1162,63,Male,Clothing,52,Oklahoma,Fall,3.1,0,2-Day Shipping,1,1,37,PayPal,4,2,7696,7.35,5,10,0,4.12,0,0,At-Risk High-Value
1163,47,Male,Footwear,92,North Carolina,Winter,4.2,0,Express,1,1,13,PayPal,2,2,2392,2.45,1.67,10,0,1.37,0,1,Low-Engagement Casuals
1164,26,Male,Clothing,56,Tennessee,Summer,3,0,2-Day Shipping,1,1,24,Debit Card,4,2,5376,4.69,5,10,0,3.23,0,0,At-Risk High-Value
1165,68,Male,Clothing,96,Montana,Winter,4.2,0,Standard,1,1,47,PayPal,6,2,27072,9.39,8.33,10,0,5.91,0,1,At-Risk High-Value
1166,51,Male,Clothing,64,Wisconsin,Winter,2.9,0,Next Day Air,1,1,21,Venmo,5,2,6720,4.08,6.67,10,0,3.58,0,0,At-Risk High-Value
1167,48,Male,Clothing,48,Connecticut,Winter,3.7,0,Store Pickup,1,1,22,Venmo,3,2,3168,4.29,3.33,10,0,2.54,0,0,Low-Engagement Casuals
1168,60,Male,Clothing,83,New Jersey,Summer,3.6,0,Free Shipping,1,1,16,PayPal,6,2,7968,3.06,8.33,10,0,3.8,0,0,At-Risk High-Value
1169,68,Male,Accessories,91,Mississippi,Summer,3.6,0,Standard,1,1,37,Debit Card,3,2,10101,7.35,3.33,10,0,3.56,0,0,At-Risk High-Value
1170,25,Male,Accessories,94,Wyoming,Fall,4.5,0,2-Day Shipping,1,1,3,Cash,7,2,1974,0.41,10,10,0,3.47,0,1,Low-Engagement Casuals
1171,57,Male,Clothing,62,Illinois,Spring,3.2,0,Express,1,1,33,Cash,1,2,2046,6.53,0,10,0,2.18,0,0,Low-Engagement Casuals
1172,41,Male,Clothing,55,Louisiana,Spring,3.9,0,Next Day Air,1,1,15,Debit Card,7,2,5775,2.86,10,10,0,4.29,0,1,At-Risk High-Value
1173,59,Male,Outerwear,68,Oregon,Spring,4.6,0,Store Pickup,1,1,42,Bank Transfer,1,2,2856,8.37,0,10,0,2.79,0,1,Low-Engagement Casuals
1174,44,Male,Accessories,76,South Dakota,Winter,2.5,0,Express,1,1,42,Cash,1,2,3192,8.37,0,10,0,2.79,0,0,Low-Engagement Casuals
1175,42,Male,Accessories,31,Michigan,Winter,4.3,0,Express,1,1,19,Bank Transfer,1,2,589,3.67,0,10,0,1.22,0,1,Low-Engagement Casuals
1176,35,Male,Accessories,81,New Jersey,Spring,4.1,0,Store Pickup,1,1,26,PayPal,6,2,12636,5.1,8.33,10,0,4.48,0,1,At-Risk High-Value
1177,36,Male,Clothing,83,Oregon,Winter,3.75,0,Free Shipping,1,1,39,PayPal,6,2,19422,7.76,8.33,10,0,5.36,0,0,At-Risk High-Value
1178,54,Male,Clothing,21,Iowa,Spring,4.8,0,Standard,1,1,24,Debit Card,4,2,2016,4.69,5,10,0,3.23,0,1,Low-Engagement Casuals
1179,37,Male,Clothing,22,South Carolina,Spring,4.9,0,Express,1,1,23,Debit Card,7,2,3542,4.49,10,10,0,4.83,0,1,Low-Engagement Casuals
1180,20,Male,Clothing,33,Indiana,Summer,2.8,0,Free Shipping,1,1,44,Bank Transfer,7,2,10164,8.78,10,10,0,6.26,0,0,At-Risk High-Value
1181,23,Male,Clothing,23,Oregon,Spring,4.9,0,Standard,1,1,34,Cash,4,2,3128,6.73,5,10,0,3.91,0,1,Low-Engagement Casuals
1182,61,Male,Clothing,96,New York,Summer,3.5,0,Free Shipping,1,1,43,Bank Transfer,6,2,24768,8.57,8.33,10,0,5.63,0,0,At-Risk High-Value
1183,37,Male,Accessories,21,New Mexico,Spring,3.8,0,Express,1,1,45,PayPal,6,2,5670,8.98,8.33,10,0,5.77,0,1,At-Risk High-Value
1184,23,Male,Clothing,39,Louisiana,Spring,4.5,0,2-Day Shipping,1,1,4,Credit Card,2,2,312,0.61,1.67,10,0,0.76,0,1,Low-Engagement Casuals
1185,63,Male,Accessories,73,South Carolina,Fall,3.4,0,Express,1,1,19,Credit Card,7,2,9709,3.67,10,10,0,4.56,0,0,At-Risk High-Value
1186,47,Male,Clothing,64,Maine,Spring,3.9,0,Standard,1,1,29,Credit Card,4,2,7424,5.71,5,10,0,3.57,0,1,At-Risk High-Value
1187,63,Male,Clothing,68,Indiana,Summer,4.1,0,2-Day Shipping,1,1,27,Credit Card,7,2,12852,5.31,10,10,0,5.1,0,1,At-Risk High-Value
1188,56,Male,Accessories,89,Iowa,Fall,3,0,Express,1,1,37,Credit Card,5,2,16465,7.35,6.67,10,0,4.67,0,0,At-Risk High-Value
1189,68,Male,Clothing,29,Mississippi,Summer,3.3,0,Next Day Air,1,1,11,Credit Card,2,2,638,2.04,1.67,10,0,1.24,0,0,Low-Engagement Casuals
1190,64,Male,Clothing,97,Arkansas,Summer,3.75,0,Free Shipping,1,1,28,Debit Card,7,2,19012,5.51,10,10,0,5.17,0,0,At-Risk High-Value
1191,62,Male,Clothing,45,South Carolina,Winter,4.3,0,Next Day Air,1,1,31,Credit Card,2,2,2790,6.12,1.67,10,0,2.6,0,1,Low-Engagement Casuals
1192,34,Male,Clothing,70,Indiana,Winter,4.1,0,Free Shipping,1,1,50,Venmo,6,2,21000,10,8.33,10,0,6.11,0,1,At-Risk High-Value
1193,49,Male,Outerwear,56,Florida,Summer,4,0,2-Day Shipping,1,1,42,Venmo,6,2,14112,8.37,8.33,10,0,5.57,0,1,At-Risk High-Value
1194,40,Male,Outerwear,55,Alaska,Fall,5,0,2-Day Shipping,1,1,18,Credit Card,3,2,2970,3.47,3.33,10,0,2.27,0,1,Low-Engagement Casuals
1195,50,Male,Clothing,46,New York,Winter,3.1,0,2-Day Shipping,1,1,6,Credit Card,3,2,828,1.02,3.33,10,0,1.45,0,0,Low-Engagement Casuals
1196,25,Male,Accessories,95,Texas,Winter,4,0,2-Day Shipping,1,1,33,Venmo,4,2,12540,6.53,5,10,0,3.84,0,1,At-Risk High-Value
1197,30,Male,Accessories,88,North Dakota,Winter,3.2,0,2-Day Shipping,1,1,13,Bank Transfer,1,2,1144,2.45,0,10,0,0.82,0,0,Low-Engagement Casuals
1198,54,Male,Footwear,92,Vermont,Fall,3.9,0,Standard,1,1,26,PayPal,7,2,16744,5.1,10,10,0,5.03,0,1,At-Risk High-Value
1199,40,Male,Clothing,49,New Jersey,Summer,3.9,0,2-Day Shipping,1,1,17,Cash,7,2,5831,3.27,10,10,0,4.42,0,1,At-Risk High-Value
1200,49,Male,Footwear,89,Maryland,Fall,4.5,0,Free Shipping,1,1,3,Debit Card,2,2,534,0.41,1.67,10,0,0.69,0,1,Low-Engagement Casuals
1201,27,Male,Outerwear,22,Connecticut,Winter,4.4,0,Store Pickup,1,1,7,PayPal,2,2,308,1.22,1.67,10,0,0.96,0,1,Low-Engagement Casuals
1202,27,Male,Footwear,61,Illinois,Summer,3.1,0,2-Day Shipping,1,1,46,Venmo,3,2,8418,9.18,3.33,10,0,4.17,0,0,At-Risk High-Value
1203,48,Male,Accessories,29,Maryland,Spring,2.9,0,Standard,1,1,14,Venmo,5,2,2030,2.65,6.67,10,0,3.11,0,0,Low-Engagement Casuals
1204,40,Male,Footwear,82,Minnesota,Winter,3.7,0,Free Shipping,1,1,23,Bank Transfer,7,2,13202,4.49,10,10,0,4.83,0,0,At-Risk High-Value
1205,67,Male,Accessories,94,Florida,Spring,3.2,0,2-Day Shipping,1,1,20,Credit Card,5,2,9400,3.88,6.67,10,0,3.52,0,0,At-Risk High-Value
1206,52,Male,Accessories,99,California,Spring,3.5,0,Standard,1,1,38,Bank Transfer,3,2,11286,7.55,3.33,10,0,3.63,0,0,At-Risk High-Value
1207,22,Male,Accessories,59,Mississippi,Fall,3,0,Free Shipping,1,1,16,Venmo,5,2,4720,3.06,6.67,10,0,3.24,0,0,At-Risk High-Value
1208,62,Male,Footwear,90,Washington,Summer,4.1,0,Next Day Air,1,1,48,Credit Card,5,2,21600,9.59,6.67,10,0,5.42,0,1,At-Risk High-Value
1209,20,Male,Footwear,100,Wisconsin,Winter,3.75,0,2-Day Shipping,1,1,8,Debit Card,7,2,5600,1.43,10,10,0,3.81,0,0,At-Risk High-Value
1210,41,Male,Clothing,62,Pennsylvania,Winter,3.8,0,Next Day Air,1,1,16,Bank Transfer,4,2,3968,3.06,5,10,0,2.69,0,1,Low-Engagement Casuals
1211,34,Male,Accessories,78,Missouri,Fall,4.1,0,Next Day Air,1,1,5,Cash,6,2,2340,0.82,8.33,10,0,3.05,0,1,Low-Engagement Casuals
1212,23,Male,Clothing,94,Oklahoma,Spring,4.6,0,Store Pickup,1,1,14,Venmo,5,2,6580,2.65,6.67,10,0,3.11,0,1,At-Risk High-Value
1213,32,Male,Footwear,74,Pennsylvania,Summer,2.5,0,Free Shipping,1,1,18,Credit Card,2,2,2664,3.47,1.67,10,0,1.71,0,0,Low-Engagement Casuals
1214,68,Male,Accessories,52,Kentucky,Spring,3.7,0,Express,1,1,14,Debit Card,5,2,3640,2.65,6.67,10,0,3.11,0,0,Low-Engagement Casuals
1215,30,Male,Outerwear,81,Vermont,Fall,3.8,0,Free Shipping,1,1,5,Cash,5,2,2025,0.82,6.67,10,0,2.5,0,1,Low-Engagement Casuals
1216,66,Male,Clothing,20,Oregon,Winter,2.6,0,2-Day Shipping,1,1,15,Credit Card,5,2,1500,2.86,6.67,10,0,3.18,0,0,Low-Engagement Casuals
1217,62,Male,Clothing,32,Utah,Summer,3.7,0,Free Shipping,1,1,3,Venmo,5,2,480,0.41,6.67,10,0,2.36,0,0,Low-Engagement Casuals
1218,50,Male,Footwear,63,Nebraska,Fall,2.6,0,Free Shipping,1,1,12,Cash,5,2,3780,2.24,6.67,10,0,2.97,0,0,Low-Engagement Casuals
1219,55,Male,Footwear,79,Pennsylvania,Spring,3.1,0,Store Pickup,1,1,43,Cash,5,2,16985,8.57,6.67,10,0,5.08,0,0,At-Risk High-Value
1220,19,Male,Clothing,23,Vermont,Winter,2.5,0,Next Day Air,1,1,35,Credit Card,1,2,805,6.94,0,10,0,2.31,0,0,Low-Engagement Casuals
1221,67,Male,Accessories,64,Kentucky,Winter,3.75,0,Express,1,1,36,Bank Transfer,6,2,13824,7.14,8.33,10,0,5.16,0,0,At-Risk High-Value
1222,18,Male,Clothing,69,Iowa,Winter,4.5,0,Standard,1,1,3,Cash,6,2,1242,0.41,8.33,10,0,2.91,0,1,Low-Engagement Casuals
1223,58,Male,Clothing,69,Indiana,Fall,3.4,0,Store Pickup,1,1,27,Bank Transfer,7,2,13041,5.31,10,10,0,5.1,0,0,At-Risk High-Value
1224,69,Male,Clothing,24,Kansas,Winter,3.9,0,Free Shipping,1,1,21,Bank Transfer,2,2,1008,4.08,1.67,10,0,1.92,0,1,Low-Engagement Casuals
1225,62,Male,Clothing,50,Illinois,Summer,3.7,0,Store Pickup,1,1,18,Venmo,2,2,1800,3.47,1.67,10,0,1.71,0,0,Low-Engagement Casuals
1226,28,Male,Accessories,97,North Carolina,Fall,2.6,0,Free Shipping,1,1,16,Debit Card,2,2,3104,3.06,1.67,10,0,1.58,0,0,Low-Engagement Casuals
1227,53,Male,Footwear,91,Ohio,Fall,3.4,0,Store Pickup,1,1,18,Venmo,1,2,1638,3.47,0,10,0,1.16,0,0,Low-Engagement Casuals
1228,27,Male,Clothing,37,Illinois,Spring,4.9,0,Store Pickup,1,1,19,Bank Transfer,1,2,703,3.67,0,10,0,1.22,0,1,Low-Engagement Casuals
1229,55,Male,Outerwear,55,Indiana,Winter,3.9,0,Express,1,1,1,Cash,7,2,385,0,10,10,0,3.33,0,1,Low-Engagement Casuals
1230,34,Male,Accessories,52,Kansas,Winter,3.6,0,Express,1,1,39,Bank Transfer,7,2,14196,7.76,10,10,0,5.92,0,0,At-Risk High-Value
1231,25,Male,Accessories,80,Illinois,Spring,3.75,0,Standard,1,1,49,Venmo,4,2,15680,9.8,5,10,0,4.93,0,0,At-Risk High-Value
1232,66,Male,Clothing,79,Pennsylvania,Spring,4,0,2-Day Shipping,1,1,43,Credit Card,3,2,10191,8.57,3.33,10,0,3.97,0,1,At-Risk High-Value
1233,57,Male,Accessories,23,New York,Summer,3.6,0,Free Shipping,1,1,31,Debit Card,5,2,3565,6.12,6.67,10,0,4.26,0,0,Low-Engagement Casuals
1234,46,Male,Clothing,73,Utah,Winter,3.5,0,Next Day Air,1,1,40,Venmo,5,2,14600,7.96,6.67,10,0,4.88,0,0,At-Risk High-Value
1235,38,Male,Accessories,99,New Jersey,Fall,4.1,0,Store Pickup,1,1,2,Bank Transfer,1,2,198,0.2,0,10,0,0.07,0,1,Low-Engagement Casuals
1236,23,Male,Clothing,22,Idaho,Spring,3,0,Store Pickup,1,1,46,PayPal,5,2,5060,9.18,6.67,10,0,5.28,0,0,At-Risk High-Value
1237,42,Male,Accessories,68,New Mexico,Summer,4.4,0,Store Pickup,1,1,35,Debit Card,5,2,11900,6.94,6.67,10,0,4.54,0,1,At-Risk High-Value
1238,25,Male,Clothing,92,Michigan,Spring,4.4,0,2-Day Shipping,1,1,42,Credit Card,6,2,23184,8.37,8.33,10,0,5.57,0,1,At-Risk High-Value
1239,55,Male,Clothing,77,Wyoming,Winter,3.7,0,Express,1,1,3,Venmo,3,2,693,0.41,3.33,10,0,1.25,0,0,Low-Engagement Casuals
1240,62,Male,Outerwear,37,New Jersey,Spring,4.8,0,Standard,1,1,32,Debit Card,5,2,5920,6.33,6.67,10,0,4.33,0,1,At-Risk High-Value
1241,41,Male,Accessories,79,New Jersey,Winter,2.9,0,Store Pickup,1,1,48,Debit Card,7,2,26544,9.59,10,10,0,6.53,0,0,At-Risk High-Value
1242,58,Male,Clothing,51,Hawaii,Winter,3.1,0,Express,1,1,34,Credit Card,2,2,3468,6.73,1.67,10,0,2.8,0,0,Low-Engagement Casuals
1243,56,Male,Clothing,27,Nevada,Summer,4,0,Next Day Air,1,1,15,Bank Transfer,6,2,2430,2.86,8.33,10,0,3.73,0,1,Low-Engagement Casuals
1244,25,Male,Clothing,23,New Hampshire,Spring,3,0,Store Pickup,1,1,22,Debit Card,7,2,3542,4.29,10,10,0,4.76,0,0,Low-Engagement Casuals
1245,70,Male,Clothing,76,Indiana,Summer,3.9,0,2-Day Shipping,1,1,2,Cash,4,2,608,0.2,5,10,0,1.73,0,1,Low-Engagement Casuals
1246,42,Male,Clothing,31,New York,Fall,3.4,0,Standard,1,1,30,Bank Transfer,2,2,1860,5.92,1.67,10,0,2.53,0,0,Low-Engagement Casuals
1247,27,Male,Clothing,60,Louisiana,Winter,2.7,0,Standard,1,1,27,Cash,4,2,6480,5.31,5,10,0,3.44,0,0,At-Risk High-Value
1248,65,Male,Clothing,99,Virginia,Spring,3.75,0,Express,1,1,18,Venmo,1,2,1782,3.47,0,10,0,1.16,0,0,Low-Engagement Casuals
1249,62,Male,Accessories,37,Wisconsin,Winter,3,0,Free Shipping,1,1,8,Credit Card,7,2,2072,1.43,10,10,0,3.81,0,0,Low-Engagement Casuals
1250,62,Male,Footwear,50,Oregon,Winter,4.5,0,Express,1,1,48,Venmo,3,2,7200,9.59,3.33,10,0,4.31,0,1,At-Risk High-Value
1251,52,Male,Clothing,26,New Hampshire,Winter,4.1,0,Free Shipping,1,1,24,Cash,4,2,2496,4.69,5,10,0,3.23,0,1,Low-Engagement Casuals
1252,56,Male,Clothing,86,Indiana,Spring,5,0,Next Day Air,1,1,43,Credit Card,4,2,14792,8.57,5,10,0,4.52,0,1,At-Risk High-Value
1253,28,Male,Footwear,41,Massachusetts,Fall,4,0,Standard,1,1,8,Cash,6,2,1968,1.43,8.33,10,0,3.25,0,1,Low-Engagement Casuals
1254,39,Male,Footwear,23,Montana,Winter,4.9,0,Express,1,1,49,PayPal,7,2,7889,9.8,10,10,0,6.6,0,1,At-Risk High-Value
1255,54,Male,Footwear,56,California,Spring,3.3,0,2-Day Shipping,1,1,2,Credit Card,1,2,112,0.2,0,10,0,0.07,0,0,Low-Engagement Casuals
1256,30,Male,Accessories,68,Indiana,Fall,4.1,0,Standard,1,1,38,Cash,3,2,7752,7.55,3.33,10,0,3.63,0,1,At-Risk High-Value
1257,45,Male,Outerwear,48,West Virginia,Winter,3.6,0,Express,1,1,4,Cash,3,2,576,0.61,3.33,10,0,1.31,0,0,Low-Engagement Casuals
1258,68,Male,Clothing,67,Minnesota,Spring,3,0,Free Shipping,1,1,31,Cash,5,2,10385,6.12,6.67,10,0,4.26,0,0,At-Risk High-Value
1259,47,Male,Footwear,87,Ohio,Spring,4.1,0,2-Day Shipping,1,1,34,Debit Card,5,2,14790,6.73,6.67,10,0,4.47,0,1,At-Risk High-Value
1260,68,Male,Clothing,64,Minnesota,Fall,3.9,0,Standard,1,1,45,Credit Card,4,2,11520,8.98,5,10,0,4.66,0,1,At-Risk High-Value
1261,63,Male,Clothing,93,Virginia,Spring,4.1,0,Store Pickup,1,1,30,Debit Card,6,2,16740,5.92,8.33,10,0,4.75,0,1,At-Risk High-Value
1262,20,Male,Clothing,29,Connecticut,Summer,2.8,0,Next Day Air,1,1,2,Credit Card,3,2,174,0.2,3.33,10,0,1.18,0,0,Low-Engagement Casuals
1263,29,Male,Footwear,62,Tennessee,Winter,4.8,0,Store Pickup,1,1,44,Venmo,4,2,10912,8.78,5,10,0,4.59,0,1,At-Risk High-Value
1264,41,Male,Clothing,70,Delaware,Winter,4.6,0,2-Day Shipping,1,1,1,Credit Card,1,2,70,0,0,10,0,0,0,1,Low-Engagement Casuals
1265,52,Male,Clothing,92,Vermont,Winter,2.5,0,Next Day Air,1,1,1,Venmo,1,2,92,0,0,10,0,0,0,0,Low-Engagement Casuals
1266,32,Male,Clothing,79,Louisiana,Spring,2.7,0,Next Day Air,1,1,27,Bank Transfer,2,2,4266,5.31,1.67,10,0,2.33,0,0,At-Risk High-Value
1267,20,Male,Clothing,31,North Dakota,Fall,4,0,Standard,1,1,14,Debit Card,5,2,2170,2.65,6.67,10,0,3.11,0,1,Low-Engagement Casuals
1268,47,Male,Clothing,83,Oregon,Spring,2.7,0,Standard,1,1,41,Cash,2,2,6806,8.16,1.67,10,0,3.28,0,0,At-Risk High-Value
1269,23,Male,Outerwear,88,Idaho,Winter,2.9,0,Next Day Air,1,1,25,Debit Card,1,2,2200,4.9,0,10,0,1.63,0,0,Low-Engagement Casuals
1270,43,Male,Accessories,53,Vermont,Spring,3,0,Standard,1,1,47,PayPal,6,2,14946,9.39,8.33,10,0,5.91,0,0,At-Risk High-Value
1271,67,Male,Clothing,98,West Virginia,Fall,3.3,0,Standard,1,1,20,Cash,7,2,13720,3.88,10,10,0,4.63,0,0,At-Risk High-Value
1272,70,Male,Accessories,57,Kentucky,Spring,4.3,0,Store Pickup,1,1,42,PayPal,7,2,16758,8.37,10,10,0,6.12,0,1,At-Risk High-Value
1273,35,Male,Footwear,80,Wisconsin,Winter,4.4,0,Express,1,1,16,Bank Transfer,4,2,5120,3.06,5,10,0,2.69,0,1,At-Risk High-Value
1274,41,Male,Clothing,29,Mississippi,Spring,4.1,0,Next Day Air,1,1,32,Credit Card,5,2,4640,6.33,6.67,10,0,4.33,0,1,At-Risk High-Value
1275,54,Male,Accessories,73,Missouri,Spring,3.1,0,2-Day Shipping,1,1,37,PayPal,6,2,16206,7.35,8.33,10,0,5.23,0,0,At-Risk High-Value
1276,55,Male,Clothing,32,Arkansas,Fall,4.5,0,Standard,1,1,1,PayPal,4,2,128,0,5,10,0,1.67,0,1,Low-Engagement Casuals
1277,51,Male,Footwear,68,Wyoming,Spring,4.8,0,Next Day Air,1,1,37,Bank Transfer,2,2,5032,7.35,1.67,10,0,3.01,0,1,At-Risk High-Value
1278,19,Male,Clothing,97,Rhode Island,Spring,5,0,Express,1,1,5,Venmo,6,2,2910,0.82,8.33,10,0,3.05,0,1,Low-Engagement Casuals
1279,28,Male,Clothing,98,Utah,Fall,2.8,0,Next Day Air,1,1,31,Venmo,3,2,9114,6.12,3.33,10,0,3.15,0,0,At-Risk High-Value
1280,63,Male,Clothing,56,Maryland,Fall,3.7,0,Express,1,1,18,Debit Card,7,2,7056,3.47,10,10,0,4.49,0,0,At-Risk High-Value
1281,30,Male,Clothing,78,Georgia,Winter,4.4,0,2-Day Shipping,1,1,39,Venmo,5,2,15210,7.76,6.67,10,0,4.81,0,1,At-Risk High-Value
1282,29,Male,Accessories,81,New Jersey,Spring,4.5,0,Store Pickup,1,1,8,Venmo,1,2,648,1.43,0,10,0,0.48,0,1,Low-Engagement Casuals
1283,24,Male,Clothing,68,New Hampshire,Winter,3,0,Free Shipping,1,1,20,Venmo,4,2,5440,3.88,5,10,0,2.96,0,0,At-Risk High-Value
1284,69,Male,Clothing,94,Oregon,Winter,3.9,0,2-Day Shipping,1,1,23,Debit Card,5,2,10810,4.49,6.67,10,0,3.72,0,1,At-Risk High-Value
1285,65,Male,Clothing,93,Arkansas,Spring,3.9,0,Express,1,1,38,PayPal,3,2,10602,7.55,3.33,10,0,3.63,0,1,At-Risk High-Value
1286,64,Male,Accessories,99,North Carolina,Fall,3.5,0,Next Day Air,1,1,45,Bank Transfer,3,2,13365,8.98,3.33,10,0,4.1,0,0,At-Risk High-Value
1287,40,Male,Accessories,49,West Virginia,Winter,4.9,0,Next Day Air,1,1,44,Debit Card,3,2,6468,8.78,3.33,10,0,4.04,0,1,At-Risk High-Value
1288,24,Male,Clothing,28,Utah,Winter,3.4,0,Standard,1,1,20,PayPal,4,2,2240,3.88,5,10,0,2.96,0,0,Low-Engagement Casuals
1289,66,Male,Accessories,93,South Dakota,Winter,4.1,0,Standard,1,1,34,PayPal,1,2,3162,6.73,0,10,0,2.24,0,1,Low-Engagement Casuals
1290,35,Male,Outerwear,24,New Hampshire,Fall,2.9,0,Next Day Air,1,1,10,PayPal,2,2,480,1.84,1.67,10,0,1.17,0,0,Low-Engagement Casuals
1291,67,Male,Clothing,35,Maryland,Spring,3.4,0,Free Shipping,1,1,3,PayPal,7,2,735,0.41,10,10,0,3.47,0,0,Low-Engagement Casuals
1292,69,Male,Footwear,68,South Dakota,Spring,3.2,0,2-Day Shipping,1,1,23,Debit Card,3,2,4692,4.49,3.33,10,0,2.61,0,0,At-Risk High-Value
1293,26,Male,Accessories,61,Kentucky,Summer,3.75,0,Free Shipping,1,1,42,Bank Transfer,7,2,17934,8.37,10,10,0,6.12,0,0,At-Risk High-Value
1294,23,Male,Clothing,74,Florida,Fall,4.1,0,Standard,1,1,30,Debit Card,7,2,15540,5.92,10,10,0,5.31,0,1,At-Risk High-Value
1295,27,Male,Clothing,64,Texas,Summer,4.5,0,Standard,1,1,21,Cash,5,2,6720,4.08,6.67,10,0,3.58,0,1,At-Risk High-Value
1296,30,Male,Footwear,60,New Mexico,Fall,2.8,0,Standard,1,1,50,PayPal,2,2,6000,10,1.67,10,0,3.89,0,0,At-Risk High-Value
1297,48,Male,Clothing,29,South Dakota,Spring,2.8,0,Express,1,1,16,Cash,1,2,464,3.06,0,10,0,1.02,0,0,Low-Engagement Casuals
1298,44,Male,Footwear,85,New Jersey,Summer,4.6,0,Standard,1,1,32,Venmo,7,2,19040,6.33,10,10,0,5.44,0,1,At-Risk High-Value
1299,29,Male,Clothing,81,Indiana,Summer,3,0,Free Shipping,1,1,14,Bank Transfer,3,2,3402,2.65,3.33,10,0,1.99,0,0,Low-Engagement Casuals
1300,29,Male,Accessories,23,Louisiana,Fall,3.6,0,2-Day Shipping,1,1,42,Venmo,1,2,966,8.37,0,10,0,2.79,0,0,Low-Engagement Casuals
1301,67,Male,Clothing,100,West Virginia,Spring,4.5,0,Next Day Air,1,1,47,Credit Card,5,2,23500,9.39,6.67,10,0,5.35,0,1,At-Risk High-Value
1302,42,Male,Clothing,54,Maine,Fall,5,0,Express,1,1,21,Debit Card,2,2,2268,4.08,1.67,10,0,1.92,0,1,Low-Engagement Casuals
1303,23,Male,Footwear,25,Idaho,Fall,2.9,0,Next Day Air,1,1,37,Credit Card,4,2,3700,7.35,5,10,0,4.12,0,0,Low-Engagement Casuals
1304,34,Male,Clothing,32,New York,Summer,3.1,0,Next Day Air,1,1,10,Credit Card,7,2,2240,1.84,10,10,0,3.95,0,0,Low-Engagement Casuals
1305,64,Male,Accessories,63,Montana,Spring,4,0,2-Day Shipping,1,1,18,PayPal,5,2,5670,3.47,6.67,10,0,3.38,0,1,At-Risk High-Value
1306,31,Male,Clothing,56,Mississippi,Spring,4.5,0,Express,1,1,2,PayPal,5,2,560,0.2,6.67,10,0,2.29,0,1,Low-Engagement Casuals
1307,54,Male,Clothing,33,Alaska,Winter,4.5,0,Next Day Air,1,1,40,PayPal,7,2,9240,7.96,10,10,0,5.99,0,1,At-Risk High-Value
1308,23,Male,Outerwear,32,Missouri,Summer,3.1,0,Express,1,1,43,PayPal,7,2,9632,8.57,10,10,0,6.19,0,0,At-Risk High-Value
1309,59,Male,Clothing,38,Rhode Island,Summer,4.4,0,Next Day Air,1,1,14,Credit Card,5,2,2660,2.65,6.67,10,0,3.11,0,1,Low-Engagement Casuals
1310,32,Male,Clothing,21,Hawaii,Summer,4.7,0,Store Pickup,1,1,41,Cash,6,2,5166,8.16,8.33,10,0,5.5,0,1,At-Risk High-Value
1311,43,Male,Clothing,59,South Carolina,Winter,3.1,0,Store Pickup,1,1,38,Credit Card,5,2,11210,7.55,6.67,10,0,4.74,0,0,At-Risk High-Value
1312,32,Male,Footwear,87,Tennessee,Fall,4.2,0,Express,1,1,12,Venmo,7,2,7308,2.24,10,10,0,4.08,0,1,At-Risk High-Value
1313,66,Male,Clothing,79,Missouri,Winter,3,0,Store Pickup,1,1,19,Bank Transfer,4,2,6004,3.67,5,10,0,2.89,0,0,At-Risk High-Value
1314,70,Male,Footwear,28,Missouri,Summer,3.75,0,Free Shipping,1,1,23,Credit Card,1,2,644,4.49,0,10,0,1.5,0,0,Low-Engagement Casuals
1315,42,Male,Footwear,67,Missouri,Summer,3.4,0,Free Shipping,1,1,49,Debit Card,7,2,22981,9.8,10,10,0,6.6,0,0,At-Risk High-Value
1316,56,Male,Clothing,75,Mississippi,Spring,4.2,0,2-Day Shipping,1,1,29,Debit Card,6,2,13050,5.71,8.33,10,0,4.68,0,1,At-Risk High-Value
1317,28,Male,Accessories,32,Arkansas,Spring,4.6,0,Standard,1,1,14,Debit Card,1,2,448,2.65,0,10,0,0.88,0,1,Low-Engagement Casuals
1318,28,Male,Clothing,43,Kentucky,Spring,2.8,0,Free Shipping,1,1,19,Cash,4,2,3268,3.67,5,10,0,2.89,0,0,Low-Engagement Casuals
1319,52,Male,Clothing,93,Connecticut,Spring,2.7,0,Express,1,1,19,Credit Card,1,2,1767,3.67,0,10,0,1.22,0,0,Low-Engagement Casuals
1320,65,Male,Accessories,24,Oklahoma,Spring,4,0,Standard,1,1,48,Bank Transfer,2,2,2304,9.59,1.67,10,0,3.75,0,1,Low-Engagement Casuals
1321,56,Male,Accessories,31,California,Fall,3.1,0,Free Shipping,1,1,19,Debit Card,7,2,4123,3.67,10,10,0,4.56,0,0,Low-Engagement Casuals
1322,59,Male,Clothing,84,Missouri,Winter,3.7,0,Express,1,1,45,Bank Transfer,5,2,18900,8.98,6.67,10,0,5.22,0,0,At-Risk High-Value
1323,23,Male,Clothing,74,Washington,Winter,4,0,Next Day Air,1,1,17,Bank Transfer,6,2,7548,3.27,8.33,10,0,3.87,0,1,At-Risk High-Value
1324,58,Male,Clothing,62,New York,Spring,4.6,0,Standard,1,1,15,Debit Card,5,2,4650,2.86,6.67,10,0,3.18,0,1,At-Risk High-Value
1325,39,Male,Accessories,77,Indiana,Summer,3.8,0,Free Shipping,1,1,11,Credit Card,3,2,2541,2.04,3.33,10,0,1.79,0,1,Low-Engagement Casuals
1326,28,Male,Accessories,73,Oregon,Summer,3.5,0,Express,1,1,1,Cash,4,2,292,0,5,10,0,1.67,0,0,Low-Engagement Casuals
1327,40,Male,Footwear,50,Texas,Spring,3.75,0,Free Shipping,1,1,17,Cash,4,2,3400,3.27,5,10,0,2.76,0,0,Low-Engagement Casuals
1328,52,Male,Outerwear,40,Florida,Winter,2.8,0,Standard,1,1,37,Cash,2,2,2960,7.35,1.67,10,0,3.01,0,0,Low-Engagement Casuals
1329,37,Male,Clothing,97,Rhode Island,Winter,3.7,0,Standard,1,1,40,Bank Transfer,2,2,7760,7.96,1.67,10,0,3.21,0,0,At-Risk High-Value
1330,70,Male,Accessories,63,Texas,Fall,3.3,0,Express,1,1,50,PayPal,5,2,15750,10,6.67,10,0,5.56,0,0,At-Risk High-Value
1331,30,Male,Accessories,65,Vermont,Fall,2.9,0,Standard,1,1,20,PayPal,1,2,1300,3.88,0,10,0,1.29,0,0,Low-Engagement Casuals
1332,38,Male,Clothing,91,Maryland,Spring,3.2,0,Standard,1,1,8,PayPal,1,2,728,1.43,0,10,0,0.48,0,0,Low-Engagement Casuals
1333,66,Male,Clothing,60,Alaska,Spring,4.3,0,Store Pickup,1,1,16,Bank Transfer,6,2,5760,3.06,8.33,10,0,3.8,0,1,At-Risk High-Value
1334,29,Male,Clothing,69,Idaho,Winter,2.7,0,Next Day Air,1,1,9,Bank Transfer,6,2,3726,1.63,8.33,10,0,3.32,0,0,Low-Engagement Casuals
1335,46,Male,Outerwear,52,West Virginia,Spring,3.75,0,Store Pickup,1,1,12,Venmo,4,2,2496,2.24,5,10,0,2.41,0,0,Low-Engagement Casuals
1336,56,Male,Footwear,49,Nevada,Fall,4.8,0,2-Day Shipping,1,1,26,Credit Card,2,2,2548,5.1,1.67,10,0,2.26,0,1,Low-Engagement Casuals
1337,23,Male,Footwear,85,Oregon,Spring,4.8,0,Store Pickup,1,1,44,Debit Card,3,2,11220,8.78,3.33,10,0,4.04,0,1,At-Risk High-Value
1338,37,Male,Clothing,86,Tennessee,Spring,3.4,0,Express,1,1,19,Credit Card,1,2,1634,3.67,0,10,0,1.22,0,0,Low-Engagement Casuals
1339,56,Male,Accessories,51,Alabama,Winter,2.6,0,Standard,1,1,43,PayPal,3,2,6579,8.57,3.33,10,0,3.97,0,0,At-Risk High-Value
1340,36,Male,Accessories,56,Indiana,Winter,5,0,Next Day Air,1,1,5,Bank Transfer,5,2,1400,0.82,6.67,10,0,2.5,0,1,Low-Engagement Casuals
1341,40,Male,Accessories,72,Idaho,Fall,4.4,0,Next Day Air,1,1,5,Debit Card,5,2,1800,0.82,6.67,10,0,2.5,0,1,Low-Engagement Casuals
1342,26,Male,Clothing,27,Rhode Island,Fall,3.75,0,Standard,1,1,31,Bank Transfer,6,2,5022,6.12,8.33,10,0,4.82,0,0,At-Risk High-Value
1343,57,Male,Accessories,43,Arizona,Summer,3.4,0,2-Day Shipping,1,1,11,Bank Transfer,4,2,1892,2.04,5,10,0,2.35,0,0,Low-Engagement Casuals
1344,68,Male,Footwear,56,Florida,Spring,3.4,0,Standard,1,1,34,Bank Transfer,4,2,7616,6.73,5,10,0,3.91,0,0,At-Risk High-Value
1345,56,Male,Clothing,37,New York,Fall,4.9,0,Next Day Air,1,1,14,Cash,7,2,3626,2.65,10,10,0,4.22,0,1,Low-Engagement Casuals
1346,40,Male,Clothing,21,Nebraska,Fall,3.6,0,Standard,1,1,42,Venmo,2,2,1764,8.37,1.67,10,0,3.35,0,0,Low-Engagement Casuals
1347,44,Male,Clothing,91,Mississippi,Winter,3,0,Free Shipping,1,1,15,Venmo,1,2,1365,2.86,0,10,0,0.95,0,0,Low-Engagement Casuals
1348,44,Male,Clothing,95,Vermont,Summer,3.9,0,2-Day Shipping,1,1,47,Bank Transfer,4,2,17860,9.39,5,10,0,4.8,0,1,At-Risk High-Value
1349,19,Male,Accessories,54,Nebraska,Spring,3.2,0,Standard,1,1,23,Credit Card,3,2,3726,4.49,3.33,10,0,2.61,0,0,Low-Engagement Casuals
1350,21,Male,Clothing,36,South Carolina,Spring,3.2,0,Next Day Air,1,1,23,Cash,1,2,828,4.49,0,10,0,1.5,0,0,Low-Engagement Casuals
1351,31,Male,Accessories,71,Delaware,Fall,4.3,0,Next Day Air,1,1,1,Cash,5,2,355,0,6.67,10,0,2.22,0,1,Low-Engagement Casuals
1352,30,Male,Outerwear,31,Vermont,Summer,2.8,0,2-Day Shipping,1,1,28,Bank Transfer,6,2,5208,5.51,8.33,10,0,4.61,0,0,At-Risk High-Value
1353,65,Male,Accessories,89,Indiana,Spring,4.5,0,Next Day Air,1,1,37,Credit Card,1,2,3293,7.35,0,10,0,2.45,0,1,Low-Engagement Casuals
1354,39,Male,Clothing,83,Oregon,Winter,4.1,0,Next Day Air,1,1,4,Cash,5,2,1660,0.61,6.67,10,0,2.43,0,1,Low-Engagement Casuals
1355,64,Male,Accessories,42,Maryland,Spring,3.6,0,2-Day Shipping,1,1,21,Bank Transfer,6,2,5292,4.08,8.33,10,0,4.14,0,0,At-Risk High-Value
1356,59,Male,Clothing,91,Florida,Summer,3,0,2-Day Shipping,1,1,50,PayPal,1,2,4550,10,0,10,0,3.33,0,0,At-Risk High-Value
1357,49,Male,Outerwear,61,Indiana,Spring,4,0,Free Shipping,1,1,34,Bank Transfer,7,2,14518,6.73,10,10,0,5.58,0,1,At-Risk High-Value
1358,24,Male,Accessories,66,Texas,Summer,3.5,0,Next Day Air,1,1,20,Cash,6,2,7920,3.88,8.33,10,0,4.07,0,0,At-Risk High-Value
1359,19,Male,Accessories,22,Nebraska,Spring,2.5,0,Store Pickup,1,1,25,Venmo,5,2,2750,4.9,6.67,10,0,3.86,0,0,Low-Engagement Casuals
1360,27,Male,Clothing,68,North Carolina,Winter,4.3,0,Store Pickup,1,1,26,Bank Transfer,3,2,5304,5.1,3.33,10,0,2.81,0,1,At-Risk High-Value
1361,56,Male,Clothing,43,Alabama,Fall,2.8,0,Express,1,1,4,Bank Transfer,7,2,1204,0.61,10,10,0,3.54,0,0,Low-Engagement Casuals
1362,49,Male,Clothing,32,Alabama,Fall,3.7,0,Next Day Air,1,1,39,Debit Card,4,2,4992,7.76,5,10,0,4.25,0,0,At-Risk High-Value
1363,41,Male,Outerwear,46,Colorado,Fall,4.3,0,Express,1,1,29,Cash,2,2,2668,5.71,1.67,10,0,2.46,0,1,Low-Engagement Casuals
1364,36,Male,Clothing,90,Wisconsin,Summer,4,0,Express,1,1,47,PayPal,6,2,25380,9.39,8.33,10,0,5.91,0,1,At-Risk High-Value
1365,68,Male,Accessories,75,Delaware,Fall,4.7,0,Express,1,1,5,Cash,5,2,1875,0.82,6.67,10,0,2.5,0,1,Low-Engagement Casuals
1366,28,Male,Accessories,69,Indiana,Winter,4.5,0,Store Pickup,1,1,18,Bank Transfer,3,2,3726,3.47,3.33,10,0,2.27,0,1,Low-Engagement Casuals
1367,45,Male,Accessories,40,Iowa,Fall,3.1,0,Free Shipping,1,1,10,Credit Card,3,2,1200,1.84,3.33,10,0,1.72,0,0,Low-Engagement Casuals
1368,60,Male,Accessories,63,Iowa,Fall,3.8,0,Express,1,1,25,Cash,6,2,9450,4.9,8.33,10,0,4.41,0,1,At-Risk High-Value
1369,21,Male,Clothing,36,Wisconsin,Summer,4.9,0,Express,1,1,2,Cash,2,2,144,0.2,1.67,10,0,0.62,0,1,Low-Engagement Casuals
1370,32,Male,Footwear,75,Iowa,Winter,3.2,0,Standard,1,1,48,Venmo,3,2,10800,9.59,3.33,10,0,4.31,0,0,At-Risk High-Value
1371,27,Male,Accessories,67,Montana,Summer,3.75,0,2-Day Shipping,1,1,41,Bank Transfer,5,2,13735,8.16,6.67,10,0,4.94,0,0,At-Risk High-Value
1372,40,Male,Clothing,64,Mississippi,Spring,2.8,0,Store Pickup,1,1,42,Credit Card,4,2,10752,8.37,5,10,0,4.46,0,0,At-Risk High-Value
1373,64,Male,Clothing,61,Michigan,Fall,4,0,2-Day Shipping,1,1,44,PayPal,1,2,2684,8.78,0,10,0,2.93,0,1,Low-Engagement Casuals
1374,18,Male,Accessories,40,Virginia,Winter,2.6,0,Store Pickup,1,1,6,Cash,6,2,1440,1.02,8.33,10,0,3.12,0,0,Low-Engagement Casuals
1375,22,Male,Accessories,97,New York,Fall,2.7,0,Free Shipping,1,1,5,Bank Transfer,6,2,2910,0.82,8.33,10,0,3.05,0,0,Low-Engagement Casuals
1376,42,Male,Footwear,31,Maine,Spring,4.1,0,2-Day Shipping,1,1,8,Credit Card,7,2,1736,1.43,10,10,0,3.81,0,1,Low-Engagement Casuals
1377,57,Male,Footwear,65,New Jersey,Spring,5,0,Free Shipping,1,1,24,PayPal,7,2,10920,4.69,10,10,0,4.9,0,1,At-Risk High-Value
1378,33,Male,Accessories,54,Maryland,Spring,3,0,Next Day Air,1,1,42,Venmo,4,2,9072,8.37,5,10,0,4.46,0,0,At-Risk High-Value
1379,37,Male,Outerwear,49,Kentucky,Fall,3.6,0,Free Shipping,1,1,24,Venmo,2,2,2352,4.69,1.67,10,0,2.12,0,0,Low-Engagement Casuals
1380,21,Male,Clothing,64,Minnesota,Fall,2.8,0,2-Day Shipping,1,1,38,Venmo,1,2,2432,7.55,0,10,0,2.52,0,0,Low-Engagement Casuals
1381,51,Male,Footwear,35,Massachusetts,Winter,4.6,0,Standard,1,1,41,Cash,3,2,4305,8.16,3.33,10,0,3.83,0,1,At-Risk High-Value
1382,30,Male,Footwear,86,Illinois,Winter,2.9,0,Standard,1,1,48,Venmo,6,2,24768,9.59,8.33,10,0,5.97,0,0,At-Risk High-Value
1383,68,Male,Outerwear,55,Michigan,Winter,4.8,0,Express,1,1,16,Bank Transfer,6,2,5280,3.06,8.33,10,0,3.8,0,1,At-Risk High-Value
1384,36,Male,Accessories,58,Wisconsin,Spring,3.3,0,Express,1,1,4,Venmo,4,2,928,0.61,5,10,0,1.87,0,0,Low-Engagement Casuals
1385,46,Male,Footwear,96,Alaska,Fall,4.6,0,Standard,1,1,8,Bank Transfer,2,2,1536,1.43,1.67,10,0,1.03,0,1,Low-Engagement Casuals
1386,41,Male,Accessories,64,Mississippi,Fall,2.6,0,Store Pickup,1,1,1,Bank Transfer,1,2,64,0,0,10,0,0,0,0,Low-Engagement Casuals
1387,68,Male,Outerwear,56,Oregon,Fall,4,0,Next Day Air,1,1,4,Debit Card,6,2,1344,0.61,8.33,10,0,2.98,0,1,Low-Engagement Casuals
1388,21,Male,Clothing,85,Maryland,Winter,3.8,0,Standard,1,1,20,Credit Card,4,2,6800,3.88,5,10,0,2.96,0,1,At-Risk High-Value
1389,62,Male,Clothing,23,Arkansas,Spring,3.9,0,Express,1,1,40,Cash,6,2,5520,7.96,8.33,10,0,5.43,0,1,At-Risk High-Value
1390,59,Male,Accessories,72,Illinois,Fall,2.6,0,Store Pickup,1,1,8,Debit Card,3,2,1728,1.43,3.33,10,0,1.59,0,0,Low-Engagement Casuals
1391,25,Male,Accessories,38,Arkansas,Summer,4.3,0,Standard,1,1,42,Debit Card,2,2,3192,8.37,1.67,10,0,3.35,0,1,Low-Engagement Casuals
1392,53,Male,Clothing,29,Mississippi,Winter,3.6,0,Express,1,1,38,Credit Card,7,2,7714,7.55,10,10,0,5.85,0,0,At-Risk High-Value
1393,31,Male,Accessories,46,Arkansas,Spring,4.2,0,Express,1,1,34,Venmo,5,2,7820,6.73,6.67,10,0,4.47,0,1,At-Risk High-Value
1394,46,Male,Accessories,58,Idaho,Spring,3.9,0,Express,1,1,14,PayPal,3,2,2436,2.65,3.33,10,0,1.99,0,1,Low-Engagement Casuals
1395,26,Male,Outerwear,43,Iowa,Fall,4.7,0,Next Day Air,1,1,39,Cash,2,2,3354,7.76,1.67,10,0,3.14,0,1,Low-Engagement Casuals
1396,47,Male,Accessories,32,West Virginia,Spring,2.8,0,Next Day Air,1,1,40,PayPal,1,2,1280,7.96,0,10,0,2.65,0,0,Low-Engagement Casuals
1397,37,Male,Clothing,30,Wisconsin,Winter,3,0,Next Day Air,1,1,49,Debit Card,4,2,5880,9.8,5,10,0,4.93,0,0,At-Risk High-Value
1398,55,Male,Accessories,67,Massachusetts,Summer,4.7,0,Store Pickup,1,1,33,PayPal,7,2,15477,6.53,10,10,0,5.51,0,1,At-Risk High-Value
1399,30,Male,Clothing,45,Texas,Summer,2.5,0,Free Shipping,1,1,25,Credit Card,2,2,2250,4.9,1.67,10,0,2.19,0,0,Low-Engagement Casuals
1400,19,Male,Accessories,81,Nebraska,Winter,3.1,0,Store Pickup,1,1,48,Venmo,7,2,27216,9.59,10,10,0,6.53,0,0,At-Risk High-Value
1401,36,Male,Accessories,23,Nevada,Fall,3.6,0,Next Day Air,1,1,22,Credit Card,5,2,2530,4.29,6.67,10,0,3.65,0,0,Low-Engagement Casuals
1402,23,Male,Footwear,59,Indiana,Fall,3.5,0,2-Day Shipping,1,1,1,PayPal,2,2,118,0,1.67,10,0,0.56,0,0,Low-Engagement Casuals
1403,62,Male,Accessories,21,North Dakota,Summer,3.1,0,Express,1,1,47,PayPal,4,2,3948,9.39,5,10,0,4.8,0,0,Low-Engagement Casuals
1404,26,Male,Accessories,20,Georgia,Spring,3.6,0,Store Pickup,1,1,20,Credit Card,1,2,400,3.88,0,10,0,1.29,0,0,Low-Engagement Casuals
1405,36,Male,Accessories,28,New Mexico,Winter,3.5,0,Next Day Air,1,1,10,Debit Card,2,2,560,1.84,1.67,10,0,1.17,0,0,Low-Engagement Casuals
1406,33,Male,Clothing,100,New Hampshire,Winter,2.7,0,Store Pickup,1,1,39,Credit Card,4,2,15600,7.76,5,10,0,4.25,0,0,At-Risk High-Value
1407,32,Male,Clothing,46,Washington,Spring,3.6,0,Express,1,1,15,Debit Card,4,2,2760,2.86,5,10,0,2.62,0,0,Low-Engagement Casuals
1408,56,Male,Accessories,61,Nevada,Spring,4.5,0,Express,1,1,11,Credit Card,7,2,4697,2.04,10,10,0,4.01,0,1,At-Risk High-Value
1409,58,Male,Clothing,58,Maine,Winter,4.1,0,Free Shipping,1,1,38,Venmo,2,2,4408,7.55,1.67,10,0,3.07,0,1,At-Risk High-Value
1410,34,Male,Accessories,50,Idaho,Spring,4.2,0,Standard,1,1,41,Cash,3,2,6150,8.16,3.33,10,0,3.83,0,1,At-Risk High-Value
1411,61,Male,Accessories,93,Tennessee,Summer,4,0,Store Pickup,1,1,18,Debit Card,7,2,11718,3.47,10,10,0,4.49,0,1,At-Risk High-Value
1412,48,Male,Clothing,24,Louisiana,Summer,2.8,0,Store Pickup,1,1,13,Venmo,6,2,1872,2.45,8.33,10,0,3.59,0,0,Low-Engagement Casuals
1413,25,Male,Clothing,100,Michigan,Summer,2.6,0,2-Day Shipping,1,1,43,Venmo,7,2,30100,8.57,10,10,0,6.19,0,0,At-Risk High-Value
1414,51,Male,Clothing,79,New Hampshire,Fall,2.7,0,Store Pickup,1,1,12,Bank Transfer,6,2,5688,2.24,8.33,10,0,3.52,0,0,At-Risk High-Value
1415,29,Male,Clothing,51,Minnesota,Summer,4.5,0,Store Pickup,1,1,3,Credit Card,1,2,153,0.41,0,10,0,0.14,0,1,Low-Engagement Casuals
1416,54,Male,Accessories,90,Illinois,Winter,3.7,0,Free Shipping,1,1,12,Credit Card,5,2,5400,2.24,6.67,10,0,2.97,0,0,At-Risk High-Value
1417,48,Male,Footwear,56,Idaho,Summer,3.4,0,Free Shipping,1,1,46,Cash,6,2,15456,9.18,8.33,10,0,5.84,0,0,At-Risk High-Value
1418,62,Male,Clothing,25,Montana,Spring,4.6,0,Standard,1,1,21,Debit Card,3,2,1575,4.08,3.33,10,0,2.47,0,1,Low-Engagement Casuals
1419,18,Male,Clothing,75,Alabama,Summer,4.1,0,2-Day Shipping,1,1,23,Venmo,5,2,8625,4.49,6.67,10,0,3.72,0,1,At-Risk High-Value
1420,43,Male,Accessories,75,Montana,Summer,2.6,0,Free Shipping,1,1,4,Debit Card,6,2,1800,0.61,8.33,10,0,2.98,0,0,Low-Engagement Casuals
1421,22,Male,Clothing,53,California,Summer,4.6,0,Store Pickup,1,1,45,PayPal,5,2,11925,8.98,6.67,10,0,5.22,0,1,At-Risk High-Value
1422,68,Male,Clothing,100,Pennsylvania,Spring,3,0,Standard,1,1,24,Bank Transfer,3,2,7200,4.69,3.33,10,0,2.67,0,0,At-Risk High-Value
1423,44,Male,Clothing,27,Texas,Fall,3.4,0,Free Shipping,1,1,3,PayPal,1,2,81,0.41,0,10,0,0.14,0,0,Low-Engagement Casuals
1424,51,Male,Footwear,60,Michigan,Fall,3.5,0,Free Shipping,1,1,12,Venmo,5,2,3600,2.24,6.67,10,0,2.97,0,0,Low-Engagement Casuals
1425,66,Male,Outerwear,23,Connecticut,Fall,3.5,0,Standard,1,1,34,Bank Transfer,5,2,3910,6.73,6.67,10,0,4.47,0,0,Low-Engagement Casuals
1426,59,Male,Outerwear,40,Wyoming,Winter,3.7,0,Next Day Air,1,1,39,Credit Card,7,2,10920,7.76,10,10,0,5.92,0,0,At-Risk High-Value
1427,60,Male,Clothing,38,Michigan,Summer,4.8,0,Free Shipping,1,1,35,PayPal,5,2,6650,6.94,6.67,10,0,4.54,0,1,At-Risk High-Value
1428,31,Male,Accessories,90,South Dakota,Summer,4.9,0,Store Pickup,1,1,8,Credit Card,7,2,5040,1.43,10,10,0,3.81,0,1,At-Risk High-Value
1429,20,Male,Clothing,97,North Dakota,Summer,4.9,0,Express,1,1,42,PayPal,6,2,24444,8.37,8.33,10,0,5.57,0,1,At-Risk High-Value
1430,24,Male,Clothing,38,Maryland,Fall,4.7,0,Standard,1,1,6,Credit Card,5,2,1140,1.02,6.67,10,0,2.56,0,1,Low-Engagement Casuals
1431,48,Male,Footwear,30,Michigan,Summer,4.9,0,Free Shipping,1,1,3,Credit Card,3,2,270,0.41,3.33,10,0,1.25,0,1,Low-Engagement Casuals
1432,39,Male,Clothing,88,South Dakota,Fall,2.9,0,Express,1,1,29,Venmo,6,2,15312,5.71,8.33,10,0,4.68,0,0,At-Risk High-Value
1433,34,Male,Accessories,33,Florida,Winter,4.4,0,Express,1,1,32,Debit Card,6,2,6336,6.33,8.33,10,0,4.89,0,1,At-Risk High-Value
1434,70,Male,Clothing,60,Minnesota,Winter,3.2,0,Next Day Air,1,1,45,Debit Card,2,2,5400,8.98,1.67,10,0,3.55,0,0,At-Risk High-Value
1435,59,Male,Clothing,64,New York,Summer,4.6,0,Free Shipping,1,1,21,Debit Card,1,2,1344,4.08,0,10,0,1.36,0,1,Low-Engagement Casuals
1436,45,Male,Accessories,95,Oregon,Fall,4,0,Standard,1,1,41,Cash,2,2,7790,8.16,1.67,10,0,3.28,0,1,At-Risk High-Value
1437,35,Male,Footwear,83,Minnesota,Winter,3.7,0,Free Shipping,1,1,23,PayPal,3,2,5727,4.49,3.33,10,0,2.61,0,0,At-Risk High-Value
1438,69,Male,Footwear,97,Montana,Winter,4.2,0,Free Shipping,1,1,14,Cash,7,2,9506,2.65,10,10,0,4.22,0,1,At-Risk High-Value
1439,58,Male,Outerwear,38,Washington,Spring,2.9,0,Standard,1,1,24,Debit Card,4,2,3648,4.69,5,10,0,3.23,0,0,Low-Engagement Casuals
1440,25,Male,Footwear,48,New Mexico,Summer,4.8,0,Next Day Air,1,1,25,Cash,3,2,3600,4.9,3.33,10,0,2.74,0,1,Low-Engagement Casuals
1441,27,Male,Footwear,76,Arizona,Spring,4.4,0,Standard,1,1,13,Venmo,4,2,3952,2.45,5,10,0,2.48,0,1,Low-Engagement Casuals
1442,34,Male,Clothing,25,Nebraska,Summer,3.4,0,Free Shipping,1,1,3,Venmo,5,2,375,0.41,6.67,10,0,2.36,0,0,Low-Engagement Casuals
1443,53,Male,Clothing,92,Idaho,Spring,2.8,0,2-Day Shipping,1,1,42,Credit Card,7,2,27048,8.37,10,10,0,6.12,0,0,At-Risk High-Value
1444,58,Male,Footwear,47,Idaho,Fall,4.2,0,Next Day Air,1,1,2,Cash,4,2,376,0.2,5,10,0,1.73,0,1,Low-Engagement Casuals
1445,32,Male,Clothing,36,Vermont,Fall,3.8,0,Express,1,1,26,Cash,6,2,5616,5.1,8.33,10,0,4.48,0,1,At-Risk High-Value
1446,64,Male,Accessories,51,Arkansas,Fall,3.1,0,2-Day Shipping,1,1,24,Credit Card,7,2,8568,4.69,10,10,0,4.9,0,0,At-Risk High-Value
1447,63,Male,Clothing,35,Wyoming,Summer,3.2,0,Express,1,1,6,Credit Card,6,2,1260,1.02,8.33,10,0,3.12,0,0,Low-Engagement Casuals
1448,23,Male,Clothing,57,New Mexico,Summer,3,0,Next Day Air,1,1,25,PayPal,4,2,5700,4.9,5,10,0,3.3,0,0,At-Risk High-Value
1449,64,Male,Footwear,95,West Virginia,Summer,3.6,0,Free Shipping,1,1,11,Credit Card,5,2,5225,2.04,6.67,10,0,2.9,0,0,At-Risk High-Value
1450,18,Male,Clothing,41,New York,Winter,2.5,0,Store Pickup,1,1,20,Cash,5,2,4100,3.88,6.67,10,0,3.52,0,0,Low-Engagement Casuals
1451,25,Male,Clothing,44,Illinois,Winter,3.4,0,Free Shipping,1,1,25,Cash,6,2,6600,4.9,8.33,10,0,4.41,0,0,At-Risk High-Value
1452,54,Male,Outerwear,34,Utah,Fall,2.5,0,Next Day Air,1,1,35,PayPal,6,2,7140,6.94,8.33,10,0,5.09,0,0,At-Risk High-Value
1453,60,Male,Outerwear,25,Colorado,Spring,4.7,0,2-Day Shipping,1,1,11,Bank Transfer,6,2,1650,2.04,8.33,10,0,3.46,0,1,Low-Engagement Casuals
1454,36,Male,Footwear,93,Virginia,Winter,3.2,0,2-Day Shipping,1,1,41,Bank Transfer,3,2,11439,8.16,3.33,10,0,3.83,0,0,At-Risk High-Value
1455,66,Male,Footwear,50,Georgia,Winter,2.9,0,Free Shipping,1,1,17,Credit Card,7,2,5950,3.27,10,10,0,4.42,0,0,At-Risk High-Value
1456,60,Male,Clothing,79,Alabama,Fall,4.9,0,Express,1,1,1,PayPal,5,2,395,0,6.67,10,0,2.22,0,1,Low-Engagement Casuals
1457,59,Male,Outerwear,100,Montana,Spring,2.7,0,Store Pickup,1,1,30,PayPal,5,2,15000,5.92,6.67,10,0,4.2,0,0,At-Risk High-Value
1458,58,Male,Clothing,57,Pennsylvania,Spring,4.7,0,Express,1,1,47,Venmo,3,2,8037,9.39,3.33,10,0,4.24,0,1,At-Risk High-Value
1459,35,Male,Clothing,28,Missouri,Spring,2.9,0,2-Day Shipping,1,1,34,Venmo,2,2,1904,6.73,1.67,10,0,2.8,0,0,Low-Engagement Casuals
1460,20,Male,Footwear,35,Maine,Winter,4.8,0,Express,1,1,18,Venmo,3,2,1890,3.47,3.33,10,0,2.27,0,1,Low-Engagement Casuals
1461,70,Male,Footwear,85,Pennsylvania,Fall,4.6,0,Standard,1,1,33,Venmo,1,2,2805,6.53,0,10,0,2.18,0,1,Low-Engagement Casuals
1462,54,Male,Accessories,95,Oregon,Summer,5,0,2-Day Shipping,1,1,42,Venmo,6,2,23940,8.37,8.33,10,0,5.57,0,1,At-Risk High-Value
1463,38,Male,Footwear,90,Utah,Summer,4.8,0,2-Day Shipping,1,1,2,Venmo,6,2,1080,0.2,8.33,10,0,2.84,0,1,Low-Engagement Casuals
1464,54,Male,Accessories,49,Oklahoma,Summer,4.9,0,Store Pickup,1,1,1,Bank Transfer,4,2,196,0,5,10,0,1.67,0,1,Low-Engagement Casuals
1465,33,Male,Accessories,92,Montana,Winter,4.6,0,2-Day Shipping,1,1,23,Bank Transfer,6,2,12696,4.49,8.33,10,0,4.27,0,1,At-Risk High-Value
1466,46,Male,Accessories,72,Nebraska,Winter,3.9,0,Store Pickup,1,1,42,Cash,1,2,3024,8.37,0,10,0,2.79,0,1,Low-Engagement Casuals
1467,58,Male,Clothing,71,Alabama,Summer,4.5,0,Store Pickup,1,1,3,PayPal,7,2,1491,0.41,10,10,0,3.47,0,1,Low-Engagement Casuals
1468,30,Male,Accessories,27,Ohio,Winter,4.7,0,Store Pickup,1,1,16,Debit Card,3,2,1296,3.06,3.33,10,0,2.13,0,1,Low-Engagement Casuals
1469,42,Male,Accessories,39,Arkansas,Fall,3.9,0,Express,1,1,46,Cash,3,2,5382,9.18,3.33,10,0,4.17,0,1,At-Risk High-Value
1470,28,Male,Accessories,98,Mississippi,Winter,4.4,0,Standard,1,1,31,PayPal,5,2,15190,6.12,6.67,10,0,4.26,0,1,At-Risk High-Value
1471,43,Male,Footwear,27,California,Spring,3.9,0,Next Day Air,1,1,15,Cash,5,2,2025,2.86,6.67,10,0,3.18,0,1,Low-Engagement Casuals
1472,31,Male,Accessories,71,Alaska,Spring,2.8,0,2-Day Shipping,1,1,48,Venmo,5,2,17040,9.59,6.67,10,0,5.42,0,0,At-Risk High-Value
1473,39,Male,Accessories,24,Indiana,Spring,3.5,0,Store Pickup,1,1,11,Cash,2,2,528,2.04,1.67,10,0,1.24,0,0,Low-Engagement Casuals
1474,69,Male,Clothing,63,Wisconsin,Fall,4.3,0,Express,1,1,20,Credit Card,5,2,6300,3.88,6.67,10,0,3.52,0,1,At-Risk High-Value
1475,31,Male,Clothing,72,New Jersey,Fall,3.9,0,Next Day Air,1,1,6,Credit Card,4,2,1728,1.02,5,10,0,2.01,0,1,Low-Engagement Casuals
1476,44,Male,Clothing,61,Rhode Island,Spring,4,0,Express,1,1,24,Cash,4,2,5856,4.69,5,10,0,3.23,0,1,At-Risk High-Value
1477,39,Male,Accessories,56,Wyoming,Fall,4.1,0,Next Day Air,1,1,18,Credit Card,4,2,4032,3.47,5,10,0,2.82,0,1,Low-Engagement Casuals
1478,24,Male,Accessories,32,Oregon,Summer,4.3,0,Standard,1,1,1,PayPal,5,2,160,0,6.67,10,0,2.22,0,1,Low-Engagement Casuals
1479,28,Male,Accessories,23,Washington,Summer,4.2,0,Free Shipping,1,1,13,Venmo,1,2,299,2.45,0,10,0,0.82,0,1,Low-Engagement Casuals
1480,48,Male,Outerwear,100,Washington,Spring,4,0,Standard,1,1,2,Bank Transfer,2,2,400,0.2,1.67,10,0,0.62,0,1,Low-Engagement Casuals
1481,39,Male,Accessories,74,New Hampshire,Fall,3.6,0,Express,1,1,26,Cash,6,2,11544,5.1,8.33,10,0,4.48,0,0,At-Risk High-Value
1482,64,Male,Clothing,33,Maryland,Spring,3.3,0,Standard,1,1,31,PayPal,6,2,6138,6.12,8.33,10,0,4.82,0,0,At-Risk High-Value
1483,28,Male,Accessories,67,Wisconsin,Spring,4.1,0,2-Day Shipping,1,1,43,Bank Transfer,2,2,5762,8.57,1.67,10,0,3.41,0,1,At-Risk High-Value
1484,39,Male,Accessories,61,Massachusetts,Summer,4.7,0,Next Day Air,1,1,12,Debit Card,1,2,732,2.24,0,10,0,0.75,0,1,Low-Engagement Casuals
1485,49,Male,Clothing,46,Nebraska,Summer,4.4,0,Store Pickup,1,1,22,Venmo,5,2,5060,4.29,6.67,10,0,3.65,0,1,At-Risk High-Value
1486,22,Male,Accessories,56,Nebraska,Spring,3.4,0,Standard,1,1,3,Cash,3,2,504,0.41,3.33,10,0,1.25,0,0,Low-Engagement Casuals
1487,25,Male,Footwear,73,Idaho,Spring,5,0,Free Shipping,1,1,23,Venmo,5,2,8395,4.49,6.67,10,0,3.72,0,1,At-Risk High-Value
1488,40,Male,Clothing,44,Arizona,Summer,4.6,0,Store Pickup,1,1,26,PayPal,7,2,8008,5.1,10,10,0,5.03,0,1,At-Risk High-Value
1489,23,Male,Accessories,44,Hawaii,Winter,4,0,Standard,1,1,37,Credit Card,2,2,3256,7.35,1.67,10,0,3.01,0,1,Low-Engagement Casuals
1490,24,Male,Accessories,26,Missouri,Summer,4.1,0,Next Day Air,1,1,42,Venmo,6,2,6552,8.37,8.33,10,0,5.57,0,1,At-Risk High-Value
1491,66,Male,Footwear,52,Louisiana,Spring,4.9,0,Express,1,1,15,Venmo,1,2,780,2.86,0,10,0,0.95,0,1,Low-Engagement Casuals
1492,27,Male,Clothing,54,Arkansas,Summer,2.7,0,Free Shipping,1,1,10,Bank Transfer,6,2,3240,1.84,8.33,10,0,3.39,0,0,Low-Engagement Casuals
1493,62,Male,Outerwear,38,North Carolina,Summer,4.5,0,Free Shipping,1,1,3,Venmo,6,2,684,0.41,8.33,10,0,2.91,0,1,Low-Engagement Casuals
1494,70,Male,Accessories,44,North Dakota,Fall,2.7,0,Standard,1,1,44,Credit Card,6,2,11616,8.78,8.33,10,0,5.7,0,0,At-Risk High-Value
1495,43,Male,Clothing,76,Montana,Spring,3,0,Next Day Air,1,1,23,Bank Transfer,3,2,5244,4.49,3.33,10,0,2.61,0,0,At-Risk High-Value
1496,45,Male,Accessories,23,Rhode Island,Winter,4.5,0,Next Day Air,1,1,6,PayPal,2,2,276,1.02,1.67,10,0,0.9,0,1,Low-Engagement Casuals
1497,63,Male,Clothing,98,Idaho,Winter,5,0,Standard,1,1,9,Venmo,1,2,882,1.63,0,10,0,0.54,0,1,Low-Engagement Casuals
1498,69,Male,Outerwear,33,Michigan,Spring,3.8,0,2-Day Shipping,1,1,16,Debit Card,5,2,2640,3.06,6.67,10,0,3.24,0,1,Low-Engagement Casuals
1499,59,Male,Clothing,32,Illinois,Summer,3.1,0,Standard,1,1,46,Venmo,3,2,4416,9.18,3.33,10,0,4.17,0,0,At-Risk High-Value
1500,19,Male,Footwear,85,Georgia,Fall,3.4,0,Free Shipping,1,1,24,Credit Card,5,2,10200,4.69,6.67,10,0,3.79,0,0,At-Risk High-Value
1501,63,Male,Clothing,69,Alabama,Summer,4.8,0,Next Day Air,1,1,22,Debit Card,4,2,6072,4.29,5,10,0,3.1,0,1,At-Risk High-Value
1502,37,Male,Clothing,55,Alaska,Spring,2.7,0,Standard,1,1,13,Debit Card,5,2,3575,2.45,6.67,10,0,3.04,0,0,Low-Engagement Casuals
1503,37,Male,Clothing,66,Massachusetts,Summer,3.2,0,Store Pickup,1,1,20,Cash,3,2,3960,3.88,3.33,10,0,2.4,0,0,Low-Engagement Casuals
1504,50,Male,Outerwear,30,Michigan,Fall,3.9,0,2-Day Shipping,1,1,46,Cash,6,2,8280,9.18,8.33,10,0,5.84,0,1,At-Risk High-Value
1505,60,Male,Outerwear,80,Alaska,Winter,4.2,0,Next Day Air,1,1,10,Bank Transfer,4,2,3200,1.84,5,10,0,2.28,0,1,Low-Engagement Casuals
1506,46,Male,Accessories,20,North Dakota,Summer,3,0,Express,1,1,39,Cash,4,2,3120,7.76,5,10,0,4.25,0,0,Low-Engagement Casuals
1507,35,Male,Clothing,30,South Carolina,Fall,3,0,2-Day Shipping,1,1,44,PayPal,6,2,7920,8.78,8.33,10,0,5.7,0,0,At-Risk High-Value
1508,66,Male,Clothing,86,Pennsylvania,Winter,3.7,0,2-Day Shipping,1,1,7,Venmo,7,2,4214,1.22,10,10,0,3.74,0,0,Low-Engagement Casuals
1509,35,Male,Clothing,84,Colorado,Spring,4.4,0,Store Pickup,1,1,3,Cash,5,2,1260,0.41,6.67,10,0,2.36,0,1,Low-Engagement Casuals
1510,20,Male,Clothing,54,New Hampshire,Summer,4.6,0,Free Shipping,1,1,44,Debit Card,7,2,16632,8.78,10,10,0,6.26,0,1,At-Risk High-Value
1511,55,Male,Clothing,30,Maryland,Fall,3,0,Free Shipping,1,1,31,Venmo,7,2,6510,6.12,10,10,0,5.37,0,0,At-Risk High-Value
1512,34,Male,Clothing,91,Georgia,Winter,3.6,0,Express,1,1,48,Credit Card,2,2,8736,9.59,1.67,10,0,3.75,0,0,At-Risk High-Value
1513,60,Male,Footwear,23,Wisconsin,Winter,3.9,0,Standard,1,1,18,PayPal,1,2,414,3.47,0,10,0,1.16,0,1,Low-Engagement Casuals
1514,22,Male,Clothing,35,Texas,Spring,4.1,0,Free Shipping,1,1,27,Cash,4,2,3780,5.31,5,10,0,3.44,0,1,Low-Engagement Casuals
1515,26,Male,Footwear,90,Utah,Winter,3.9,0,2-Day Shipping,1,1,1,Venmo,2,2,180,0,1.67,10,0,0.56,0,1,Low-Engagement Casuals
1516,39,Male,Clothing,93,Indiana,Fall,3.9,0,2-Day Shipping,1,1,34,Cash,2,2,6324,6.73,1.67,10,0,2.8,0,1,At-Risk High-Value
1517,20,Male,Clothing,68,Nevada,Winter,4.5,0,Express,1,1,5,Bank Transfer,1,2,340,0.82,0,10,0,0.27,0,1,Low-Engagement Casuals
1518,57,Male,Accessories,41,New Hampshire,Spring,3.4,0,Standard,1,1,12,Cash,6,2,2952,2.24,8.33,10,0,3.52,0,0,Low-Engagement Casuals
1519,68,Male,Accessories,73,New York,Winter,4.1,0,Next Day Air,1,1,14,Venmo,3,2,3066,2.65,3.33,10,0,1.99,0,1,Low-Engagement Casuals
1520,50,Male,Accessories,73,Texas,Fall,4.9,0,Next Day Air,1,1,40,PayPal,2,2,5840,7.96,1.67,10,0,3.21,0,1,At-Risk High-Value
1521,21,Male,Accessories,66,Iowa,Summer,4.4,0,2-Day Shipping,1,1,39,Cash,6,2,15444,7.76,8.33,10,0,5.36,0,1,At-Risk High-Value
1522,29,Male,Accessories,59,Washington,Summer,2.7,0,2-Day Shipping,1,1,50,Bank Transfer,2,2,5900,10,1.67,10,0,3.89,0,0,At-Risk High-Value
1523,38,Male,Clothing,72,Tennessee,Spring,4.8,0,Free Shipping,1,1,5,Debit Card,4,2,1440,0.82,5,10,0,1.94,0,1,Low-Engagement Casuals
1524,54,Male,Clothing,88,Georgia,Summer,3.3,0,2-Day Shipping,1,1,35,Debit Card,7,2,21560,6.94,10,10,0,5.65,0,0,At-Risk High-Value
1525,22,Male,Clothing,76,Massachusetts,Summer,4.4,0,Free Shipping,1,1,6,Cash,1,2,456,1.02,0,10,0,0.34,0,1,Low-Engagement Casuals
1526,29,Male,Accessories,31,Oregon,Winter,4.6,0,2-Day Shipping,1,1,22,Cash,3,2,2046,4.29,3.33,10,0,2.54,0,1,Low-Engagement Casuals
1527,41,Male,Outerwear,22,Oklahoma,Summer,3.1,0,Next Day Air,1,1,27,PayPal,4,2,2376,5.31,5,10,0,3.44,0,0,Low-Engagement Casuals
1528,26,Male,Accessories,75,Wisconsin,Fall,4.5,0,2-Day Shipping,1,1,33,Debit Card,3,2,7425,6.53,3.33,10,0,3.29,0,1,At-Risk High-Value
1529,69,Male,Clothing,75,Oregon,Spring,4,0,Store Pickup,1,1,47,Venmo,1,2,3525,9.39,0,10,0,3.13,0,1,Low-Engagement Casuals
1530,20,Male,Accessories,63,Georgia,Winter,3.1,0,Free Shipping,1,1,48,Credit Card,1,2,3024,9.59,0,10,0,3.2,0,0,Low-Engagement Casuals
1531,59,Male,Outerwear,21,New Mexico,Spring,3.9,0,Next Day Air,1,1,22,Bank Transfer,6,2,2772,4.29,8.33,10,0,4.21,0,1,Low-Engagement Casuals
1532,63,Male,Accessories,83,Mississippi,Spring,4.5,0,Next Day Air,1,1,8,PayPal,1,2,664,1.43,0,10,0,0.48,0,1,Low-Engagement Casuals
1533,68,Male,Outerwear,46,Wisconsin,Winter,4.4,0,Next Day Air,1,1,5,PayPal,5,2,1150,0.82,6.67,10,0,2.5,0,1,Low-Engagement Casuals
1534,50,Male,Footwear,59,New Hampshire,Summer,3.6,0,2-Day Shipping,1,1,16,Bank Transfer,6,2,5664,3.06,8.33,10,0,3.8,0,0,At-Risk High-Value
1535,55,Male,Clothing,66,Wyoming,Summer,3.4,0,Free Shipping,1,1,26,Venmo,3,2,5148,5.1,3.33,10,0,2.81,0,0,At-Risk High-Value
1536,36,Male,Footwear,74,West Virginia,Fall,4,0,2-Day Shipping,1,1,8,Venmo,4,2,2368,1.43,5,10,0,2.14,0,1,Low-Engagement Casuals
1537,18,Male,Accessories,82,Michigan,Summer,2.6,0,Store Pickup,1,1,17,Cash,6,2,8364,3.27,8.33,10,0,3.87,0,0,At-Risk High-Value
1538,68,Male,Footwear,89,Alaska,Spring,3.2,0,Next Day Air,1,1,50,Venmo,7,2,31150,10,10,10,0,6.67,0,0,At-Risk High-Value
1539,56,Male,Clothing,65,Illinois,Fall,3.2,0,Standard,1,1,22,Venmo,1,2,1430,4.29,0,10,0,1.43,0,0,Low-Engagement Casuals
1540,32,Male,Accessories,55,Hawaii,Spring,5,0,2-Day Shipping,1,1,19,Cash,5,2,5225,3.67,6.67,10,0,3.45,0,1,At-Risk High-Value
1541,28,Male,Clothing,95,Colorado,Winter,2.9,0,Next Day Air,1,1,14,Bank Transfer,4,2,5320,2.65,5,10,0,2.55,0,0,At-Risk High-Value
1542,24,Male,Accessories,77,Illinois,Winter,2.9,0,Store Pickup,1,1,35,Cash,1,2,2695,6.94,0,10,0,2.31,0,0,Low-Engagement Casuals
1543,59,Male,Clothing,44,Hawaii,Winter,3.5,0,Next Day Air,1,1,43,PayPal,2,2,3784,8.57,1.67,10,0,3.41,0,0,Low-Engagement Casuals
1544,56,Male,Clothing,89,Wisconsin,Fall,4,0,Standard,1,1,24,Venmo,7,2,14952,4.69,10,10,0,4.9,0,1,At-Risk High-Value
1545,30,Male,Accessories,24,Arkansas,Spring,3.9,0,Standard,1,1,17,Debit Card,1,2,408,3.27,0,10,0,1.09,0,1,Low-Engagement Casuals
1546,48,Male,Accessories,43,Delaware,Winter,4.9,0,Store Pickup,1,1,49,Bank Transfer,7,2,14749,9.8,10,10,0,6.6,0,1,At-Risk High-Value
1547,60,Male,Footwear,51,Oregon,Summer,3.8,0,Express,1,1,17,Bank Transfer,7,2,6069,3.27,10,10,0,4.42,0,1,At-Risk High-Value
1548,46,Male,Accessories,46,South Carolina,Summer,3.5,0,Standard,1,1,40,Cash,6,2,11040,7.96,8.33,10,0,5.43,0,0,At-Risk High-Value
1549,69,Male,Clothing,32,Maryland,Summer,3.7,0,Store Pickup,1,1,43,Bank Transfer,2,2,2752,8.57,1.67,10,0,3.41,0,0,Low-Engagement Casuals
1550,19,Male,Footwear,55,Kansas,Spring,2.9,0,2-Day Shipping,1,1,19,Debit Card,5,2,5225,3.67,6.67,10,0,3.45,0,0,At-Risk High-Value
1551,66,Male,Accessories,26,Arkansas,Summer,2.8,0,Free Shipping,1,1,40,Bank Transfer,6,2,6240,7.96,8.33,10,0,5.43,0,0,At-Risk High-Value
1552,64,Male,Accessories,29,Minnesota,Summer,3.7,0,2-Day Shipping,1,1,13,Credit Card,4,2,1508,2.45,5,10,0,2.48,0,0,Low-Engagement Casuals
1553,54,Male,Clothing,49,New Mexico,Spring,3,0,Express,1,1,20,Credit Card,4,2,3920,3.88,5,10,0,2.96,0,0,Low-Engagement Casuals
1554,27,Male,Clothing,45,Delaware,Spring,4.8,0,Free Shipping,1,1,21,Debit Card,6,2,5670,4.08,8.33,10,0,4.14,0,1,At-Risk High-Value
1555,64,Male,Clothing,48,Utah,Winter,2.7,0,Standard,1,1,18,Cash,1,2,864,3.47,0,10,0,1.16,0,0,Low-Engagement Casuals
1556,43,Male,Clothing,47,Ohio,Winter,4.5,0,Free Shipping,1,1,44,Cash,6,2,12408,8.78,8.33,10,0,5.7,0,1,At-Risk High-Value
1557,43,Male,Clothing,57,Alabama,Fall,2.7,0,Standard,1,1,26,Credit Card,6,2,8892,5.1,8.33,10,0,4.48,0,0,At-Risk High-Value
1558,27,Male,Accessories,34,South Dakota,Fall,3.5,0,Next Day Air,1,1,34,PayPal,6,2,6936,6.73,8.33,10,0,5.02,0,0,At-Risk High-Value
1559,35,Male,Accessories,75,New Mexico,Fall,3.5,0,Express,1,1,24,Credit Card,5,2,9000,4.69,6.67,10,0,3.79,0,0,At-Risk High-Value
1560,43,Male,Accessories,94,Oregon,Fall,4.5,0,Store Pickup,1,1,23,PayPal,3,2,6486,4.49,3.33,10,0,2.61,0,1,At-Risk High-Value
1561,57,Male,Accessories,84,Oregon,Winter,3.8,0,Free Shipping,1,1,3,Debit Card,2,2,504,0.41,1.67,10,0,0.69,0,1,Low-Engagement Casuals
1562,50,Male,Accessories,38,Mississippi,Summer,3.8,0,Standard,1,1,2,Bank Transfer,6,2,456,0.2,8.33,10,0,2.84,0,1,Low-Engagement Casuals
1563,37,Male,Accessories,75,Alabama,Winter,3.2,0,Next Day Air,1,1,23,Venmo,1,2,1725,4.49,0,10,0,1.5,0,0,Low-Engagement Casuals
1564,68,Male,Clothing,44,Kansas,Fall,4.3,0,Next Day Air,1,1,8,Cash,2,2,704,1.43,1.67,10,0,1.03,0,1,Low-Engagement Casuals
1565,22,Male,Accessories,33,California,Summer,4.5,0,Next Day Air,1,1,30,Debit Card,5,2,4950,5.92,6.67,10,0,4.2,0,1,At-Risk High-Value
1566,58,Male,Accessories,93,Idaho,Fall,4.2,0,Free Shipping,1,1,48,PayPal,7,2,31248,9.59,10,10,0,6.53,0,1,At-Risk High-Value
1567,48,Male,Footwear,99,Wyoming,Winter,3,0,Free Shipping,1,1,21,Cash,1,2,2079,4.08,0,10,0,1.36,0,0,Low-Engagement Casuals
1568,30,Male,Accessories,33,Minnesota,Spring,4.1,0,Standard,1,1,9,Cash,4,2,1188,1.63,5,10,0,2.21,0,1,Low-Engagement Casuals
1569,51,Male,Footwear,76,Washington,Spring,4.6,0,Store Pickup,1,1,8,Debit Card,4,2,2432,1.43,5,10,0,2.14,0,1,Low-Engagement Casuals
1570,20,Male,Clothing,63,Hawaii,Summer,2.9,0,Standard,1,1,29,Debit Card,2,2,3654,5.71,1.67,10,0,2.46,0,0,Low-Engagement Casuals
1571,30,Male,Clothing,41,Missouri,Winter,4.8,0,Next Day Air,1,1,3,Bank Transfer,5,2,615,0.41,6.67,10,0,2.36,0,1,Low-Engagement Casuals
1572,28,Male,Accessories,88,Colorado,Winter,4.5,0,Next Day Air,1,1,11,Bank Transfer,3,2,2904,2.04,3.33,10,0,1.79,0,1,Low-Engagement Casuals
1573,37,Male,Clothing,92,Washington,Summer,3.4,0,2-Day Shipping,1,1,16,Debit Card,4,2,5888,3.06,5,10,0,2.69,0,0,At-Risk High-Value
1574,36,Male,Clothing,31,North Dakota,Summer,4.3,0,2-Day Shipping,1,1,25,Debit Card,2,2,1550,4.9,1.67,10,0,2.19,0,1,Low-Engagement Casuals
1575,18,Male,Clothing,25,Minnesota,Spring,4.2,0,Free Shipping,1,1,32,PayPal,1,2,800,6.33,0,10,0,2.11,0,1,Low-Engagement Casuals
1576,52,Male,Clothing,28,California,Spring,3.6,0,Next Day Air,1,1,28,Cash,3,2,2352,5.51,3.33,10,0,2.95,0,0,Low-Engagement Casuals
1577,56,Male,Clothing,75,Michigan,Spring,3.7,0,2-Day Shipping,1,1,36,PayPal,4,2,10800,7.14,5,10,0,4.05,0,0,At-Risk High-Value
1578,68,Male,Footwear,34,Delaware,Spring,4,0,Standard,1,1,7,Venmo,3,2,714,1.22,3.33,10,0,1.52,0,1,Low-Engagement Casuals
1579,62,Male,Clothing,97,California,Winter,4.9,0,2-Day Shipping,1,1,2,PayPal,6,2,1164,0.2,8.33,10,0,2.84,0,1,Low-Engagement Casuals
1580,35,Male,Outerwear,80,Oklahoma,Summer,3.1,0,Free Shipping,1,1,6,Bank Transfer,4,2,1920,1.02,5,10,0,2.01,0,0,Low-Engagement Casuals
1581,65,Male,Footwear,71,North Dakota,Summer,3.7,0,Standard,1,1,30,Cash,7,2,14910,5.92,10,10,0,5.31,0,0,At-Risk High-Value
1582,69,Male,Accessories,77,Ohio,Fall,4.2,0,Free Shipping,1,1,46,Cash,6,2,21252,9.18,8.33,10,0,5.84,0,1,At-Risk High-Value
1583,28,Male,Accessories,41,Hawaii,Spring,2.5,0,Next Day Air,1,1,39,Cash,4,2,6396,7.76,5,10,0,4.25,0,0,At-Risk High-Value
1584,37,Male,Accessories,92,Maryland,Summer,4.3,0,Next Day Air,1,1,8,Venmo,7,2,5152,1.43,10,10,0,3.81,0,1,At-Risk High-Value
1585,41,Male,Clothing,95,Hawaii,Spring,3.1,0,Store Pickup,1,1,46,Credit Card,6,2,26220,9.18,8.33,10,0,5.84,0,0,At-Risk High-Value
1586,37,Male,Clothing,25,Alabama,Fall,3,0,Next Day Air,1,1,40,Debit Card,3,2,3000,7.96,3.33,10,0,3.76,0,0,Low-Engagement Casuals
1587,25,Male,Footwear,77,Oklahoma,Fall,4,0,Express,1,1,21,Bank Transfer,2,2,3234,4.08,1.67,10,0,1.92,0,1,Low-Engagement Casuals
1588,41,Male,Clothing,99,Alabama,Summer,3.5,0,Free Shipping,1,1,33,Credit Card,3,2,9801,6.53,3.33,10,0,3.29,0,0,At-Risk High-Value
1589,48,Male,Accessories,24,Vermont,Winter,3.2,0,Next Day Air,1,1,3,Venmo,4,2,288,0.41,5,10,0,1.8,0,0,Low-Engagement Casuals
1590,42,Male,Footwear,72,Ohio,Summer,2.7,0,Store Pickup,1,1,48,Cash,2,2,6912,9.59,1.67,10,0,3.75,0,0,At-Risk High-Value
1591,54,Male,Clothing,80,Wisconsin,Winter,3,0,Free Shipping,1,1,8,PayPal,7,2,4480,1.43,10,10,0,3.81,0,0,At-Risk High-Value
1592,18,Male,Clothing,100,South Dakota,Winter,2.9,0,Next Day Air,1,1,24,PayPal,7,2,16800,4.69,10,10,0,4.9,0,0,At-Risk High-Value
1593,56,Male,Footwear,83,Iowa,Summer,3.3,0,Free Shipping,1,1,10,Bank Transfer,5,2,4150,1.84,6.67,10,0,2.84,0,0,Low-Engagement Casuals
1594,61,Male,Clothing,95,Maryland,Spring,4.9,0,2-Day Shipping,1,1,25,Bank Transfer,4,2,9500,4.9,5,10,0,3.3,0,1,At-Risk High-Value
1595,40,Male,Accessories,41,Colorado,Summer,3.7,0,Store Pickup,1,1,3,Cash,3,2,369,0.41,3.33,10,0,1.25,0,0,Low-Engagement Casuals
1596,34,Male,Accessories,35,Wisconsin,Spring,3.5,0,Standard,1,1,45,Debit Card,3,2,4725,8.98,3.33,10,0,4.1,0,0,At-Risk High-Value
1597,42,Male,Accessories,30,Mississippi,Fall,4.7,0,Store Pickup,1,1,15,Debit Card,4,2,1800,2.86,5,10,0,2.62,0,1,Low-Engagement Casuals
1598,43,Male,Accessories,21,Mississippi,Winter,2.6,0,Store Pickup,1,1,34,Bank Transfer,6,2,4284,6.73,8.33,10,0,5.02,0,0,At-Risk High-Value
1599,47,Male,Accessories,85,California,Fall,4.1,0,Express,1,1,21,Venmo,1,2,1785,4.08,0,10,0,1.36,0,1,Low-Engagement Casuals
1600,48,Male,Clothing,54,Delaware,Winter,2.8,0,2-Day Shipping,1,1,22,Debit Card,1,2,1188,4.29,0,10,0,1.43,0,0,Low-Engagement Casuals
1601,20,Male,Footwear,26,Montana,Spring,4.7,0,Next Day Air,1,1,24,PayPal,2,2,1248,4.69,1.67,10,0,2.12,0,1,Low-Engagement Casuals
1602,65,Male,Clothing,59,Indiana,Spring,2.9,0,Store Pickup,1,1,33,Credit Card,4,2,7788,6.53,5,10,0,3.84,0,0,At-Risk High-Value
1603,54,Male,Accessories,48,West Virginia,Winter,2.8,0,Free Shipping,1,1,13,Venmo,3,2,1872,2.45,3.33,10,0,1.93,0,0,Low-Engagement Casuals
1604,23,Male,Clothing,98,Iowa,Summer,4.3,0,Next Day Air,1,1,17,Debit Card,1,2,1666,3.27,0,10,0,1.09,0,1,Low-Engagement Casuals
1605,18,Male,Clothing,92,Maine,Summer,4.8,0,2-Day Shipping,1,1,25,Credit Card,5,2,11500,4.9,6.67,10,0,3.86,0,1,At-Risk High-Value
1606,70,Male,Accessories,46,Connecticut,Winter,3.4,0,Next Day Air,1,1,15,Credit Card,1,2,690,2.86,0,10,0,0.95,0,0,Low-Engagement Casuals
1607,55,Male,Clothing,21,Kansas,Spring,4.3,0,Standard,1,1,4,PayPal,3,2,252,0.61,3.33,10,0,1.31,0,1,Low-Engagement Casuals
1608,49,Male,Clothing,72,Vermont,Fall,2.7,0,Free Shipping,1,1,43,Debit Card,6,2,18576,8.57,8.33,10,0,5.63,0,0,At-Risk High-Value
1609,26,Male,Footwear,58,Nebraska,Fall,4.6,0,Next Day Air,1,1,12,Bank Transfer,1,2,696,2.24,0,10,0,0.75,0,1,Low-Engagement Casuals
1610,33,Male,Clothing,93,Nevada,Fall,4.1,0,Standard,1,1,3,Venmo,4,2,1116,0.41,5,10,0,1.8,0,1,Low-Engagement Casuals
1611,20,Male,Clothing,31,Tennessee,Spring,3.4,0,2-Day Shipping,1,1,1,PayPal,7,2,217,0,10,10,0,3.33,0,0,Low-Engagement Casuals
1612,41,Male,Clothing,26,Arkansas,Winter,4.5,0,Next Day Air,1,1,6,Debit Card,4,2,624,1.02,5,10,0,2.01,0,1,Low-Engagement Casuals
1613,18,Male,Clothing,68,Wisconsin,Summer,4.4,0,Standard,1,1,26,Venmo,4,2,7072,5.1,5,10,0,3.37,0,1,At-Risk High-Value
1614,26,Male,Accessories,31,Illinois,Summer,4,0,Next Day Air,1,1,6,Credit Card,3,2,558,1.02,3.33,10,0,1.45,0,1,Low-Engagement Casuals
1615,30,Male,Clothing,41,Kansas,Summer,3.4,0,Free Shipping,1,1,22,Cash,1,2,902,4.29,0,10,0,1.43,0,0,Low-Engagement Casuals
1616,64,Male,Accessories,62,New York,Fall,3.2,0,Standard,1,1,45,Cash,1,2,2790,8.98,0,10,0,2.99,0,0,Low-Engagement Casuals
1617,26,Male,Accessories,41,Colorado,Spring,3.4,0,Standard,1,1,50,Cash,6,2,12300,10,8.33,10,0,6.11,0,0,At-Risk High-Value
1618,43,Male,Clothing,64,Wisconsin,Winter,4.3,0,Standard,1,1,50,Credit Card,3,2,9600,10,3.33,10,0,4.44,0,1,At-Risk High-Value
1619,63,Male,Footwear,72,Michigan,Summer,5,0,Standard,1,1,39,Debit Card,6,2,16848,7.76,8.33,10,0,5.36,0,1,At-Risk High-Value
1620,57,Male,Accessories,78,Hawaii,Winter,3.5,0,Store Pickup,1,1,50,Venmo,1,2,3900,10,0,10,0,3.33,0,0,Low-Engagement Casuals
1621,25,Male,Accessories,47,Virginia,Winter,3.1,0,2-Day Shipping,1,1,27,PayPal,5,2,6345,5.31,6.67,10,0,3.99,0,0,At-Risk High-Value
1622,68,Male,Accessories,46,Ohio,Summer,3.9,0,2-Day Shipping,1,1,38,Debit Card,3,2,5244,7.55,3.33,10,0,3.63,0,1,At-Risk High-Value
1623,31,Male,Clothing,43,Missouri,Winter,4,0,Store Pickup,1,1,37,Bank Transfer,5,2,7955,7.35,6.67,10,0,4.67,0,1,At-Risk High-Value
1624,64,Male,Accessories,58,Indiana,Summer,3.5,0,Next Day Air,1,1,50,Debit Card,7,2,20300,10,10,10,0,6.67,0,0,At-Risk High-Value
1625,38,Male,Clothing,32,Florida,Winter,3.6,0,Free Shipping,1,1,40,PayPal,5,2,6400,7.96,6.67,10,0,4.88,0,0,At-Risk High-Value
1626,34,Male,Clothing,45,Minnesota,Winter,3,0,Next Day Air,1,1,3,PayPal,1,2,135,0.41,0,10,0,0.14,0,0,Low-Engagement Casuals
1627,32,Male,Footwear,35,Nevada,Summer,2.6,0,Next Day Air,1,1,45,Credit Card,1,2,1575,8.98,0,10,0,2.99,0,0,Low-Engagement Casuals
1628,69,Male,Accessories,21,Maine,Winter,2.9,0,Next Day Air,1,1,8,Credit Card,7,2,1176,1.43,10,10,0,3.81,0,0,Low-Engagement Casuals
1629,45,Male,Clothing,64,Massachusetts,Winter,3.1,0,Next Day Air,1,1,7,Cash,4,2,1792,1.22,5,10,0,2.07,0,0,Low-Engagement Casuals
1630,35,Male,Clothing,88,North Dakota,Spring,3.3,0,Next Day Air,1,1,13,Venmo,6,2,6864,2.45,8.33,10,0,3.59,0,0,At-Risk High-Value
1631,63,Male,Footwear,48,New Jersey,Summer,2.9,0,Store Pickup,1,1,29,Venmo,5,2,6960,5.71,6.67,10,0,4.13,0,0,At-Risk High-Value
1632,65,Male,Clothing,36,Indiana,Summer,3.9,0,2-Day Shipping,1,1,7,Bank Transfer,3,2,756,1.22,3.33,10,0,1.52,0,1,Low-Engagement Casuals
1633,35,Male,Accessories,28,Oregon,Summer,4.7,0,2-Day Shipping,1,1,50,Debit Card,5,2,7000,10,6.67,10,0,5.56,0,1,At-Risk High-Value
1634,54,Male,Clothing,80,North Dakota,Spring,4.4,0,2-Day Shipping,1,1,33,Debit Card,1,2,2640,6.53,0,10,0,2.18,0,1,Low-Engagement Casuals
1635,28,Male,Outerwear,23,South Carolina,Summer,3.6,0,Store Pickup,1,1,30,Cash,5,2,3450,5.92,6.67,10,0,4.2,0,0,Low-Engagement Casuals
1636,68,Male,Accessories,24,North Carolina,Summer,3.2,0,Standard,1,1,40,Cash,7,2,6720,7.96,10,10,0,5.99,0,0,At-Risk High-Value
1637,58,Male,Footwear,22,North Dakota,Fall,4,0,Free Shipping,1,1,49,Cash,3,2,3234,9.8,3.33,10,0,4.38,0,1,Low-Engagement Casuals
1638,35,Male,Clothing,21,Massachusetts,Spring,3.5,0,Next Day Air,1,1,32,Venmo,3,2,2016,6.33,3.33,10,0,3.22,0,0,Low-Engagement Casuals
1639,68,Male,Outerwear,51,Tennessee,Spring,4.6,0,Free Shipping,1,1,18,Venmo,2,2,1836,3.47,1.67,10,0,1.71,0,1,Low-Engagement Casuals
1640,41,Male,Accessories,65,Missouri,Summer,3.3,0,Free Shipping,1,1,50,PayPal,7,2,22750,10,10,10,0,6.67,0,0,At-Risk High-Value
1641,65,Male,Accessories,51,Tennessee,Spring,4,0,2-Day Shipping,1,1,13,PayPal,2,2,1326,2.45,1.67,10,0,1.37,0,1,Low-Engagement Casuals
1642,50,Male,Clothing,32,Colorado,Summer,3.4,0,Free Shipping,1,1,1,Bank Transfer,5,2,160,0,6.67,10,0,2.22,0,0,Low-Engagement Casuals
1643,18,Male,Outerwear,70,Mississippi,Spring,4.2,0,Store Pickup,1,1,16,PayPal,3,2,3360,3.06,3.33,10,0,2.13,0,1,Low-Engagement Casuals
1644,38,Male,Accessories,77,Ohio,Summer,3.9,0,2-Day Shipping,1,1,6,PayPal,4,2,1848,1.02,5,10,0,2.01,0,1,Low-Engagement Casuals
1645,68,Male,Outerwear,90,North Carolina,Summer,3.9,0,Next Day Air,1,1,21,Debit Card,4,2,7560,4.08,5,10,0,3.03,0,1,At-Risk High-Value
1646,53,Male,Accessories,36,Ohio,Summer,2.8,0,Standard,1,1,36,Venmo,5,2,6480,7.14,6.67,10,0,4.6,0,0,At-Risk High-Value
1647,58,Male,Accessories,77,Nebraska,Summer,3.7,0,Standard,1,1,20,Bank Transfer,5,2,7700,3.88,6.67,10,0,3.52,0,0,At-Risk High-Value
1648,34,Male,Footwear,78,Hawaii,Summer,4.9,0,Store Pickup,1,1,8,Debit Card,6,2,3744,1.43,8.33,10,0,3.25,0,1,Low-Engagement Casuals
1649,36,Male,Clothing,69,Oklahoma,Summer,2.6,0,Express,1,1,22,Credit Card,4,2,6072,4.29,5,10,0,3.1,0,0,At-Risk High-Value
1650,58,Male,Clothing,63,Wisconsin,Summer,4.9,0,Free Shipping,1,1,3,Credit Card,6,2,1134,0.41,8.33,10,0,2.91,0,1,Low-Engagement Casuals
1651,60,Male,Accessories,36,Arkansas,Winter,3.4,0,Next Day Air,1,1,46,Credit Card,3,2,4968,9.18,3.33,10,0,4.17,0,0,At-Risk High-Value
1652,59,Male,Outerwear,80,Texas,Winter,3.9,0,Standard,1,1,42,Debit Card,4,2,13440,8.37,5,10,0,4.46,0,1,At-Risk High-Value
1653,65,Male,Clothing,35,New Mexico,Summer,4,0,Next Day Air,1,1,1,Bank Transfer,3,2,105,0,3.33,10,0,1.11,0,1,Low-Engagement Casuals
1654,31,Male,Accessories,93,Colorado,Winter,3,0,2-Day Shipping,1,1,29,Debit Card,1,2,2697,5.71,0,10,0,1.9,0,0,Low-Engagement Casuals
1655,43,Male,Accessories,25,Indiana,Spring,2.6,0,Store Pickup,1,1,14,Credit Card,6,2,2100,2.65,8.33,10,0,3.66,0,0,Low-Engagement Casuals
1656,37,Male,Clothing,81,Arizona,Spring,3.2,0,Next Day Air,1,1,4,PayPal,4,2,1296,0.61,5,10,0,1.87,0,0,Low-Engagement Casuals
1657,21,Male,Clothing,42,Indiana,Spring,2.6,0,2-Day Shipping,1,1,41,PayPal,5,2,8610,8.16,6.67,10,0,4.94,0,0,At-Risk High-Value
1658,69,Male,Clothing,36,Indiana,Spring,3.2,0,Store Pickup,1,1,4,Debit Card,1,2,144,0.61,0,10,0,0.2,0,0,Low-Engagement Casuals
1659,32,Male,Accessories,66,Alaska,Spring,4.1,0,Store Pickup,1,1,47,Cash,2,2,6204,9.39,1.67,10,0,3.69,0,1,At-Risk High-Value
1660,53,Male,Accessories,37,Utah,Fall,3.9,0,Next Day Air,1,1,44,Venmo,7,2,11396,8.78,10,10,0,6.26,0,1,At-Risk High-Value
1661,59,Male,Clothing,45,Louisiana,Winter,4.1,0,Standard,1,1,37,Venmo,4,2,6660,7.35,5,10,0,4.12,0,1,At-Risk High-Value
1662,64,Male,Accessories,86,Iowa,Summer,2.7,0,2-Day Shipping,1,1,21,Debit Card,6,2,10836,4.08,8.33,10,0,4.14,0,0,At-Risk High-Value
1663,63,Male,Accessories,24,New Mexico,Winter,4.6,0,Free Shipping,1,1,46,Debit Card,3,2,3312,9.18,3.33,10,0,4.17,0,1,Low-Engagement Casuals
1664,43,Male,Clothing,22,Maine,Summer,3.5,0,Standard,1,1,1,Cash,1,2,22,0,0,10,0,0,0,0,Low-Engagement Casuals
1665,19,Male,Accessories,53,Minnesota,Spring,5,0,Next Day Air,1,1,35,PayPal,2,2,3710,6.94,1.67,10,0,2.87,0,1,Low-Engagement Casuals
1666,40,Male,Outerwear,41,New Mexico,Fall,3.4,0,Next Day Air,1,1,49,Venmo,4,2,8036,9.8,5,10,0,4.93,0,0,At-Risk High-Value
1667,51,Male,Clothing,64,Arkansas,Summer,3.1,0,Store Pickup,1,1,47,PayPal,7,2,21056,9.39,10,10,0,6.46,0,0,At-Risk High-Value
1668,51,Male,Accessories,40,Oklahoma,Winter,3.4,0,2-Day Shipping,1,1,24,Bank Transfer,5,2,4800,4.69,6.67,10,0,3.79,0,0,At-Risk High-Value
1669,66,Male,Clothing,33,Utah,Summer,4,0,Standard,1,1,28,Debit Card,3,2,2772,5.51,3.33,10,0,2.95,0,1,Low-Engagement Casuals
1670,42,Male,Clothing,59,Wisconsin,Winter,2.7,0,Store Pickup,1,1,22,Bank Transfer,6,2,7788,4.29,8.33,10,0,4.21,0,0,At-Risk High-Value
1671,22,Male,Clothing,73,Utah,Fall,3.6,0,Free Shipping,1,1,20,Cash,2,2,2920,3.88,1.67,10,0,1.85,0,0,Low-Engagement Casuals
1672,31,Male,Clothing,22,Utah,Winter,4,0,Free Shipping,1,1,25,Bank Transfer,2,2,1100,4.9,1.67,10,0,2.19,0,1,Low-Engagement Casuals
1673,18,Male,Footwear,73,South Carolina,Fall,3.8,0,Free Shipping,1,1,15,Venmo,6,2,6570,2.86,8.33,10,0,3.73,0,1,At-Risk High-Value
1674,21,Male,Clothing,62,Hawaii,Fall,3.4,0,Next Day Air,1,1,49,Venmo,1,2,3038,9.8,0,10,0,3.27,0,0,Low-Engagement Casuals
1675,35,Male,Outerwear,56,Alaska,Winter,3.2,0,Free Shipping,1,1,10,Debit Card,3,2,1680,1.84,3.33,10,0,1.72,0,0,Low-Engagement Casuals
1676,35,Male,Clothing,90,Colorado,Spring,4.7,0,Next Day Air,1,1,21,Credit Card,7,2,13230,4.08,10,10,0,4.69,0,1,At-Risk High-Value
1677,27,Male,Accessories,44,West Virginia,Winter,3.1,0,Next Day Air,1,1,34,Bank Transfer,2,2,2992,6.73,1.67,10,0,2.8,0,0,Low-Engagement Casuals
1678,65,Male,Clothing,35,Oregon,Summer,3.3,0,Next Day Air,0,0,41,Debit Card,2,0,2870,8.16,1.67,0,0,6.61,0,0,Low-Engagement Casuals
1679,41,Male,Clothing,71,Ohio,Summer,4.8,0,2-Day Shipping,0,0,30,Venmo,3,0,6390,5.92,3.33,0,0,6.42,0,1,At-Risk High-Value
1680,60,Male,Clothing,52,Massachusetts,Fall,4.5,0,Next Day Air,0,0,24,Debit Card,1,0,1248,4.69,0,0,0,4.9,0,1,Low-Engagement Casuals
1681,61,Male,Footwear,37,Louisiana,Summer,3.4,0,Store Pickup,0,0,6,Credit Card,7,0,1554,1.02,10,0,0,7.01,1,0,Emerging Devotees
1682,24,Male,Footwear,95,Virginia,Winter,3.7,0,2-Day Shipping,0,0,14,Credit Card,1,0,1330,2.65,0,0,0,4.22,0,0,Low-Engagement Casuals
1683,65,Male,Clothing,97,New York,Fall,4.9,0,2-Day Shipping,0,0,37,Credit Card,1,0,3589,7.35,0,0,0,5.78,0,1,Low-Engagement Casuals
1684,23,Male,Outerwear,57,Arkansas,Spring,3.5,0,Next Day Air,0,0,37,Venmo,6,0,12654,7.35,8.33,0,0,8.56,1,0,Platinum Champions
1685,30,Male,Clothing,93,New Mexico,Spring,4.6,0,Standard,0,0,28,PayPal,2,0,5208,5.51,1.67,0,0,5.73,0,1,At-Risk High-Value
1686,33,Male,Clothing,48,Minnesota,Winter,4.6,0,Standard,0,0,43,PayPal,1,0,2064,8.57,0,0,0,6.19,0,1,Low-Engagement Casuals
1687,22,Male,Accessories,75,Illinois,Fall,4.2,0,Store Pickup,0,0,25,Cash,7,0,13125,4.9,10,0,0,8.3,1,1,Platinum Champions
1688,67,Male,Clothing,70,Georgia,Winter,3.7,0,Free Shipping,0,0,4,PayPal,7,0,1960,0.61,10,0,0,6.87,0,0,Low-Engagement Casuals
1689,28,Male,Accessories,26,Mississippi,Winter,3,0,Next Day Air,0,0,13,Venmo,3,0,1014,2.45,3.33,0,0,5.26,0,0,Low-Engagement Casuals
1690,32,Male,Clothing,73,North Carolina,Winter,4.6,0,Store Pickup,0,0,32,Bank Transfer,4,0,9344,6.33,5,0,0,7.11,1,1,Platinum Champions
1691,40,Male,Outerwear,30,Nevada,Summer,3.2,0,Free Shipping,0,0,1,Cash,7,0,210,0,10,0,0,6.67,0,0,Low-Engagement Casuals
1692,64,Male,Footwear,61,Connecticut,Summer,3.5,0,Next Day Air,0,0,4,Cash,7,0,1708,0.61,10,0,0,6.87,0,0,Low-Engagement Casuals
1693,56,Male,Accessories,75,Utah,Winter,2.6,0,Standard,0,0,33,Cash,1,0,2475,6.53,0,0,0,5.51,0,0,Low-Engagement Casuals
1694,63,Male,Outerwear,88,Tennessee,Fall,4.9,0,Standard,0,0,45,Bank Transfer,3,0,11880,8.98,3.33,0,0,7.44,1,1,Platinum Champions
1695,20,Male,Clothing,67,Mississippi,Summer,2.7,0,Express,0,0,20,Debit Card,3,0,4020,3.88,3.33,0,0,5.74,0,0,Low-Engagement Casuals
1696,54,Male,Accessories,95,Nebraska,Fall,4.7,0,2-Day Shipping,0,0,1,PayPal,3,0,285,0,3.33,0,0,4.44,0,1,Low-Engagement Casuals
1697,31,Male,Accessories,69,West Virginia,Spring,4,0,Free Shipping,0,0,7,Credit Card,1,0,483,1.22,0,0,0,3.74,0,1,Low-Engagement Casuals
1698,36,Male,Clothing,87,South Carolina,Fall,3.5,0,Next Day Air,0,0,48,Credit Card,5,0,20880,9.59,6.67,0,0,8.75,1,0,Platinum Champions
1699,25,Male,Accessories,41,Iowa,Winter,4.8,0,Standard,0,0,46,Bank Transfer,6,0,11316,9.18,8.33,0,0,9.17,1,1,Platinum Champions
1700,20,Male,Clothing,67,North Dakota,Spring,4,0,Free Shipping,0,0,34,Debit Card,7,0,15946,6.73,10,0,0,8.91,1,1,Platinum Champions
1701,62,Male,Clothing,70,West Virginia,Fall,4.1,0,Express,0,0,36,Bank Transfer,4,0,10080,7.14,5,0,0,7.38,1,1,Platinum Champions
1702,69,Male,Accessories,41,Mississippi,Winter,3.8,0,Next Day Air,0,0,44,Debit Card,5,0,9020,8.78,6.67,0,0,8.48,1,1,Platinum Champions
1703,54,Male,Clothing,83,Alabama,Summer,5,0,Express,0,0,48,Bank Transfer,2,0,7968,9.59,1.67,0,0,7.09,1,1,Platinum Champions
1704,39,Male,Accessories,22,California,Spring,4,0,Next Day Air,0,0,12,Bank Transfer,7,0,1848,2.24,10,0,0,7.41,1,1,Emerging Devotees
1705,56,Male,Footwear,20,Idaho,Summer,3.9,0,Store Pickup,0,0,19,Cash,5,0,1900,3.67,6.67,0,0,6.78,0,1,Low-Engagement Casuals
1706,39,Male,Accessories,29,South Dakota,Summer,3.4,0,2-Day Shipping,0,0,49,Venmo,1,0,1421,9.8,0,0,0,6.6,0,0,Low-Engagement Casuals
1707,37,Male,Accessories,87,North Dakota,Spring,3,0,Standard,0,0,25,Venmo,3,0,6525,4.9,3.33,0,0,6.08,0,0,At-Risk High-Value
1708,25,Male,Clothing,81,Nevada,Fall,4.9,0,2-Day Shipping,0,0,25,Cash,1,0,2025,4.9,0,0,0,4.97,0,1,Low-Engagement Casuals
1709,35,Male,Footwear,58,Florida,Spring,3.2,0,Express,0,0,1,Credit Card,6,0,348,0,8.33,0,0,6.11,0,0,Low-Engagement Casuals
1710,45,Male,Clothing,83,Indiana,Winter,3.8,0,Standard,0,0,19,Bank Transfer,7,0,11039,3.67,10,0,0,7.89,1,1,Platinum Champions
1711,19,Male,Clothing,59,Arkansas,Fall,3.8,0,Store Pickup,0,0,7,Credit Card,6,0,2478,1.22,8.33,0,0,6.52,0,1,Low-Engagement Casuals
1712,21,Male,Clothing,93,North Carolina,Spring,4.7,0,Express,0,0,19,Credit Card,4,0,7068,3.67,5,0,0,6.22,0,1,At-Risk High-Value
1713,65,Male,Clothing,87,Illinois,Fall,3.8,0,2-Day Shipping,0,0,9,Cash,3,0,2349,1.63,3.33,0,0,4.99,0,1,Low-Engagement Casuals
1714,49,Male,Outerwear,22,Missouri,Winter,4.6,0,Free Shipping,0,0,37,PayPal,6,0,4884,7.35,8.33,0,0,8.56,1,1,Platinum Champions
1715,30,Male,Clothing,71,South Dakota,Summer,4.4,0,Standard,0,0,15,Cash,4,0,4260,2.86,5,0,0,5.95,0,1,At-Risk High-Value
1716,23,Male,Clothing,69,Idaho,Spring,3.4,0,2-Day Shipping,0,0,30,PayPal,1,0,2070,5.92,0,0,0,5.31,0,0,Low-Engagement Casuals
1717,69,Male,Clothing,47,Connecticut,Winter,4.7,0,Standard,0,0,30,Cash,5,0,7050,5.92,6.67,0,0,7.53,1,1,Platinum Champions
1718,29,Male,Clothing,50,Hawaii,Summer,2.9,0,Express,0,0,16,Debit Card,1,0,800,3.06,0,0,0,4.35,0,0,Low-Engagement Casuals
1719,54,Male,Clothing,96,Maryland,Winter,3.4,0,2-Day Shipping,0,0,14,PayPal,5,0,6720,2.65,6.67,0,0,6.44,0,0,At-Risk High-Value
1720,45,Male,Clothing,39,Maryland,Winter,3.2,0,Free Shipping,0,0,8,Venmo,6,0,1872,1.43,8.33,0,0,6.59,0,0,Low-Engagement Casuals
1721,25,Male,Clothing,84,Massachusetts,Winter,2.8,0,Express,0,0,40,Debit Card,1,0,3360,7.96,0,0,0,5.99,0,0,Low-Engagement Casuals
1722,34,Male,Accessories,28,Delaware,Spring,4.3,0,Free Shipping,0,0,24,Credit Card,4,0,2688,4.69,5,0,0,6.56,0,1,Low-Engagement Casuals
1723,46,Male,Clothing,51,Massachusetts,Summer,3.3,0,Standard,0,0,14,Cash,3,0,2142,2.65,3.33,0,0,5.33,0,0,Low-Engagement Casuals
1724,70,Male,Accessories,20,New York,Spring,3.3,0,Standard,0,0,39,PayPal,7,0,5460,7.76,10,0,0,9.25,1,0,Platinum Champions
1725,42,Male,Footwear,72,Delaware,Winter,3.3,0,Free Shipping,0,0,21,PayPal,2,0,3024,4.08,1.67,0,0,5.25,0,0,Low-Engagement Casuals
1726,45,Male,Accessories,33,Massachusetts,Spring,3,0,Next Day Air,0,0,32,Venmo,6,0,6336,6.33,8.33,0,0,8.22,1,0,Platinum Champions
1727,57,Male,Outerwear,28,Indiana,Summer,2.8,0,Express,0,0,45,Debit Card,2,0,2520,8.98,1.67,0,0,6.88,0,0,Low-Engagement Casuals
1728,49,Male,Clothing,53,Virginia,Spring,4,0,Express,0,0,19,PayPal,4,0,4028,3.67,5,0,0,6.22,0,1,Low-Engagement Casuals
1729,23,Male,Clothing,48,Wyoming,Fall,4.3,0,Express,0,0,1,Debit Card,5,0,240,0,6.67,0,0,5.56,0,1,Low-Engagement Casuals
1730,47,Male,Clothing,21,Illinois,Winter,3.8,0,Store Pickup,0,0,12,Venmo,3,0,756,2.24,3.33,0,0,5.19,0,1,Low-Engagement Casuals
1731,23,Male,Clothing,22,Alabama,Fall,4.2,0,Free Shipping,0,0,26,Credit Card,2,0,1144,5.1,1.67,0,0,5.59,0,1,Low-Engagement Casuals
1732,21,Male,Accessories,87,Idaho,Fall,3.1,0,Next Day Air,0,0,12,Cash,4,0,4176,2.24,5,0,0,5.75,0,0,Low-Engagement Casuals
1733,45,Male,Accessories,50,Rhode Island,Winter,2.6,0,Free Shipping,0,0,36,Cash,5,0,9000,7.14,6.67,0,0,7.94,1,0,Platinum Champions
1734,67,Male,Clothing,85,New York,Summer,3.4,0,Express,0,0,22,Credit Card,7,0,13090,4.29,10,0,0,8.1,1,0,Platinum Champions
1735,31,Male,Clothing,98,Missouri,Spring,3.1,0,Next Day Air,0,0,16,PayPal,6,0,9408,3.06,8.33,0,0,7.13,1,0,Platinum Champions
1736,58,Male,Clothing,34,Texas,Winter,3.6,0,Express,0,0,31,Venmo,7,0,7378,6.12,10,0,0,8.71,1,0,Platinum Champions
1737,57,Male,Clothing,61,Tennessee,Summer,2.6,0,2-Day Shipping,0,0,43,Cash,6,0,15738,8.57,8.33,0,0,8.97,1,0,Platinum Champions
1738,42,Male,Accessories,98,Ohio,Summer,4.2,0,Store Pickup,0,0,50,Venmo,1,0,4900,10,0,0,0,6.67,0,1,At-Risk High-Value
1739,60,Male,Accessories,61,Tennessee,Spring,2.9,0,2-Day Shipping,0,0,37,Credit Card,2,0,4514,7.35,1.67,0,0,6.34,0,0,At-Risk High-Value
1740,21,Male,Accessories,98,Minnesota,Winter,4.2,0,Express,0,0,23,Cash,2,0,4508,4.49,1.67,0,0,5.39,0,1,At-Risk High-Value
1741,69,Male,Clothing,21,Wisconsin,Fall,3.3,0,Next Day Air,0,0,10,Bank Transfer,5,0,1050,1.84,6.67,0,0,6.17,0,0,Low-Engagement Casuals
1742,41,Male,Clothing,51,Delaware,Winter,3.6,0,Next Day Air,0,0,20,Bank Transfer,4,0,4080,3.88,5,0,0,6.29,0,0,Low-Engagement Casuals
1743,51,Male,Footwear,80,Kansas,Spring,4.3,0,Express,0,0,18,Venmo,5,0,7200,3.47,6.67,0,0,6.71,0,1,At-Risk High-Value
1744,23,Male,Clothing,72,Missouri,Winter,3.3,0,Standard,0,0,3,Bank Transfer,2,0,432,0.41,1.67,0,0,4.03,0,0,Low-Engagement Casuals
1745,57,Male,Accessories,63,Michigan,Winter,3,0,Standard,0,0,23,PayPal,2,0,2898,4.49,1.67,0,0,5.39,0,0,Low-Engagement Casuals
1746,40,Male,Clothing,27,West Virginia,Winter,3.6,0,Store Pickup,0,0,27,Cash,2,0,1458,5.31,1.67,0,0,5.66,0,0,Low-Engagement Casuals
1747,65,Male,Accessories,44,Alabama,Summer,3.1,0,Store Pickup,0,0,44,Bank Transfer,3,0,5808,8.78,3.33,0,0,7.37,1,0,Platinum Champions
1748,61,Male,Outerwear,23,New Hampshire,Winter,2.9,0,Express,0,0,41,Venmo,6,0,5658,8.16,8.33,0,0,8.83,1,0,Platinum Champions
1749,34,Male,Clothing,93,Montana,Winter,3.9,0,2-Day Shipping,0,0,41,Bank Transfer,7,0,26691,8.16,10,0,0,9.39,1,1,Platinum Champions
1750,43,Male,Clothing,70,Wyoming,Fall,3.2,0,2-Day Shipping,0,0,36,Debit Card,5,0,12600,7.14,6.67,0,0,7.94,1,0,Platinum Champions
1751,31,Male,Accessories,85,Missouri,Fall,3.1,0,Express,0,0,38,Venmo,5,0,16150,7.55,6.67,0,0,8.07,1,0,Platinum Champions
1752,57,Male,Clothing,40,Ohio,Winter,3.2,0,2-Day Shipping,0,0,34,Cash,7,0,9520,6.73,10,0,0,8.91,1,0,Platinum Champions
1753,34,Male,Footwear,29,South Dakota,Winter,3.3,0,Store Pickup,0,0,14,Venmo,6,0,2436,2.65,8.33,0,0,6.99,0,0,Low-Engagement Casuals
1754,25,Male,Clothing,27,Colorado,Fall,4.8,0,Next Day Air,0,0,23,Credit Card,3,0,1863,4.49,3.33,0,0,5.94,0,1,Low-Engagement Casuals
1755,66,Male,Clothing,93,Massachusetts,Fall,3.8,0,2-Day Shipping,0,0,18,Credit Card,3,0,5022,3.47,3.33,0,0,5.6,0,1,At-Risk High-Value
1756,56,Male,Accessories,20,Delaware,Spring,4.6,0,Next Day Air,0,0,45,Cash,4,0,3600,8.98,5,0,0,7.99,1,1,Emerging Devotees
1757,49,Male,Accessories,55,New Hampshire,Fall,2.8,0,Free Shipping,0,0,14,Bank Transfer,2,0,1540,2.65,1.67,0,0,4.77,0,0,Low-Engagement Casuals
1758,19,Male,Clothing,94,Michigan,Fall,3.6,0,Standard,0,0,48,Debit Card,7,0,31584,9.59,10,0,0,9.86,1,0,Platinum Champions
1759,27,Male,Accessories,56,Pennsylvania,Winter,4.3,0,Free Shipping,0,0,17,Venmo,1,0,952,3.27,0,0,0,4.42,0,1,Low-Engagement Casuals
1760,68,Male,Clothing,58,Louisiana,Spring,4,0,Next Day Air,0,0,1,PayPal,2,0,116,0,1.67,0,0,3.89,0,1,Low-Engagement Casuals
1761,20,Male,Clothing,44,Minnesota,Spring,3.5,0,Standard,0,0,39,PayPal,2,0,3432,7.76,1.67,0,0,6.48,0,0,Low-Engagement Casuals
1762,21,Male,Clothing,95,Hawaii,Fall,4.9,0,2-Day Shipping,0,0,24,Cash,2,0,4560,4.69,1.67,0,0,5.45,0,1,At-Risk High-Value
1763,36,Male,Footwear,42,Idaho,Summer,3.1,0,Express,0,0,41,Bank Transfer,3,0,5166,8.16,3.33,0,0,7.16,1,0,Platinum Champions
1764,37,Male,Accessories,93,Vermont,Winter,3.9,0,Store Pickup,0,0,28,PayPal,7,0,18228,5.51,10,0,0,8.5,1,1,Platinum Champions
1765,61,Male,Clothing,56,Delaware,Summer,3,0,Store Pickup,0,0,34,Venmo,6,0,11424,6.73,8.33,0,0,8.35,1,0,Platinum Champions
1766,68,Male,Clothing,88,New Mexico,Spring,4.1,0,2-Day Shipping,0,0,41,Venmo,6,0,21648,8.16,8.33,0,0,8.83,1,1,Platinum Champions
1767,60,Male,Clothing,54,Alaska,Winter,4.3,0,2-Day Shipping,0,0,27,Cash,1,0,1458,5.31,0,0,0,5.1,0,1,Low-Engagement Casuals
1768,69,Male,Accessories,89,Minnesota,Fall,3.8,0,2-Day Shipping,0,0,46,Debit Card,3,0,12282,9.18,3.33,0,0,7.5,1,1,Platinum Champions
1769,25,Male,Footwear,45,Nebraska,Summer,3.9,0,2-Day Shipping,0,0,2,PayPal,5,0,450,0.2,6.67,0,0,5.62,0,1,Low-Engagement Casuals
1770,32,Male,Clothing,75,Alaska,Winter,4.3,0,Free Shipping,0,0,45,Cash,4,0,13500,8.98,5,0,0,7.99,1,1,Platinum Champions
1771,53,Male,Accessories,22,Michigan,Fall,4.3,0,Express,0,0,34,Bank Transfer,2,0,1496,6.73,1.67,0,0,6.13,0,1,Low-Engagement Casuals
1772,46,Male,Clothing,82,Indiana,Fall,4.7,0,Store Pickup,0,0,9,Credit Card,7,0,5166,1.63,10,0,0,7.21,1,1,Platinum Champions
1773,58,Male,Footwear,34,Hawaii,Summer,3.1,0,2-Day Shipping,0,0,1,Bank Transfer,7,0,238,0,10,0,0,6.67,0,0,Low-Engagement Casuals
1774,21,Male,Outerwear,92,West Virginia,Summer,2.7,0,Free Shipping,0,0,17,PayPal,7,0,10948,3.27,10,0,0,7.76,1,0,Platinum Champions
1775,46,Male,Clothing,78,New York,Spring,3.7,0,Express,0,0,6,PayPal,2,0,936,1.02,1.67,0,0,4.23,0,0,Low-Engagement Casuals
1776,18,Male,Outerwear,47,Iowa,Spring,3.3,0,2-Day Shipping,0,0,12,Cash,1,0,564,2.24,0,0,0,4.08,0,0,Low-Engagement Casuals
1777,56,Male,Outerwear,64,Arizona,Summer,3.4,0,Free Shipping,0,0,10,Venmo,5,0,3200,1.84,6.67,0,0,6.17,0,0,Low-Engagement Casuals
1778,18,Male,Footwear,44,Minnesota,Winter,4.7,0,Free Shipping,0,0,4,Cash,3,0,528,0.61,3.33,0,0,4.65,0,1,Low-Engagement Casuals
1779,49,Male,Accessories,94,Texas,Winter,4.9,0,Store Pickup,0,0,8,Debit Card,1,0,752,1.43,0,0,0,3.81,0,1,Low-Engagement Casuals
1780,29,Male,Accessories,62,Virginia,Winter,4.3,0,Free Shipping,0,0,41,Venmo,2,0,5084,8.16,1.67,0,0,6.61,0,1,At-Risk High-Value
1781,67,Male,Accessories,81,North Dakota,Summer,4.2,0,Next Day Air,0,0,49,Credit Card,2,0,7938,9.8,1.67,0,0,7.16,1,1,Platinum Champions
1782,31,Male,Clothing,33,Iowa,Fall,3.7,0,Express,0,0,49,Bank Transfer,6,0,9702,9.8,8.33,0,0,9.38,1,0,Platinum Champions
1783,52,Male,Clothing,88,Utah,Fall,2.7,0,Next Day Air,0,0,40,Bank Transfer,3,0,10560,7.96,3.33,0,0,7.1,1,0,Platinum Champions
1784,42,Male,Accessories,49,Ohio,Winter,3.3,0,Free Shipping,0,0,30,Credit Card,4,0,5880,5.92,5,0,0,6.97,0,0,At-Risk High-Value
1785,32,Male,Accessories,31,Louisiana,Summer,4.8,0,Standard,0,0,4,Debit Card,6,0,744,0.61,8.33,0,0,6.31,0,1,Low-Engagement Casuals
1786,47,Male,Accessories,29,Iowa,Fall,4.1,0,Next Day Air,0,0,22,Venmo,4,0,2552,4.29,5,0,0,6.43,0,1,Low-Engagement Casuals
1787,45,Male,Outerwear,34,Maryland,Spring,4.6,0,2-Day Shipping,0,0,22,Venmo,4,0,2992,4.29,5,0,0,6.43,0,1,Low-Engagement Casuals
1788,20,Male,Clothing,38,Montana,Fall,4.9,0,2-Day Shipping,0,0,10,Bank Transfer,6,0,2280,1.84,8.33,0,0,6.72,0,1,Low-Engagement Casuals
1789,66,Male,Clothing,41,Illinois,Summer,3.1,0,Store Pickup,0,0,23,Cash,1,0,943,4.49,0,0,0,4.83,0,0,Low-Engagement Casuals
1790,52,Male,Clothing,34,Arizona,Spring,3,0,2-Day Shipping,0,0,43,Debit Card,6,0,8772,8.57,8.33,0,0,8.97,1,0,Platinum Champions
1791,50,Male,Accessories,26,North Carolina,Summer,3.7,0,Store Pickup,0,0,31,PayPal,1,0,806,6.12,0,0,0,5.37,0,0,Low-Engagement Casuals
1792,62,Male,Clothing,98,Montana,Winter,4,0,Store Pickup,0,0,38,Cash,7,0,26068,7.55,10,0,0,9.18,1,1,Platinum Champions
1793,38,Male,Footwear,59,Iowa,Fall,3,0,Express,0,0,22,Debit Card,5,0,6490,4.29,6.67,0,0,6.99,0,0,At-Risk High-Value
1794,65,Male,Accessories,92,Iowa,Fall,3.8,0,Store Pickup,0,0,45,Cash,5,0,20700,8.98,6.67,0,0,8.55,1,1,Platinum Champions
1795,60,Male,Accessories,40,Ohio,Spring,3.7,0,Express,0,0,21,Debit Card,3,0,2520,4.08,3.33,0,0,5.8,0,0,Low-Engagement Casuals
1796,68,Male,Clothing,20,Wisconsin,Fall,4,0,2-Day Shipping,0,0,9,Debit Card,3,0,540,1.63,3.33,0,0,4.99,0,1,Low-Engagement Casuals
1797,62,Male,Clothing,35,South Carolina,Spring,3.1,0,Store Pickup,0,0,34,Venmo,2,0,2380,6.73,1.67,0,0,6.13,0,0,Low-Engagement Casuals
1798,62,Male,Accessories,35,Oregon,Spring,3.9,0,2-Day Shipping,0,0,26,Venmo,2,0,1820,5.1,1.67,0,0,5.59,0,1,Low-Engagement Casuals
1799,40,Male,Clothing,82,North Dakota,Winter,3.7,0,Express,0,0,1,Cash,2,0,164,0,1.67,0,0,3.89,0,0,Low-Engagement Casuals
1800,32,Male,Clothing,48,California,Fall,3.9,0,Express,0,0,47,Venmo,2,0,4512,9.39,1.67,0,0,7.02,1,1,Platinum Champions
1801,22,Male,Outerwear,58,Mississippi,Winter,2.7,0,Express,0,0,30,Credit Card,2,0,3480,5.92,1.67,0,0,5.86,0,0,Low-Engagement Casuals
1802,33,Male,Clothing,57,New Jersey,Spring,3.9,0,Express,0,0,48,Debit Card,3,0,8208,9.59,3.33,0,0,7.64,1,1,Platinum Champions
1803,57,Male,Clothing,96,Rhode Island,Winter,2.6,0,Store Pickup,0,0,31,Venmo,1,0,2976,6.12,0,0,0,5.37,0,0,Low-Engagement Casuals
1804,60,Male,Footwear,97,New Hampshire,Summer,3.5,0,Free Shipping,0,0,33,Venmo,3,0,9603,6.53,3.33,0,0,6.62,0,0,At-Risk High-Value
1805,30,Male,Clothing,42,Louisiana,Winter,4.4,0,Next Day Air,0,0,39,Credit Card,2,0,3276,7.76,1.67,0,0,6.48,0,1,Low-Engagement Casuals
1806,41,Male,Clothing,62,Arizona,Spring,4.9,0,Store Pickup,0,0,46,Debit Card,2,0,5704,9.18,1.67,0,0,6.95,0,1,At-Risk High-Value
1807,58,Male,Accessories,67,Rhode Island,Fall,3.9,0,Standard,0,0,24,Venmo,7,0,11256,4.69,10,0,0,8.23,1,1,Platinum Champions
1808,34,Male,Footwear,46,Vermont,Summer,3.5,0,Standard,0,0,37,Venmo,3,0,5106,7.35,3.33,0,0,6.89,0,0,At-Risk High-Value
1809,67,Male,Outerwear,71,Tennessee,Spring,4.3,0,Next Day Air,0,0,7,Debit Card,4,0,1988,1.22,5,0,0,5.41,0,1,Low-Engagement Casuals
1810,58,Male,Accessories,99,Alaska,Fall,3.4,0,Free Shipping,0,0,6,Debit Card,3,0,1782,1.02,3.33,0,0,4.78,0,0,Low-Engagement Casuals
1811,41,Male,Clothing,28,Maryland,Fall,2.7,0,Standard,0,0,16,Cash,1,0,448,3.06,0,0,0,4.35,0,0,Low-Engagement Casuals
1812,42,Male,Accessories,77,Wisconsin,Summer,3.6,0,Standard,0,0,33,Bank Transfer,7,0,17787,6.53,10,0,0,8.84,1,0,Platinum Champions
1813,50,Male,Footwear,63,Nevada,Summer,4.9,0,Express,0,0,18,PayPal,1,0,1134,3.47,0,0,0,4.49,0,1,Low-Engagement Casuals
1814,40,Male,Clothing,62,Illinois,Spring,3.5,0,Free Shipping,0,0,24,PayPal,2,0,2976,4.69,1.67,0,0,5.45,0,0,Low-Engagement Casuals
1815,32,Male,Clothing,92,Montana,Summer,3.8,0,Free Shipping,0,0,24,Cash,6,0,13248,4.69,8.33,0,0,7.67,1,1,Platinum Champions
1816,51,Male,Footwear,72,New Mexico,Winter,4.5,0,2-Day Shipping,0,0,48,Credit Card,5,0,17280,9.59,6.67,0,0,8.75,1,1,Platinum Champions
1817,26,Male,Accessories,79,Virginia,Summer,4,0,Express,0,0,4,Cash,2,0,632,0.61,1.67,0,0,4.09,0,1,Low-Engagement Casuals
1818,32,Male,Clothing,27,Delaware,Summer,4.7,0,Free Shipping,0,0,20,Cash,2,0,1080,3.88,1.67,0,0,5.18,0,1,Low-Engagement Casuals
1819,58,Male,Accessories,39,North Carolina,Fall,3.8,0,Express,0,0,47,Debit Card,5,0,9165,9.39,6.67,0,0,8.69,1,1,Platinum Champions
1820,51,Male,Clothing,86,Nevada,Spring,4.5,0,Next Day Air,0,0,50,Cash,6,0,25800,10,8.33,0,0,9.44,1,1,Platinum Champions
1821,19,Male,Clothing,94,Washington,Fall,5,0,Express,0,0,31,PayPal,4,0,11656,6.12,5,0,0,7.04,1,1,Platinum Champions
1822,57,Male,Clothing,53,Maine,Spring,2.8,0,Express,0,0,29,PayPal,6,0,9222,5.71,8.33,0,0,8.01,1,0,Platinum Champions
1823,66,Male,Clothing,85,Connecticut,Summer,4.4,0,Standard,0,0,4,Cash,7,0,2380,0.61,10,0,0,6.87,0,1,Low-Engagement Casuals
1824,62,Male,Clothing,50,Louisiana,Fall,4.7,0,Free Shipping,0,0,40,Bank Transfer,1,0,2000,7.96,0,0,0,5.99,0,1,Low-Engagement Casuals
1825,58,Male,Clothing,47,Illinois,Winter,3.8,0,Express,0,0,31,Cash,4,0,5828,6.12,5,0,0,7.04,1,1,Platinum Champions
1826,23,Male,Footwear,75,South Dakota,Winter,4.9,0,Next Day Air,0,0,41,Credit Card,2,0,6150,8.16,1.67,0,0,6.61,0,1,At-Risk High-Value
1827,45,Male,Clothing,60,Indiana,Winter,4.2,0,Express,0,0,44,Debit Card,7,0,18480,8.78,10,0,0,9.59,1,1,Platinum Champions
1828,20,Male,Clothing,36,Vermont,Spring,4.9,0,2-Day Shipping,0,0,31,Bank Transfer,2,0,2232,6.12,1.67,0,0,5.93,0,1,Low-Engagement Casuals
1829,33,Male,Outerwear,80,New Hampshire,Spring,3.9,0,Express,0,0,45,Cash,5,0,18000,8.98,6.67,0,0,8.55,1,1,Platinum Champions
1830,30,Male,Accessories,96,Oregon,Spring,4.9,0,2-Day Shipping,0,0,50,Credit Card,6,0,28800,10,8.33,0,0,9.44,1,1,Platinum Champions
1831,50,Male,Accessories,80,Kansas,Winter,4.8,0,Express,0,0,7,Venmo,7,0,3920,1.22,10,0,0,7.07,1,1,Emerging Devotees
1832,62,Male,Clothing,71,Maine,Summer,3.3,0,Free Shipping,0,0,5,Bank Transfer,5,0,1775,0.82,6.67,0,0,5.83,0,0,Low-Engagement Casuals
1833,69,Male,Accessories,29,Louisiana,Fall,4.6,0,Free Shipping,0,0,48,Cash,4,0,5568,9.59,5,0,0,8.2,1,1,Platinum Champions
1834,34,Male,Accessories,53,Louisiana,Spring,4.5,0,2-Day Shipping,0,0,19,PayPal,3,0,3021,3.67,3.33,0,0,5.67,0,1,Low-Engagement Casuals
1835,49,Male,Clothing,35,Indiana,Summer,4.1,0,2-Day Shipping,0,0,39,Venmo,3,0,4095,7.76,3.33,0,0,7.03,1,1,Emerging Devotees
1836,65,Male,Accessories,75,Kentucky,Fall,3.2,0,2-Day Shipping,0,0,45,Credit Card,6,0,20250,8.98,8.33,0,0,9.1,1,0,Platinum Champions
1837,66,Male,Clothing,52,South Carolina,Fall,4.2,0,2-Day Shipping,0,0,35,Credit Card,4,0,7280,6.94,5,0,0,7.31,1,1,Platinum Champions
1838,41,Male,Accessories,77,Montana,Winter,4.8,0,Free Shipping,0,0,8,Venmo,4,0,2464,1.43,5,0,0,5.48,0,1,Low-Engagement Casuals
1839,37,Male,Accessories,24,Vermont,Fall,4.1,0,Next Day Air,0,0,11,Credit Card,6,0,1584,2.04,8.33,0,0,6.79,0,1,Low-Engagement Casuals
1840,32,Male,Clothing,78,Mississippi,Winter,3.7,0,Store Pickup,0,0,32,Cash,7,0,17472,6.33,10,0,0,8.78,1,0,Platinum Champions
1841,42,Male,Footwear,98,Wyoming,Winter,2.6,0,Store Pickup,0,0,46,Bank Transfer,5,0,22540,9.18,6.67,0,0,8.62,1,0,Platinum Champions
1842,31,Male,Clothing,57,Vermont,Winter,3,0,Standard,0,0,7,PayPal,5,0,1995,1.22,6.67,0,0,5.96,0,0,Low-Engagement Casuals
1843,61,Male,Accessories,78,Alabama,Summer,4.4,0,Express,0,0,1,Debit Card,7,0,546,0,10,0,0,6.67,0,1,Low-Engagement Casuals
1844,36,Male,Outerwear,76,Kentucky,Fall,4.7,0,Next Day Air,0,0,32,Credit Card,4,0,9728,6.33,5,0,0,7.11,1,1,Platinum Champions
1845,60,Male,Clothing,26,South Dakota,Spring,2.7,0,2-Day Shipping,0,0,31,Credit Card,7,0,5642,6.12,10,0,0,8.71,1,0,Platinum Champions
1846,51,Male,Footwear,78,Delaware,Winter,2.8,0,2-Day Shipping,0,0,39,Bank Transfer,6,0,18252,7.76,8.33,0,0,8.7,1,0,Platinum Champions
1847,68,Male,Accessories,53,Wisconsin,Summer,2.9,0,Standard,0,0,9,Venmo,6,0,2862,1.63,8.33,0,0,6.65,0,0,Low-Engagement Casuals
1848,46,Male,Footwear,100,Arizona,Summer,4.4,0,Free Shipping,0,0,49,Credit Card,2,0,9800,9.8,1.67,0,0,7.16,1,1,Platinum Champions
1849,19,Male,Clothing,73,Maine,Winter,2.7,0,Express,0,0,34,Cash,5,0,12410,6.73,6.67,0,0,7.8,1,0,Platinum Champions
1850,30,Male,Clothing,40,New Mexico,Winter,4.5,0,Store Pickup,0,0,35,Bank Transfer,4,0,5600,6.94,5,0,0,7.31,1,1,Platinum Champions
1851,51,Male,Accessories,76,Wyoming,Winter,2.8,0,Store Pickup,0,0,50,Debit Card,2,0,7600,10,1.67,0,0,7.22,1,0,Platinum Champions
1852,28,Male,Clothing,80,Delaware,Fall,3.1,0,Free Shipping,0,0,4,Bank Transfer,3,0,960,0.61,3.33,0,0,4.65,0,0,Low-Engagement Casuals
1853,41,Male,Clothing,80,Pennsylvania,Winter,3.8,0,Store Pickup,0,0,32,Cash,2,0,5120,6.33,1.67,0,0,6,0,1,At-Risk High-Value
1854,29,Male,Clothing,67,North Dakota,Spring,2.9,0,Express,0,0,11,PayPal,3,0,2211,2.04,3.33,0,0,5.12,0,0,Low-Engagement Casuals
1855,25,Male,Clothing,61,Kentucky,Spring,3.8,0,Express,0,0,49,Credit Card,7,0,20923,9.8,10,0,0,9.93,1,1,Platinum Champions
1856,60,Male,Clothing,76,Rhode Island,Spring,4.7,0,Standard,0,0,9,Cash,7,0,4788,1.63,10,0,0,7.21,1,1,Platinum Champions
1857,63,Male,Accessories,55,Arizona,Summer,3.2,0,Free Shipping,0,0,30,PayPal,1,0,1650,5.92,0,0,0,5.31,0,0,Low-Engagement Casuals
1858,51,Male,Clothing,85,Colorado,Summer,4,0,Next Day Air,0,0,33,Cash,4,0,11220,6.53,5,0,0,7.18,1,1,Platinum Champions
1859,22,Male,Accessories,69,Maine,Spring,4.9,0,2-Day Shipping,0,0,8,Debit Card,7,0,3864,1.43,10,0,0,7.14,1,1,Emerging Devotees
1860,54,Male,Accessories,26,New Jersey,Summer,3.7,0,Store Pickup,0,0,29,Debit Card,3,0,2262,5.71,3.33,0,0,6.35,0,0,Low-Engagement Casuals
1861,18,Male,Clothing,64,Kansas,Summer,4.8,0,Next Day Air,0,0,4,Credit Card,4,0,1024,0.61,5,0,0,5.2,0,1,Low-Engagement Casuals
1862,29,Male,Footwear,60,South Dakota,Fall,3.6,0,Standard,0,0,19,Debit Card,4,0,4560,3.67,5,0,0,6.22,0,0,At-Risk High-Value
1863,59,Male,Accessories,36,New Hampshire,Winter,4.6,0,Express,0,0,10,PayPal,3,0,1080,1.84,3.33,0,0,5.06,0,1,Low-Engagement Casuals
1864,25,Male,Footwear,21,Connecticut,Spring,4.3,0,2-Day Shipping,0,0,39,Debit Card,4,0,3276,7.76,5,0,0,7.59,1,1,Emerging Devotees
1865,19,Male,Accessories,72,Wyoming,Fall,3.2,0,2-Day Shipping,0,0,21,Venmo,6,0,9072,4.08,8.33,0,0,7.47,1,0,Platinum Champions
1866,56,Male,Clothing,62,Missouri,Summer,3.8,0,Store Pickup,0,0,12,Bank Transfer,4,0,2976,2.24,5,0,0,5.75,0,1,Low-Engagement Casuals
1867,31,Male,Clothing,44,Alaska,Winter,4.2,0,Standard,0,0,9,Credit Card,3,0,1188,1.63,3.33,0,0,4.99,0,1,Low-Engagement Casuals
1868,45,Male,Clothing,52,Delaware,Fall,3.4,0,2-Day Shipping,0,0,20,Venmo,6,0,6240,3.88,8.33,0,0,7.4,1,0,Platinum Champions
1869,23,Male,Accessories,58,Indiana,Spring,4.7,0,Next Day Air,0,0,44,Cash,3,0,7656,8.78,3.33,0,0,7.37,1,1,Platinum Champions
1870,18,Male,Clothing,77,West Virginia,Spring,3.9,0,2-Day Shipping,0,0,16,Debit Card,5,0,6160,3.06,6.67,0,0,6.58,0,1,At-Risk High-Value
1871,43,Male,Clothing,99,Wyoming,Spring,4.3,0,Store Pickup,0,0,27,Debit Card,3,0,8019,5.31,3.33,0,0,6.21,0,1,At-Risk High-Value
1872,56,Male,Clothing,96,Illinois,Fall,2.7,0,Standard,0,0,14,Cash,5,0,6720,2.65,6.67,0,0,6.44,0,0,At-Risk High-Value
1873,43,Male,Clothing,64,Alaska,Summer,4.6,0,Standard,0,0,24,Credit Card,4,0,6144,4.69,5,0,0,6.56,0,1,At-Risk High-Value
1874,64,Male,Clothing,44,Wisconsin,Fall,2.9,0,Express,0,0,49,Bank Transfer,2,0,4312,9.8,1.67,0,0,7.16,1,0,Platinum Champions
1875,67,Male,Clothing,33,Indiana,Fall,3.6,0,Free Shipping,0,0,14,Cash,2,0,924,2.65,1.67,0,0,4.77,0,0,Low-Engagement Casuals
1876,63,Male,Footwear,71,Tennessee,Winter,3.9,0,Next Day Air,0,0,6,Credit Card,6,0,2556,1.02,8.33,0,0,6.45,0,1,Low-Engagement Casuals
1877,54,Male,Clothing,36,Illinois,Fall,2.6,0,Standard,0,0,20,Venmo,6,0,4320,3.88,8.33,0,0,7.4,1,0,Platinum Champions
1878,69,Male,Accessories,62,Pennsylvania,Fall,3.6,0,Express,0,0,3,Credit Card,7,0,1302,0.41,10,0,0,6.8,0,0,Low-Engagement Casuals
1879,34,Male,Clothing,29,Oklahoma,Summer,3.4,0,Store Pickup,0,0,5,Credit Card,4,0,580,0.82,5,0,0,5.27,0,0,Low-Engagement Casuals
1880,56,Male,Clothing,33,Tennessee,Spring,3.5,0,Express,0,0,46,Cash,1,0,1518,9.18,0,0,0,6.39,0,0,Low-Engagement Casuals
1881,34,Male,Clothing,33,New Jersey,Fall,3.1,0,2-Day Shipping,0,0,8,Debit Card,4,0,1056,1.43,5,0,0,5.48,0,0,Low-Engagement Casuals
1882,58,Male,Clothing,41,New Jersey,Winter,4.3,0,Standard,0,0,13,Cash,1,0,533,2.45,0,0,0,4.15,0,1,Low-Engagement Casuals
1883,44,Male,Accessories,54,Tennessee,Winter,5,0,Store Pickup,0,0,25,Bank Transfer,6,0,8100,4.9,8.33,0,0,7.74,1,1,Platinum Champions
1884,25,Male,Accessories,58,Georgia,Spring,4.9,0,Store Pickup,0,0,39,Debit Card,3,0,6786,7.76,3.33,0,0,7.03,1,1,Platinum Champions
1885,27,Male,Clothing,30,Arizona,Summer,4.3,0,Next Day Air,0,0,15,Bank Transfer,1,0,450,2.86,0,0,0,4.29,0,1,Low-Engagement Casuals
1886,26,Male,Accessories,53,Nevada,Winter,4.4,0,Standard,0,0,35,Cash,4,0,7420,6.94,5,0,0,7.31,1,1,Platinum Champions
1887,18,Male,Accessories,91,Arkansas,Spring,4.4,0,Next Day Air,0,0,46,Cash,1,0,4186,9.18,0,0,0,6.39,0,1,Low-Engagement Casuals
1888,64,Male,Clothing,44,North Dakota,Fall,3.5,0,Express,0,0,3,PayPal,4,0,528,0.41,5,0,0,5.14,0,0,Low-Engagement Casuals
1889,62,Male,Clothing,89,South Dakota,Winter,3.4,0,Free Shipping,0,0,48,Credit Card,2,0,8544,9.59,1.67,0,0,7.09,1,0,Platinum Champions
1890,59,Male,Clothing,57,North Carolina,Spring,2.5,0,Next Day Air,0,0,27,Bank Transfer,2,0,3078,5.31,1.67,0,0,5.66,0,0,Low-Engagement Casuals
1891,36,Male,Accessories,57,Hawaii,Spring,3.4,0,Store Pickup,0,0,5,Credit Card,2,0,570,0.82,1.67,0,0,4.16,0,0,Low-Engagement Casuals
1892,69,Male,Accessories,74,New Hampshire,Summer,2.6,0,Next Day Air,0,0,48,Debit Card,6,0,21312,9.59,8.33,0,0,9.31,1,0,Platinum Champions
1893,39,Male,Outerwear,30,California,Fall,4.6,0,2-Day Shipping,0,0,12,Venmo,2,0,720,2.24,1.67,0,0,4.64,0,1,Low-Engagement Casuals
1894,28,Male,Clothing,20,Delaware,Summer,3.7,0,Express,0,0,10,PayPal,3,0,600,1.84,3.33,0,0,5.06,0,0,Low-Engagement Casuals
1895,42,Male,Clothing,90,Arizona,Fall,2.5,0,Free Shipping,0,0,48,Debit Card,1,0,4320,9.59,0,0,0,6.53,0,0,At-Risk High-Value
1896,31,Male,Clothing,61,Washington,Fall,4.5,0,Express,0,0,3,Debit Card,4,0,732,0.41,5,0,0,5.14,0,1,Low-Engagement Casuals
1897,57,Male,Footwear,51,Nevada,Fall,2.9,0,Standard,0,0,19,Venmo,4,0,3876,3.67,5,0,0,6.22,0,0,Low-Engagement Casuals
1898,53,Male,Accessories,97,Alaska,Winter,2.9,0,Free Shipping,0,0,11,Debit Card,3,0,3201,2.04,3.33,0,0,5.12,0,0,Low-Engagement Casuals
1899,59,Male,Clothing,97,Texas,Fall,3.5,0,Next Day Air,0,0,25,Venmo,4,0,9700,4.9,5,0,0,6.63,0,0,At-Risk High-Value
1900,32,Male,Clothing,40,New York,Winter,4.2,0,Store Pickup,0,0,42,PayPal,2,0,3360,8.37,1.67,0,0,6.68,0,1,Low-Engagement Casuals
1901,65,Male,Accessories,85,Iowa,Summer,3.3,0,Free Shipping,0,0,34,Cash,6,0,17340,6.73,8.33,0,0,8.35,1,0,Platinum Champions
1902,56,Male,Clothing,76,Arizona,Winter,3.9,0,Store Pickup,0,0,50,Cash,6,0,22800,10,8.33,0,0,9.44,1,1,Platinum Champions
1903,31,Male,Footwear,22,New Mexico,Spring,5,0,Store Pickup,0,0,21,Venmo,4,0,1848,4.08,5,0,0,6.36,0,1,Low-Engagement Casuals
1904,59,Male,Clothing,63,North Carolina,Summer,3.3,0,Standard,0,0,37,Bank Transfer,2,0,4662,7.35,1.67,0,0,6.34,0,0,At-Risk High-Value
1905,22,Male,Clothing,71,Nevada,Spring,4.2,0,Free Shipping,0,0,46,Cash,4,0,13064,9.18,5,0,0,8.06,1,1,Platinum Champions
1906,47,Male,Footwear,35,Idaho,Summer,4.9,0,2-Day Shipping,0,0,14,Bank Transfer,3,0,1470,2.65,3.33,0,0,5.33,0,1,Low-Engagement Casuals
1907,23,Male,Accessories,30,Vermont,Spring,4.6,0,2-Day Shipping,0,0,24,PayPal,3,0,2160,4.69,3.33,0,0,6.01,0,1,Low-Engagement Casuals
1908,69,Male,Clothing,74,New Mexico,Fall,4.8,0,Store Pickup,0,0,36,Credit Card,5,0,13320,7.14,6.67,0,0,7.94,1,1,Platinum Champions
1909,18,Male,Accessories,71,Georgia,Winter,2.7,0,Next Day Air,0,0,19,Debit Card,1,0,1349,3.67,0,0,0,4.56,0,0,Low-Engagement Casuals
1910,50,Male,Clothing,84,Kentucky,Spring,4.3,0,Store Pickup,0,0,12,Credit Card,4,0,4032,2.24,5,0,0,5.75,0,1,Low-Engagement Casuals
1911,29,Male,Footwear,38,New York,Fall,3.8,0,Express,0,0,13,Debit Card,6,0,2964,2.45,8.33,0,0,6.93,0,1,Low-Engagement Casuals
1912,65,Male,Accessories,81,Arizona,Spring,4.9,0,Express,0,0,32,Debit Card,1,0,2592,6.33,0,0,0,5.44,0,1,Low-Engagement Casuals
1913,29,Male,Clothing,56,Colorado,Winter,3.4,0,2-Day Shipping,0,0,5,Credit Card,1,0,280,0.82,0,0,0,3.61,0,0,Low-Engagement Casuals
1914,49,Male,Clothing,48,Kentucky,Winter,3.6,0,Express,0,0,29,Cash,7,0,9744,5.71,10,0,0,8.57,1,0,Platinum Champions
1915,28,Male,Clothing,97,Alaska,Fall,3.4,0,Standard,0,0,40,Credit Card,3,0,11640,7.96,3.33,0,0,7.1,1,0,Platinum Champions
1916,51,Male,Accessories,74,Alabama,Fall,4.7,0,2-Day Shipping,0,0,44,Cash,2,0,6512,8.78,1.67,0,0,6.82,0,1,At-Risk High-Value
1917,26,Male,Clothing,50,Connecticut,Winter,3,0,Next Day Air,0,0,3,Debit Card,1,0,150,0.41,0,0,0,3.47,0,0,Low-Engagement Casuals
1918,38,Male,Clothing,71,Hawaii,Winter,3.4,0,Free Shipping,0,0,35,PayPal,1,0,2485,6.94,0,0,0,5.65,0,0,Low-Engagement Casuals
1919,35,Male,Clothing,33,Idaho,Summer,4.6,0,Standard,0,0,33,Debit Card,4,0,4356,6.53,5,0,0,7.18,1,1,Platinum Champions
1920,34,Male,Accessories,56,Virginia,Summer,3.1,0,Express,0,0,20,PayPal,1,0,1120,3.88,0,0,0,4.63,0,0,Low-Engagement Casuals
1921,51,Male,Clothing,84,Connecticut,Spring,2.8,0,Standard,0,0,40,Cash,5,0,16800,7.96,6.67,0,0,8.21,1,0,Platinum Champions
1922,47,Male,Clothing,36,Michigan,Fall,3.5,0,Store Pickup,0,0,13,Venmo,7,0,3276,2.45,10,0,0,7.48,1,0,Emerging Devotees
1923,18,Male,Accessories,63,Kentucky,Summer,4.6,0,Standard,0,0,9,PayPal,4,0,2268,1.63,5,0,0,5.54,0,1,Low-Engagement Casuals
1924,64,Male,Footwear,36,Nebraska,Summer,4.3,0,Standard,0,0,7,Cash,7,0,1764,1.22,10,0,0,7.07,1,1,Emerging Devotees
1925,30,Male,Outerwear,63,Michigan,Fall,4.8,0,Free Shipping,0,0,42,PayPal,6,0,15876,8.37,8.33,0,0,8.9,1,1,Platinum Champions
1926,59,Male,Footwear,32,Utah,Winter,2.9,0,Express,0,0,44,Credit Card,3,0,4224,8.78,3.33,0,0,7.37,1,0,Platinum Champions
1927,66,Male,Accessories,93,New Mexico,Spring,3,0,Express,0,0,6,PayPal,7,0,3906,1.02,10,0,0,7.01,1,0,Emerging Devotees
1928,40,Male,Clothing,29,Florida,Summer,2.9,0,Standard,0,0,8,Cash,5,0,1160,1.43,6.67,0,0,6.03,0,0,Low-Engagement Casuals
1929,25,Male,Accessories,92,Mississippi,Summer,3.7,0,Standard,0,0,10,PayPal,2,0,1840,1.84,1.67,0,0,4.5,0,0,Low-Engagement Casuals
1930,59,Male,Clothing,33,Hawaii,Fall,4.7,0,Standard,0,0,46,Venmo,6,0,9108,9.18,8.33,0,0,9.17,1,1,Platinum Champions
1931,66,Male,Clothing,52,North Carolina,Spring,3.5,0,Store Pickup,0,0,26,Cash,2,0,2704,5.1,1.67,0,0,5.59,0,0,Low-Engagement Casuals
1932,54,Male,Accessories,42,Illinois,Spring,2.7,0,Store Pickup,0,0,6,Debit Card,5,0,1260,1.02,6.67,0,0,5.9,0,0,Low-Engagement Casuals
1933,42,Male,Clothing,36,Maryland,Spring,5,0,Free Shipping,0,0,47,Credit Card,5,0,8460,9.39,6.67,0,0,8.69,1,1,Platinum Champions
1934,48,Male,Footwear,67,Montana,Summer,4.1,0,Next Day Air,0,0,28,Venmo,7,0,13132,5.51,10,0,0,8.5,1,1,Platinum Champions
1935,34,Male,Outerwear,43,Michigan,Winter,2.7,0,Free Shipping,0,0,23,Bank Transfer,7,0,6923,4.49,10,0,0,8.16,1,0,Platinum Champions
1936,19,Male,Clothing,68,North Carolina,Spring,4.8,0,Free Shipping,0,0,45,Cash,3,0,9180,8.98,3.33,0,0,7.44,1,1,Platinum Champions
1937,70,Male,Accessories,60,Minnesota,Summer,4.3,0,2-Day Shipping,0,0,44,PayPal,5,0,13200,8.78,6.67,0,0,8.48,1,1,Platinum Champions
1938,43,Male,Clothing,53,Delaware,Summer,4.5,0,2-Day Shipping,0,0,11,Bank Transfer,4,0,2332,2.04,5,0,0,5.68,0,1,Low-Engagement Casuals
1939,46,Male,Clothing,23,Kentucky,Spring,3.8,0,Standard,0,0,39,Debit Card,1,0,897,7.76,0,0,0,5.92,0,1,Low-Engagement Casuals
1940,66,Male,Accessories,57,Ohio,Winter,3.7,0,Store Pickup,0,0,20,PayPal,5,0,5700,3.88,6.67,0,0,6.85,0,0,At-Risk High-Value
1941,50,Male,Accessories,89,Alaska,Fall,3.9,0,2-Day Shipping,0,0,48,PayPal,3,0,12816,9.59,3.33,0,0,7.64,1,1,Platinum Champions
1942,55,Male,Footwear,99,Vermont,Winter,3.3,0,Standard,0,0,46,Credit Card,6,0,27324,9.18,8.33,0,0,9.17,1,0,Platinum Champions
1943,63,Male,Clothing,28,Alabama,Fall,3.4,0,Express,0,0,22,PayPal,4,0,2464,4.29,5,0,0,6.43,0,0,Low-Engagement Casuals
1944,32,Male,Clothing,53,Wisconsin,Summer,3.8,0,Next Day Air,0,0,45,Cash,7,0,16695,8.98,10,0,0,9.66,1,1,Platinum Champions
1945,30,Male,Clothing,45,Arkansas,Winter,2.7,0,Free Shipping,0,0,49,Cash,5,0,11025,9.8,6.67,0,0,8.82,1,0,Platinum Champions
1946,35,Male,Clothing,38,Georgia,Winter,2.9,0,2-Day Shipping,0,0,9,Credit Card,5,0,1710,1.63,6.67,0,0,6.1,0,0,Low-Engagement Casuals
1947,59,Male,Clothing,49,Louisiana,Summer,4.5,0,Standard,0,0,41,Credit Card,6,0,12054,8.16,8.33,0,0,8.83,1,1,Platinum Champions
1948,59,Male,Clothing,32,New York,Summer,2.6,0,Store Pickup,0,0,2,PayPal,4,0,256,0.2,5,0,0,5.07,0,0,Low-Engagement Casuals
1949,54,Male,Clothing,37,Connecticut,Winter,3.1,0,Next Day Air,0,0,39,PayPal,1,0,1443,7.76,0,0,0,5.92,0,0,Low-Engagement Casuals
1950,63,Male,Clothing,80,Nebraska,Winter,4.7,0,Store Pickup,0,0,12,PayPal,6,0,5760,2.24,8.33,0,0,6.86,0,1,At-Risk High-Value
1951,43,Male,Accessories,78,Arkansas,Summer,4.6,0,Free Shipping,0,0,26,PayPal,5,0,10140,5.1,6.67,0,0,7.26,1,1,Platinum Champions
1952,33,Male,Accessories,53,Connecticut,Summer,2.7,0,Next Day Air,0,0,32,Bank Transfer,1,0,1696,6.33,0,0,0,5.44,0,0,Low-Engagement Casuals
1953,57,Male,Footwear,82,Maryland,Summer,4.6,0,2-Day Shipping,0,0,50,Cash,1,0,4100,10,0,0,0,6.67,0,1,Low-Engagement Casuals
1954,25,Male,Clothing,33,Colorado,Spring,4.8,0,Standard,0,0,3,PayPal,3,0,297,0.41,3.33,0,0,4.58,0,1,Low-Engagement Casuals
1955,26,Male,Accessories,77,Colorado,Winter,4.2,0,Free Shipping,0,0,3,Venmo,6,0,1386,0.41,8.33,0,0,6.25,0,1,Low-Engagement Casuals
1956,50,Male,Clothing,56,Maine,Winter,4.9,0,Express,0,0,37,Cash,4,0,8288,7.35,5,0,0,7.45,1,1,Platinum Champions
1957,70,Male,Clothing,37,Oklahoma,Winter,4.9,0,Express,0,0,20,Credit Card,3,0,2220,3.88,3.33,0,0,5.74,0,1,Low-Engagement Casuals
1958,68,Male,Accessories,54,South Carolina,Spring,4.5,0,Store Pickup,0,0,26,Cash,1,0,1404,5.1,0,0,0,5.03,0,1,Low-Engagement Casuals
1959,39,Male,Clothing,67,Nevada,Winter,2.7,0,Store Pickup,0,0,47,Cash,6,0,18894,9.39,8.33,0,0,9.24,1,0,Platinum Champions
1960,46,Male,Footwear,90,Colorado,Fall,3.1,0,Store Pickup,0,0,7,Credit Card,5,0,3150,1.22,6.67,0,0,5.96,0,0,Low-Engagement Casuals
1961,57,Male,Clothing,72,Massachusetts,Summer,3.3,0,2-Day Shipping,0,0,40,Credit Card,7,0,20160,7.96,10,0,0,9.32,1,0,Platinum Champions
1962,47,Male,Footwear,59,Nevada,Summer,2.6,0,Free Shipping,0,0,45,Debit Card,6,0,15930,8.98,8.33,0,0,9.1,1,0,Platinum Champions
1963,40,Male,Accessories,45,Iowa,Fall,4.4,0,Standard,0,0,20,PayPal,3,0,2700,3.88,3.33,0,0,5.74,0,1,Low-Engagement Casuals
1964,52,Male,Clothing,30,Michigan,Spring,3.9,0,Standard,0,0,11,Credit Card,2,0,660,2.04,1.67,0,0,4.57,0,1,Low-Engagement Casuals
1965,40,Male,Clothing,51,West Virginia,Summer,4.6,0,Express,0,0,50,Debit Card,4,0,10200,10,5,0,0,8.33,1,1,Platinum Champions
1966,67,Male,Clothing,90,Indiana,Fall,4.9,0,Express,0,0,25,Debit Card,6,0,13500,4.9,8.33,0,0,7.74,1,1,Platinum Champions
1967,67,Male,Outerwear,95,Indiana,Winter,3.7,0,Express,0,0,5,Credit Card,3,0,1425,0.82,3.33,0,0,4.72,0,0,Low-Engagement Casuals
1968,37,Male,Clothing,81,Georgia,Fall,3.7,0,Standard,0,0,4,Venmo,7,0,2268,0.61,10,0,0,6.87,0,0,Low-Engagement Casuals
1969,67,Male,Clothing,70,Minnesota,Spring,4.2,0,Standard,0,0,25,Credit Card,2,0,3500,4.9,1.67,0,0,5.52,0,1,Low-Engagement Casuals
1970,64,Male,Clothing,32,Louisiana,Winter,3.5,0,Next Day Air,0,0,11,Bank Transfer,3,0,1056,2.04,3.33,0,0,5.12,0,0,Low-Engagement Casuals
1971,28,Male,Accessories,94,Maryland,Spring,2.9,0,Next Day Air,0,0,4,Credit Card,1,0,376,0.61,0,0,0,3.54,0,0,Low-Engagement Casuals
1972,54,Male,Accessories,29,Pennsylvania,Spring,3.4,0,Next Day Air,0,0,1,Venmo,4,0,116,0,5,0,0,5,0,0,Low-Engagement Casuals
1973,54,Male,Accessories,31,Louisiana,Summer,3.3,0,Express,0,0,48,PayPal,5,0,7440,9.59,6.67,0,0,8.75,1,0,Platinum Champions
1974,24,Male,Clothing,20,Maryland,Fall,4.5,0,Standard,0,0,9,Venmo,5,0,900,1.63,6.67,0,0,6.1,0,1,Low-Engagement Casuals
1975,27,Male,Accessories,44,Tennessee,Winter,4.6,0,2-Day Shipping,0,0,2,PayPal,3,0,264,0.2,3.33,0,0,4.51,0,1,Low-Engagement Casuals
1976,53,Male,Outerwear,77,Illinois,Fall,2.9,0,Express,0,0,4,Cash,6,0,1848,0.61,8.33,0,0,6.31,0,0,Low-Engagement Casuals
1977,32,Male,Accessories,51,Wyoming,Spring,3.2,0,Next Day Air,0,0,43,PayPal,3,0,6579,8.57,3.33,0,0,7.3,1,0,Platinum Champions
1978,24,Male,Footwear,49,Florida,Summer,2.6,0,Free Shipping,0,0,32,Bank Transfer,7,0,10976,6.33,10,0,0,8.78,1,0,Platinum Champions
1979,45,Male,Accessories,78,Massachusetts,Spring,3.8,0,Store Pickup,0,0,1,Cash,6,0,468,0,8.33,0,0,6.11,0,1,Low-Engagement Casuals
1980,49,Male,Clothing,98,Tennessee,Spring,2.8,0,Store Pickup,0,0,38,Debit Card,3,0,11172,7.55,3.33,0,0,6.96,0,0,At-Risk High-Value
1981,51,Male,Footwear,94,Iowa,Winter,4.4,0,Store Pickup,0,0,25,PayPal,3,0,7050,4.9,3.33,0,0,6.08,0,1,At-Risk High-Value
1982,69,Male,Footwear,91,Michigan,Summer,4.7,0,Express,0,0,42,PayPal,6,0,22932,8.37,8.33,0,0,8.9,1,1,Platinum Champions
1983,41,Male,Accessories,77,Kansas,Summer,2.7,0,2-Day Shipping,0,0,32,PayPal,4,0,9856,6.33,5,0,0,7.11,1,0,Platinum Champions
1984,59,Male,Accessories,97,Georgia,Summer,2.6,0,Next Day Air,0,0,21,Debit Card,6,0,12222,4.08,8.33,0,0,7.47,1,0,Platinum Champions
1985,26,Male,Clothing,58,West Virginia,Summer,3.4,0,2-Day Shipping,0,0,26,PayPal,3,0,4524,5.1,3.33,0,0,6.14,0,0,At-Risk High-Value
1986,23,Male,Accessories,97,Tennessee,Spring,3.9,0,2-Day Shipping,0,0,6,Credit Card,3,0,1746,1.02,3.33,0,0,4.78,0,1,Low-Engagement Casuals
1987,62,Male,Outerwear,48,Arkansas,Summer,3.4,0,2-Day Shipping,0,0,14,Venmo,6,0,4032,2.65,8.33,0,0,6.99,0,0,Low-Engagement Casuals
1988,69,Male,Accessories,23,Vermont,Summer,3.4,0,Express,0,0,4,Cash,6,0,552,0.61,8.33,0,0,6.31,0,0,Low-Engagement Casuals
1989,46,Male,Clothing,79,Virginia,Winter,3.9,0,Free Shipping,0,0,26,Bank Transfer,2,0,4108,5.1,1.67,0,0,5.59,0,1,Low-Engagement Casuals
1990,35,Male,Accessories,42,Maryland,Spring,4,0,Express,0,0,39,PayPal,1,0,1638,7.76,0,0,0,5.92,0,1,Low-Engagement Casuals
1991,32,Male,Accessories,95,Connecticut,Spring,3.4,0,2-Day Shipping,0,0,15,PayPal,7,0,9975,2.86,10,0,0,7.62,1,0,Platinum Champions
1992,46,Male,Footwear,29,Missouri,Summer,3.7,0,Next Day Air,0,0,1,Venmo,5,0,145,0,6.67,0,0,5.56,0,0,Low-Engagement Casuals
1993,33,Male,Clothing,98,New Jersey,Winter,4.9,0,2-Day Shipping,0,0,28,Venmo,4,0,10976,5.51,5,0,0,6.84,0,1,At-Risk High-Value
1994,32,Male,Clothing,96,Arkansas,Spring,5,0,Express,0,0,17,Cash,2,0,3264,3.27,1.67,0,0,4.98,0,1,Low-Engagement Casuals
1995,33,Male,Accessories,66,Nevada,Fall,2.9,0,Next Day Air,0,0,24,Credit Card,2,0,3168,4.69,1.67,0,0,5.45,0,0,Low-Engagement Casuals
1996,67,Male,Footwear,80,Missouri,Spring,3,0,Standard,0,0,29,Debit Card,6,0,13920,5.71,8.33,0,0,8.01,1,0,Platinum Champions
1997,67,Male,Footwear,27,South Dakota,Summer,3.3,0,Next Day Air,0,0,18,Cash,5,0,2430,3.47,6.67,0,0,6.71,0,0,Low-Engagement Casuals
1998,42,Male,Accessories,25,Connecticut,Fall,4.7,0,Express,0,0,10,Debit Card,1,0,250,1.84,0,0,0,3.95,0,1,Low-Engagement Casuals
1999,20,Male,Clothing,45,Vermont,Fall,3.4,0,2-Day Shipping,0,0,19,Cash,6,0,5130,3.67,8.33,0,0,7.33,1,0,Platinum Champions
2000,39,Male,Clothing,89,Tennessee,Winter,4.6,0,2-Day Shipping,0,0,26,Debit Card,4,0,9256,5.1,5,0,0,6.7,0,1,At-Risk High-Value
2001,26,Male,Accessories,27,California,Winter,3.6,0,2-Day Shipping,0,0,25,Cash,1,0,675,4.9,0,0,0,4.97,0,0,Low-Engagement Casuals
2002,51,Male,Accessories,90,Wyoming,Winter,2.6,0,Free Shipping,0,0,2,Debit Card,3,0,540,0.2,3.33,0,0,4.51,0,0,Low-Engagement Casuals
2003,31,Male,Clothing,65,New York,Summer,2.7,0,Express,0,0,19,PayPal,5,0,6175,3.67,6.67,0,0,6.78,0,0,At-Risk High-Value
2004,68,Male,Footwear,72,Maine,Spring,3.1,0,Express,0,0,32,Cash,6,0,13824,6.33,8.33,0,0,8.22,1,0,Platinum Champions
2005,44,Male,Footwear,70,Georgia,Fall,3.2,0,2-Day Shipping,0,0,13,Cash,1,0,910,2.45,0,0,0,4.15,0,0,Low-Engagement Casuals
2006,18,Male,Footwear,82,Tennessee,Winter,3.4,0,Store Pickup,0,0,30,PayPal,3,0,7380,5.92,3.33,0,0,6.42,0,0,At-Risk High-Value
2007,58,Male,Accessories,97,New Mexico,Fall,4.4,0,Express,0,0,2,Credit Card,7,0,1358,0.2,10,0,0,6.73,0,1,Low-Engagement Casuals
2008,26,Male,Clothing,25,Virginia,Summer,3.2,0,2-Day Shipping,0,0,8,PayPal,6,0,1200,1.43,8.33,0,0,6.59,0,0,Low-Engagement Casuals
2009,57,Male,Clothing,48,Florida,Spring,2.5,0,Free Shipping,0,0,27,PayPal,5,0,6480,5.31,6.67,0,0,7.33,1,0,Platinum Champions
2010,37,Male,Footwear,99,Alabama,Summer,3.8,0,Next Day Air,0,0,26,Venmo,1,0,2574,5.1,0,0,0,5.03,0,1,Low-Engagement Casuals
2011,24,Male,Clothing,21,Texas,Summer,4.4,0,2-Day Shipping,0,0,3,Debit Card,1,0,63,0.41,0,0,0,3.47,0,1,Low-Engagement Casuals
2012,57,Male,Footwear,94,West Virginia,Spring,3.7,0,Express,0,0,4,Bank Transfer,4,0,1504,0.61,5,0,0,5.2,0,0,Low-Engagement Casuals
2013,48,Male,Clothing,53,Nevada,Fall,3.2,0,Store Pickup,0,0,5,Cash,3,0,795,0.82,3.33,0,0,4.72,0,0,Low-Engagement Casuals
2014,39,Male,Accessories,70,Virginia,Winter,4.9,0,Standard,0,0,25,Debit Card,6,0,10500,4.9,8.33,0,0,7.74,1,1,Platinum Champions
2015,51,Male,Clothing,26,Wisconsin,Summer,3.9,0,Standard,0,0,47,PayPal,1,0,1222,9.39,0,0,0,6.46,0,1,Low-Engagement Casuals
2016,57,Male,Accessories,82,Virginia,Summer,4.5,0,Next Day Air,0,0,8,Credit Card,3,0,1968,1.43,3.33,0,0,4.92,0,1,Low-Engagement Casuals
2017,53,Male,Footwear,47,Maine,Winter,3.4,0,Standard,0,0,20,Debit Card,3,0,2820,3.88,3.33,0,0,5.74,0,0,Low-Engagement Casuals
2018,70,Male,Clothing,32,Massachusetts,Winter,4.1,0,Next Day Air,0,0,42,Bank Transfer,5,0,6720,8.37,6.67,0,0,8.35,1,1,Platinum Champions
2019,60,Male,Accessories,97,Arkansas,Fall,4.5,0,Store Pickup,0,0,20,Bank Transfer,2,0,3880,3.88,1.67,0,0,5.18,0,1,Low-Engagement Casuals
2020,31,Male,Clothing,68,Idaho,Winter,4.7,0,Store Pickup,0,0,23,Cash,3,0,4692,4.49,3.33,0,0,5.94,0,1,At-Risk High-Value
2021,41,Male,Clothing,23,Pennsylvania,Winter,4.8,0,Next Day Air,0,0,26,Cash,6,0,3588,5.1,8.33,0,0,7.81,1,1,Emerging Devotees
2022,62,Male,Accessories,33,Maine,Winter,4.4,0,Standard,0,0,48,Venmo,6,0,9504,9.59,8.33,0,0,9.31,1,1,Platinum Champions
2023,59,Male,Accessories,38,Alabama,Winter,4,0,Store Pickup,0,0,16,Cash,1,0,608,3.06,0,0,0,4.35,0,1,Low-Engagement Casuals
2024,46,Male,Clothing,68,Idaho,Winter,4.1,0,Store Pickup,0,0,28,Cash,1,0,1904,5.51,0,0,0,5.17,0,1,Low-Engagement Casuals
2025,62,Male,Clothing,23,Arkansas,Fall,3.7,0,Express,0,0,39,PayPal,2,0,1794,7.76,1.67,0,0,6.48,0,0,Low-Engagement Casuals
2026,42,Male,Clothing,29,Delaware,Summer,3,0,Express,0,0,43,Debit Card,3,0,3741,8.57,3.33,0,0,7.3,1,0,Emerging Devotees
2027,37,Male,Accessories,35,Maine,Winter,3.6,0,Express,0,0,45,Bank Transfer,5,0,7875,8.98,6.67,0,0,8.55,1,0,Platinum Champions
2028,50,Male,Footwear,73,Nebraska,Fall,4.8,0,Standard,0,0,50,Credit Card,5,0,18250,10,6.67,0,0,8.89,1,1,Platinum Champions
2029,29,Male,Footwear,84,Ohio,Fall,3.7,0,2-Day Shipping,0,0,10,Venmo,1,0,840,1.84,0,0,0,3.95,0,0,Low-Engagement Casuals
2030,25,Male,Accessories,23,Montana,Spring,4.6,0,Next Day Air,0,0,40,PayPal,6,0,5520,7.96,8.33,0,0,8.76,1,1,Platinum Champions
2031,66,Male,Accessories,67,New Mexico,Summer,2.8,0,Standard,0,0,38,Credit Card,4,0,10184,7.55,5,0,0,7.52,1,0,Platinum Champions
2032,21,Male,Clothing,51,North Carolina,Spring,4,0,Standard,0,0,2,Credit Card,4,0,408,0.2,5,0,0,5.07,0,1,Low-Engagement Casuals
2033,46,Male,Clothing,36,South Carolina,Winter,4.2,0,Next Day Air,0,0,13,Cash,7,0,3276,2.45,10,0,0,7.48,1,1,Emerging Devotees
2034,57,Male,Clothing,55,Illinois,Summer,3.6,0,Express,0,0,33,Venmo,7,0,12705,6.53,10,0,0,8.84,1,0,Platinum Champions
2035,61,Male,Clothing,30,Alabama,Spring,2.9,0,Store Pickup,0,0,27,PayPal,4,0,3240,5.31,5,0,0,6.77,0,0,Low-Engagement Casuals
2036,53,Male,Clothing,70,Oklahoma,Summer,4.1,0,Express,0,0,43,Bank Transfer,2,0,6020,8.57,1.67,0,0,6.75,0,1,At-Risk High-Value
2037,37,Male,Clothing,63,Minnesota,Winter,3.1,0,Next Day Air,0,0,46,Cash,2,0,5796,9.18,1.67,0,0,6.95,0,0,At-Risk High-Value
2038,39,Male,Accessories,87,Illinois,Summer,4.3,0,Express,0,0,7,Venmo,1,0,609,1.22,0,0,0,3.74,0,1,Low-Engagement Casuals
2039,53,Male,Clothing,70,Arkansas,Spring,4.4,0,Next Day Air,0,0,35,Credit Card,3,0,7350,6.94,3.33,0,0,6.76,0,1,At-Risk High-Value
2040,35,Male,Clothing,51,Minnesota,Spring,3.1,0,Next Day Air,0,0,31,Debit Card,1,0,1581,6.12,0,0,0,5.37,0,0,Low-Engagement Casuals
2041,69,Male,Accessories,25,South Carolina,Spring,2.9,0,Free Shipping,0,0,42,Venmo,6,0,6300,8.37,8.33,0,0,8.9,1,0,Platinum Champions
2042,66,Male,Outerwear,32,New York,Winter,3.2,0,Next Day Air,0,0,14,PayPal,1,0,448,2.65,0,0,0,4.22,0,0,Low-Engagement Casuals
2043,19,Male,Footwear,52,Alabama,Spring,4,0,2-Day Shipping,0,0,35,Venmo,4,0,7280,6.94,5,0,0,7.31,1,1,Platinum Champions
2044,47,Male,Accessories,33,New York,Summer,2.7,0,Standard,0,0,49,PayPal,2,0,3234,9.8,1.67,0,0,7.16,1,0,Emerging Devotees
2045,49,Male,Clothing,68,Missouri,Spring,3,0,Free Shipping,0,0,17,PayPal,3,0,3468,3.27,3.33,0,0,5.53,0,0,Low-Engagement Casuals
2046,31,Male,Accessories,20,Georgia,Fall,4.4,0,Express,0,0,26,PayPal,6,0,3120,5.1,8.33,0,0,7.81,1,1,Emerging Devotees
2047,39,Male,Clothing,32,Oklahoma,Winter,2.8,0,Free Shipping,0,0,30,Cash,5,0,4800,5.92,6.67,0,0,7.53,1,0,Platinum Champions
2048,58,Male,Accessories,82,Connecticut,Summer,3.1,0,Store Pickup,0,0,32,Cash,7,0,18368,6.33,10,0,0,8.78,1,0,Platinum Champions
2049,45,Male,Footwear,64,Michigan,Winter,3.9,0,Express,0,0,35,Bank Transfer,6,0,13440,6.94,8.33,0,0,8.42,1,1,Platinum Champions
2050,68,Male,Footwear,24,Rhode Island,Fall,2.7,0,Standard,0,0,15,Venmo,7,0,2520,2.86,10,0,0,7.62,1,0,Emerging Devotees
2051,35,Male,Accessories,96,Mississippi,Summer,3.4,0,Store Pickup,0,0,10,Debit Card,7,0,6720,1.84,10,0,0,7.28,1,0,Platinum Champions
2052,65,Male,Clothing,94,Massachusetts,Spring,3.8,0,Free Shipping,0,0,14,Credit Card,4,0,5264,2.65,5,0,0,5.88,0,1,At-Risk High-Value
2053,45,Male,Accessories,48,New Hampshire,Winter,3.7,0,2-Day Shipping,0,0,30,Bank Transfer,7,0,10080,5.92,10,0,0,8.64,1,0,Platinum Champions
2054,19,Male,Accessories,60,Wyoming,Spring,4.5,0,2-Day Shipping,0,0,16,Credit Card,3,0,2880,3.06,3.33,0,0,5.46,0,1,Low-Engagement Casuals
2055,65,Male,Clothing,56,New Jersey,Spring,2.9,0,Express,0,0,14,PayPal,7,0,5488,2.65,10,0,0,7.55,1,0,Platinum Champions
2056,28,Male,Accessories,33,Texas,Fall,3.4,0,2-Day Shipping,0,0,28,Bank Transfer,2,0,1848,5.51,1.67,0,0,5.73,0,0,Low-Engagement Casuals
2057,55,Male,Accessories,46,Minnesota,Spring,4.4,0,2-Day Shipping,0,0,29,PayPal,4,0,5336,5.71,5,0,0,6.9,0,1,At-Risk High-Value
2058,66,Male,Clothing,37,South Dakota,Spring,4.2,0,Standard,0,0,5,PayPal,5,0,925,0.82,6.67,0,0,5.83,0,1,Low-Engagement Casuals
2059,29,Male,Clothing,98,Washington,Winter,3.3,0,Store Pickup,0,0,17,Bank Transfer,6,0,9996,3.27,8.33,0,0,7.2,1,0,Platinum Champions
2060,56,Male,Clothing,50,California,Spring,3.7,0,Express,0,0,50,PayPal,2,0,5000,10,1.67,0,0,7.22,1,0,Platinum Champions
2061,21,Male,Accessories,63,Wisconsin,Fall,3.2,0,Next Day Air,0,0,23,Bank Transfer,6,0,8694,4.49,8.33,0,0,7.61,1,0,Platinum Champions
2062,32,Male,Clothing,70,Michigan,Summer,2.6,0,Store Pickup,0,0,22,Debit Card,7,0,10780,4.29,10,0,0,8.1,1,0,Platinum Champions
2063,54,Male,Outerwear,63,South Carolina,Fall,2.8,0,Standard,0,0,15,Cash,6,0,5670,2.86,8.33,0,0,7.06,1,0,Platinum Champions
2064,61,Male,Clothing,86,Indiana,Fall,2.9,0,Standard,0,0,32,Cash,4,0,11008,6.33,5,0,0,7.11,1,0,Platinum Champions
2065,31,Male,Footwear,99,Arkansas,Summer,4,0,2-Day Shipping,0,0,5,Bank Transfer,4,0,1980,0.82,5,0,0,5.27,0,1,Low-Engagement Casuals
2066,27,Male,Footwear,40,Oregon,Spring,2.9,0,Free Shipping,0,0,6,Bank Transfer,1,0,240,1.02,0,0,0,3.67,0,0,Low-Engagement Casuals
2067,64,Male,Footwear,92,Illinois,Fall,4.7,0,Store Pickup,0,0,44,Debit Card,3,0,12144,8.78,3.33,0,0,7.37,1,1,Platinum Champions
2068,60,Male,Clothing,21,Maryland,Fall,3.1,0,2-Day Shipping,0,0,23,Cash,3,0,1449,4.49,3.33,0,0,5.94,0,0,Low-Engagement Casuals
2069,70,Male,Accessories,81,Vermont,Summer,3.9,0,Store Pickup,0,0,44,Venmo,4,0,14256,8.78,5,0,0,7.93,1,1,Platinum Champions
2070,36,Male,Clothing,82,Texas,Fall,3.4,0,Free Shipping,0,0,3,Debit Card,6,0,1476,0.41,8.33,0,0,6.25,0,0,Low-Engagement Casuals
2071,56,Male,Accessories,88,Nebraska,Spring,3.1,0,Express,0,0,14,Cash,4,0,4928,2.65,5,0,0,5.88,0,0,At-Risk High-Value
2072,69,Male,Outerwear,100,South Carolina,Fall,4.8,0,Store Pickup,0,0,37,PayPal,6,0,22200,7.35,8.33,0,0,8.56,1,1,Platinum Champions
2073,39,Male,Accessories,66,Massachusetts,Winter,3.9,0,Next Day Air,0,0,22,Bank Transfer,2,0,2904,4.29,1.67,0,0,5.32,0,1,Low-Engagement Casuals
2074,38,Male,Accessories,25,Texas,Winter,3.5,0,Next Day Air,0,0,2,PayPal,5,0,250,0.2,6.67,0,0,5.62,0,0,Low-Engagement Casuals
2075,36,Male,Accessories,53,Florida,Summer,3.1,0,Free Shipping,0,0,44,Debit Card,3,0,6996,8.78,3.33,0,0,7.37,1,0,Platinum Champions
2076,46,Male,Clothing,28,South Carolina,Fall,4.7,0,Express,0,0,49,Debit Card,4,0,5488,9.8,5,0,0,8.27,1,1,Platinum Champions
2077,59,Male,Accessories,23,Florida,Fall,4.6,0,Free Shipping,0,0,22,Debit Card,1,0,506,4.29,0,0,0,4.76,0,1,Low-Engagement Casuals
2078,64,Male,Accessories,34,Nebraska,Fall,3.3,0,Free Shipping,0,0,26,Bank Transfer,7,0,6188,5.1,10,0,0,8.37,1,0,Platinum Champions
2079,49,Male,Clothing,42,Hawaii,Spring,3.2,0,Next Day Air,0,0,40,Debit Card,2,0,3360,7.96,1.67,0,0,6.54,0,0,Low-Engagement Casuals
2080,32,Male,Clothing,24,Montana,Summer,3.1,0,Next Day Air,0,0,16,PayPal,6,0,2304,3.06,8.33,0,0,7.13,1,0,Emerging Devotees
2081,29,Male,Accessories,47,South Dakota,Fall,3.5,0,Free Shipping,0,0,17,Debit Card,1,0,799,3.27,0,0,0,4.42,0,0,Low-Engagement Casuals
2082,24,Male,Outerwear,78,Alabama,Spring,4.3,0,Standard,0,0,48,Bank Transfer,1,0,3744,9.59,0,0,0,6.53,0,1,Low-Engagement Casuals
2083,41,Male,Clothing,89,Arkansas,Summer,2.9,0,Free Shipping,0,0,28,Venmo,5,0,12460,5.51,6.67,0,0,7.39,1,0,Platinum Champions
2084,41,Male,Accessories,59,Mississippi,Fall,2.7,0,Store Pickup,0,0,26,Credit Card,3,0,4602,5.1,3.33,0,0,6.14,0,0,At-Risk High-Value
2085,32,Male,Clothing,94,Vermont,Summer,4,0,Standard,0,0,43,Bank Transfer,6,0,24252,8.57,8.33,0,0,8.97,1,1,Platinum Champions
2086,69,Male,Clothing,49,New York,Fall,4.6,0,Free Shipping,0,0,38,Debit Card,2,0,3724,7.55,1.67,0,0,6.41,0,1,Low-Engagement Casuals
2087,65,Male,Clothing,89,North Dakota,Summer,4.7,0,2-Day Shipping,0,0,36,Cash,5,0,16020,7.14,6.67,0,0,7.94,1,1,Platinum Champions
2088,54,Male,Accessories,91,Wisconsin,Summer,4.7,0,Standard,0,0,1,Credit Card,2,0,182,0,1.67,0,0,3.89,0,1,Low-Engagement Casuals
2089,39,Male,Footwear,89,California,Spring,4,0,Standard,0,0,49,Debit Card,7,0,30527,9.8,10,0,0,9.93,1,1,Platinum Champions
2090,37,Male,Outerwear,57,Maryland,Spring,3.6,0,Free Shipping,0,0,41,Credit Card,5,0,11685,8.16,6.67,0,0,8.28,1,0,Platinum Champions
2091,51,Male,Clothing,71,Massachusetts,Winter,3.4,0,Free Shipping,0,0,21,Debit Card,4,0,5964,4.08,5,0,0,6.36,0,0,At-Risk High-Value
2092,26,Male,Clothing,97,Washington,Fall,3,0,Next Day Air,0,0,24,Bank Transfer,6,0,13968,4.69,8.33,0,0,7.67,1,0,Platinum Champions
2093,42,Male,Footwear,45,Minnesota,Fall,2.6,0,Next Day Air,0,0,27,Bank Transfer,2,0,2430,5.31,1.67,0,0,5.66,0,0,Low-Engagement Casuals
2094,21,Male,Clothing,91,Washington,Spring,4.2,0,Store Pickup,0,0,4,Debit Card,7,0,2548,0.61,10,0,0,6.87,0,1,Low-Engagement Casuals
2095,53,Male,Clothing,25,South Carolina,Spring,3.4,0,Standard,0,0,19,Venmo,7,0,3325,3.67,10,0,0,7.89,1,0,Emerging Devotees
2096,36,Male,Clothing,63,New Mexico,Fall,4,0,Store Pickup,0,0,1,Bank Transfer,3,0,189,0,3.33,0,0,4.44,0,1,Low-Engagement Casuals
2097,21,Male,Clothing,52,North Carolina,Summer,4.7,0,Free Shipping,0,0,27,Debit Card,7,0,9828,5.31,10,0,0,8.44,1,1,Platinum Champions
2098,33,Male,Footwear,43,Iowa,Winter,3.9,0,Next Day Air,0,0,5,Credit Card,2,0,430,0.82,1.67,0,0,4.16,0,1,Low-Engagement Casuals
2099,49,Male,Clothing,28,Louisiana,Summer,3.3,0,2-Day Shipping,0,0,20,Venmo,6,0,3360,3.88,8.33,0,0,7.4,1,0,Emerging Devotees
2100,31,Male,Clothing,78,Oklahoma,Summer,2.9,0,Express,0,0,50,PayPal,7,0,27300,10,10,0,0,10,1,0,Platinum Champions
2101,68,Male,Clothing,31,Michigan,Spring,4.4,0,Free Shipping,0,0,36,Cash,3,0,3348,7.14,3.33,0,0,6.82,0,1,Low-Engagement Casuals
2102,49,Male,Clothing,23,Oregon,Winter,3.6,0,Next Day Air,0,0,12,Bank Transfer,1,0,276,2.24,0,0,0,4.08,0,0,Low-Engagement Casuals
2103,23,Male,Accessories,25,Idaho,Spring,4.5,0,Store Pickup,0,0,23,Cash,4,0,2300,4.49,5,0,0,6.5,0,1,Low-Engagement Casuals
2104,30,Male,Clothing,86,Indiana,Summer,3.7,0,Store Pickup,0,0,21,Venmo,2,0,3612,4.08,1.67,0,0,5.25,0,0,Low-Engagement Casuals
2105,53,Male,Footwear,88,New Mexico,Spring,2.8,0,Free Shipping,0,0,47,Venmo,2,0,8272,9.39,1.67,0,0,7.02,1,0,Platinum Champions
2106,65,Male,Accessories,35,South Carolina,Spring,4.5,0,Free Shipping,0,0,38,Venmo,1,0,1330,7.55,0,0,0,5.85,0,1,Low-Engagement Casuals
2107,60,Male,Accessories,34,Vermont,Fall,4.4,0,Standard,0,0,40,Credit Card,5,0,6800,7.96,6.67,0,0,8.21,1,1,Platinum Champions
2108,46,Male,Clothing,75,Delaware,Winter,3.3,0,Standard,0,0,35,PayPal,6,0,15750,6.94,8.33,0,0,8.42,1,0,Platinum Champions
2109,54,Male,Clothing,46,North Dakota,Winter,4.2,0,Express,0,0,4,Credit Card,6,0,1104,0.61,8.33,0,0,6.31,0,1,Low-Engagement Casuals
2110,59,Male,Accessories,31,California,Fall,2.7,0,Free Shipping,0,0,28,Venmo,5,0,4340,5.51,6.67,0,0,7.39,1,0,Platinum Champions
2111,52,Male,Clothing,93,Montana,Spring,3.9,0,Store Pickup,0,0,36,Debit Card,5,0,16740,7.14,6.67,0,0,7.94,1,1,Platinum Champions
2112,41,Male,Accessories,85,Missouri,Spring,2.6,0,Free Shipping,0,0,15,Bank Transfer,7,0,8925,2.86,10,0,0,7.62,1,0,Platinum Champions
2113,43,Male,Accessories,68,Tennessee,Fall,4.5,0,2-Day Shipping,0,0,7,Cash,3,0,1428,1.22,3.33,0,0,4.85,0,1,Low-Engagement Casuals
2114,63,Male,Clothing,40,Virginia,Spring,2.7,0,Store Pickup,0,0,29,PayPal,5,0,5800,5.71,6.67,0,0,7.46,1,0,Platinum Champions
2115,37,Male,Clothing,51,Vermont,Winter,2.9,0,Standard,0,0,12,Debit Card,7,0,4284,2.24,10,0,0,7.41,1,0,Platinum Champions
2116,44,Male,Accessories,85,Rhode Island,Winter,3.4,0,Store Pickup,0,0,16,Bank Transfer,1,0,1360,3.06,0,0,0,4.35,0,0,Low-Engagement Casuals
2117,67,Male,Outerwear,23,Kansas,Summer,2.9,0,Express,0,0,50,Debit Card,1,0,1150,10,0,0,0,6.67,0,0,Low-Engagement Casuals
2118,27,Male,Clothing,28,Colorado,Summer,3.8,0,Free Shipping,0,0,11,Debit Card,7,0,2156,2.04,10,0,0,7.35,1,1,Emerging Devotees
2119,60,Male,Clothing,44,Georgia,Fall,4.2,0,2-Day Shipping,0,0,28,Debit Card,6,0,7392,5.51,8.33,0,0,7.95,1,1,Platinum Champions
2120,58,Male,Accessories,57,Nebraska,Spring,3.5,0,Store Pickup,0,0,36,Venmo,1,0,2052,7.14,0,0,0,5.71,0,0,Low-Engagement Casuals
2121,53,Male,Accessories,98,Missouri,Fall,3.1,0,Next Day Air,0,0,38,PayPal,6,0,22344,7.55,8.33,0,0,8.63,1,0,Platinum Champions
2122,43,Male,Accessories,68,Alaska,Winter,3.5,0,2-Day Shipping,0,0,32,Bank Transfer,4,0,8704,6.33,5,0,0,7.11,1,0,Platinum Champions
2123,32,Male,Outerwear,36,Virginia,Fall,4,0,Express,0,0,42,Debit Card,2,0,3024,8.37,1.67,0,0,6.68,0,1,Low-Engagement Casuals
2124,54,Male,Outerwear,71,Nebraska,Spring,3.7,0,Express,0,0,22,Debit Card,1,0,1562,4.29,0,0,0,4.76,0,0,Low-Engagement Casuals
2125,47,Male,Clothing,60,Rhode Island,Fall,4.2,0,Next Day Air,0,0,22,Venmo,6,0,7920,4.29,8.33,0,0,7.54,1,1,Platinum Champions
2126,57,Male,Outerwear,87,New Hampshire,Fall,4.8,0,Store Pickup,0,0,31,PayPal,6,0,16182,6.12,8.33,0,0,8.15,1,1,Platinum Champions
2127,63,Male,Footwear,38,Alabama,Winter,4.1,0,Express,0,0,28,Credit Card,4,0,4256,5.51,5,0,0,6.84,0,1,At-Risk High-Value
2128,70,Male,Footwear,45,North Carolina,Spring,4.5,0,2-Day Shipping,0,0,40,Debit Card,2,0,3600,7.96,1.67,0,0,6.54,0,1,Low-Engagement Casuals
2129,62,Male,Outerwear,47,New Mexico,Fall,2.7,0,2-Day Shipping,0,0,21,PayPal,2,0,1974,4.08,1.67,0,0,5.25,0,0,Low-Engagement Casuals
2130,40,Male,Clothing,57,Minnesota,Fall,2.8,0,Store Pickup,0,0,12,PayPal,5,0,3420,2.24,6.67,0,0,6.3,0,0,Low-Engagement Casuals
2131,25,Male,Accessories,68,Arizona,Summer,3.7,0,Free Shipping,0,0,33,Credit Card,7,0,15708,6.53,10,0,0,8.84,1,0,Platinum Champions
2132,19,Male,Clothing,52,Montana,Fall,3.6,0,Express,0,0,9,Bank Transfer,3,0,1404,1.63,3.33,0,0,4.99,0,0,Low-Engagement Casuals
2133,25,Male,Clothing,87,Vermont,Fall,4.7,0,2-Day Shipping,0,0,15,Debit Card,2,0,2610,2.86,1.67,0,0,4.84,0,1,Low-Engagement Casuals
2134,21,Male,Accessories,34,Maine,Summer,3.8,0,Standard,0,0,13,Bank Transfer,7,0,3094,2.45,10,0,0,7.48,1,1,Emerging Devotees
2135,55,Male,Footwear,41,Virginia,Winter,2.9,0,Standard,0,0,35,Credit Card,3,0,4305,6.94,3.33,0,0,6.76,0,0,At-Risk High-Value
2136,34,Male,Accessories,94,California,Winter,4.6,0,Next Day Air,0,0,1,Debit Card,5,0,470,0,6.67,0,0,5.56,0,1,Low-Engagement Casuals
2137,47,Male,Accessories,93,New York,Summer,2.8,0,Standard,0,0,25,Bank Transfer,3,0,6975,4.9,3.33,0,0,6.08,0,0,At-Risk High-Value
2138,27,Male,Clothing,51,Indiana,Winter,4.6,0,2-Day Shipping,0,0,20,Credit Card,5,0,5100,3.88,6.67,0,0,6.85,0,1,At-Risk High-Value
2139,67,Male,Clothing,42,Mississippi,Fall,2.8,0,Next Day Air,0,0,36,Venmo,6,0,9072,7.14,8.33,0,0,8.49,1,0,Platinum Champions
2140,40,Male,Footwear,95,New York,Winter,3,0,Free Shipping,0,0,33,Cash,2,0,6270,6.53,1.67,0,0,6.07,0,0,At-Risk High-Value
2141,53,Male,Accessories,90,New Mexico,Fall,3.7,0,Standard,0,0,36,Cash,3,0,9720,7.14,3.33,0,0,6.82,0,0,At-Risk High-Value
2142,24,Male,Clothing,98,Kentucky,Winter,4.1,0,2-Day Shipping,0,0,32,PayPal,7,0,21952,6.33,10,0,0,8.78,1,1,Platinum Champions
2143,47,Male,Accessories,39,North Dakota,Winter,4.3,0,Next Day Air,0,0,21,Venmo,6,0,4914,4.08,8.33,0,0,7.47,1,1,Platinum Champions
2144,53,Male,Footwear,66,Arkansas,Fall,3.8,0,Next Day Air,0,0,48,Venmo,1,0,3168,9.59,0,0,0,6.53,0,1,Low-Engagement Casuals
2145,47,Male,Footwear,23,Maryland,Winter,3.7,0,Free Shipping,0,0,25,PayPal,6,0,3450,4.9,8.33,0,0,7.74,1,0,Emerging Devotees
2146,38,Male,Clothing,73,Connecticut,Winter,4.8,0,Standard,0,0,32,PayPal,7,0,16352,6.33,10,0,0,8.78,1,1,Platinum Champions
2147,48,Male,Accessories,23,Utah,Summer,4.6,0,Standard,0,0,45,PayPal,5,0,5175,8.98,6.67,0,0,8.55,1,1,Platinum Champions
2148,47,Male,Clothing,43,Missouri,Fall,4.8,0,Standard,0,0,4,Cash,3,0,516,0.61,3.33,0,0,4.65,0,1,Low-Engagement Casuals
2149,19,Male,Clothing,45,Nebraska,Winter,4.6,0,2-Day Shipping,0,0,19,PayPal,1,0,855,3.67,0,0,0,4.56,0,1,Low-Engagement Casuals
2150,38,Male,Footwear,21,Hawaii,Winter,4,0,Standard,0,0,1,Bank Transfer,2,0,42,0,1.67,0,0,3.89,0,1,Low-Engagement Casuals
2151,57,Male,Clothing,40,Illinois,Spring,2.6,0,2-Day Shipping,0,0,12,Cash,2,0,960,2.24,1.67,0,0,4.64,0,0,Low-Engagement Casuals
2152,70,Male,Clothing,58,Vermont,Fall,2.6,0,2-Day Shipping,0,0,18,Venmo,4,0,4176,3.47,5,0,0,6.16,0,0,Low-Engagement Casuals
2153,38,Male,Clothing,48,New Jersey,Summer,4.5,0,Next Day Air,0,0,43,Bank Transfer,1,0,2064,8.57,0,0,0,6.19,0,1,Low-Engagement Casuals
2154,35,Male,Clothing,94,Kentucky,Fall,4.2,0,Free Shipping,0,0,31,PayPal,7,0,20398,6.12,10,0,0,8.71,1,1,Platinum Champions
2155,46,Male,Accessories,74,Wyoming,Spring,3.4,0,Store Pickup,0,0,33,Cash,5,0,12210,6.53,6.67,0,0,7.73,1,0,Platinum Champions
2156,32,Male,Accessories,51,Hawaii,Fall,3.7,0,Store Pickup,0,0,46,PayPal,4,0,9384,9.18,5,0,0,8.06,1,0,Platinum Champions
2157,38,Male,Clothing,83,Missouri,Winter,3.6,0,Next Day Air,0,0,41,Debit Card,1,0,3403,8.16,0,0,0,6.05,0,0,Low-Engagement Casuals
2158,41,Male,Accessories,68,Mississippi,Winter,4,0,Next Day Air,0,0,41,Venmo,3,0,8364,8.16,3.33,0,0,7.16,1,1,Platinum Champions
2159,19,Male,Accessories,84,Massachusetts,Spring,4.6,0,Standard,0,0,9,Bank Transfer,3,0,2268,1.63,3.33,0,0,4.99,0,1,Low-Engagement Casuals
2160,18,Male,Clothing,58,Louisiana,Fall,3,0,Free Shipping,0,0,34,Cash,7,0,13804,6.73,10,0,0,8.91,1,0,Platinum Champions
2161,45,Male,Clothing,92,West Virginia,Winter,3.3,0,Express,0,0,21,PayPal,7,0,13524,4.08,10,0,0,8.03,1,0,Platinum Champions
2162,23,Male,Clothing,69,Washington,Summer,3.8,0,Express,0,0,5,Debit Card,3,0,1035,0.82,3.33,0,0,4.72,0,1,Low-Engagement Casuals
2163,60,Male,Clothing,48,Oregon,Summer,2.7,0,Free Shipping,0,0,32,PayPal,2,0,3072,6.33,1.67,0,0,6,0,0,Low-Engagement Casuals
2164,52,Male,Footwear,60,New York,Spring,4.5,0,Express,0,0,44,Bank Transfer,4,0,10560,8.78,5,0,0,7.93,1,1,Platinum Champions
2165,42,Male,Footwear,20,Iowa,Winter,4.8,0,Next Day Air,0,0,46,PayPal,1,0,920,9.18,0,0,0,6.39,0,1,Low-Engagement Casuals
2166,29,Male,Clothing,55,Idaho,Summer,4.2,0,Express,0,0,42,Credit Card,5,0,11550,8.37,6.67,0,0,8.35,1,1,Platinum Champions
2167,31,Male,Outerwear,88,New Jersey,Spring,3.5,0,Express,0,0,50,Credit Card,1,0,4400,10,0,0,0,6.67,0,0,At-Risk High-Value
2168,30,Male,Clothing,48,Ohio,Winter,4.9,0,Standard,0,0,33,Venmo,3,0,4752,6.53,3.33,0,0,6.62,0,1,At-Risk High-Value
2169,23,Male,Accessories,74,Connecticut,Spring,4.1,0,Next Day Air,0,0,32,Cash,6,0,14208,6.33,8.33,0,0,8.22,1,1,Platinum Champions
2170,31,Male,Outerwear,42,Florida,Fall,2.9,0,Next Day Air,0,0,32,Bank Transfer,1,0,1344,6.33,0,0,0,5.44,0,0,Low-Engagement Casuals
2171,40,Male,Clothing,32,South Carolina,Fall,4,0,Next Day Air,0,0,37,Venmo,5,0,5920,7.35,6.67,0,0,8.01,1,1,Platinum Champions
2172,39,Male,Clothing,98,Missouri,Summer,4.6,0,Store Pickup,0,0,9,Cash,3,0,2646,1.63,3.33,0,0,4.99,0,1,Low-Engagement Casuals
2173,28,Male,Clothing,89,Rhode Island,Fall,2.8,0,Store Pickup,0,0,6,PayPal,3,0,1602,1.02,3.33,0,0,4.78,0,0,Low-Engagement Casuals
2174,23,Male,Accessories,97,Delaware,Summer,5,0,2-Day Shipping,0,0,36,Venmo,6,0,20952,7.14,8.33,0,0,8.49,1,1,Platinum Champions
2175,42,Male,Accessories,49,Colorado,Spring,2.9,0,Store Pickup,0,0,1,Cash,7,0,343,0,10,0,0,6.67,0,0,Low-Engagement Casuals
2176,68,Male,Clothing,50,Nebraska,Spring,3.3,0,Free Shipping,0,0,48,Credit Card,3,0,7200,9.59,3.33,0,0,7.64,1,0,Platinum Champions
2177,24,Male,Accessories,91,Vermont,Winter,3.4,0,2-Day Shipping,0,0,44,Debit Card,6,0,24024,8.78,8.33,0,0,9.04,1,0,Platinum Champions
2178,24,Male,Accessories,93,Montana,Winter,3,0,Express,0,0,9,PayPal,1,0,837,1.63,0,0,0,3.88,0,0,Low-Engagement Casuals
2179,21,Male,Accessories,98,Florida,Summer,4.7,0,Standard,0,0,32,Venmo,7,0,21952,6.33,10,0,0,8.78,1,1,Platinum Champions
2180,49,Male,Clothing,82,Delaware,Fall,2.9,0,Next Day Air,0,0,14,PayPal,4,0,4592,2.65,5,0,0,5.88,0,0,At-Risk High-Value
2181,41,Male,Outerwear,37,Connecticut,Summer,4.1,0,Store Pickup,0,0,43,Cash,6,0,9546,8.57,8.33,0,0,8.97,1,1,Platinum Champions
2182,22,Male,Accessories,63,Hawaii,Fall,3.2,0,Free Shipping,0,0,32,Bank Transfer,1,0,2016,6.33,0,0,0,5.44,0,0,Low-Engagement Casuals
2183,42,Male,Clothing,99,New Mexico,Winter,2.7,0,Store Pickup,0,0,26,Venmo,1,0,2574,5.1,0,0,0,5.03,0,0,Low-Engagement Casuals
2184,30,Male,Clothing,37,Kansas,Spring,4.7,0,Store Pickup,0,0,2,Cash,4,0,296,0.2,5,0,0,5.07,0,1,Low-Engagement Casuals
2185,38,Male,Footwear,34,Nevada,Spring,3.2,0,Free Shipping,0,0,16,PayPal,5,0,2720,3.06,6.67,0,0,6.58,0,0,Low-Engagement Casuals
2186,40,Male,Clothing,32,North Carolina,Winter,2.5,0,Express,0,0,50,Debit Card,5,0,8000,10,6.67,0,0,8.89,1,0,Platinum Champions
2187,55,Male,Footwear,23,New Mexico,Winter,4.3,0,Next Day Air,0,0,6,PayPal,5,0,690,1.02,6.67,0,0,5.9,0,1,Low-Engagement Casuals
2188,37,Male,Clothing,78,Idaho,Spring,4.4,0,Free Shipping,0,0,20,PayPal,7,0,10920,3.88,10,0,0,7.96,1,1,Platinum Champions
2189,41,Male,Outerwear,54,California,Winter,4.7,0,Next Day Air,0,0,9,Credit Card,2,0,972,1.63,1.67,0,0,4.43,0,1,Low-Engagement Casuals
2190,38,Male,Clothing,94,Wisconsin,Fall,4,0,Express,0,0,47,Credit Card,1,0,4418,9.39,0,0,0,6.46,0,1,At-Risk High-Value
2191,42,Male,Accessories,75,Alaska,Spring,4.6,0,Express,0,0,33,Credit Card,7,0,17325,6.53,10,0,0,8.84,1,1,Platinum Champions
2192,26,Male,Clothing,69,Pennsylvania,Summer,3.8,0,Next Day Air,0,0,46,Cash,1,0,3174,9.18,0,0,0,6.39,0,1,Low-Engagement Casuals
2193,41,Male,Accessories,35,Virginia,Winter,3.2,0,Next Day Air,0,0,9,Credit Card,4,0,1260,1.63,5,0,0,5.54,0,0,Low-Engagement Casuals
2194,27,Male,Clothing,78,California,Spring,5,0,Express,0,0,8,PayPal,4,0,2496,1.43,5,0,0,5.48,0,1,Low-Engagement Casuals
2195,61,Male,Clothing,29,Kentucky,Summer,3.5,0,Standard,0,0,48,Bank Transfer,6,0,8352,9.59,8.33,0,0,9.31,1,0,Platinum Champions
2196,58,Male,Clothing,62,New York,Fall,3.7,0,Next Day Air,0,0,2,Cash,4,0,496,0.2,5,0,0,5.07,0,0,Low-Engagement Casuals
2197,25,Male,Clothing,58,Vermont,Spring,4.8,0,Next Day Air,0,0,31,PayPal,2,0,3596,6.12,1.67,0,0,5.93,0,1,Low-Engagement Casuals
2198,33,Male,Footwear,88,Pennsylvania,Summer,3.7,0,2-Day Shipping,0,0,40,Venmo,4,0,14080,7.96,5,0,0,7.65,1,0,Platinum Champions
2199,57,Male,Accessories,80,New York,Summer,3.5,0,Free Shipping,0,0,35,Venmo,4,0,11200,6.94,5,0,0,7.31,1,0,Platinum Champions
2200,39,Male,Accessories,47,North Carolina,Summer,4.9,0,Store Pickup,0,0,40,Debit Card,4,0,7520,7.96,5,0,0,7.65,1,1,Platinum Champions
2201,60,Male,Accessories,51,Wyoming,Summer,4.7,0,Next Day Air,0,0,27,Debit Card,5,0,6885,5.31,6.67,0,0,7.33,1,1,Platinum Champions
2202,39,Male,Clothing,25,Ohio,Spring,4.9,0,2-Day Shipping,0,0,10,Venmo,7,0,1750,1.84,10,0,0,7.28,1,1,Emerging Devotees
2203,42,Male,Clothing,36,Alabama,Summer,4.3,0,Next Day Air,0,0,23,Credit Card,2,0,1656,4.49,1.67,0,0,5.39,0,1,Low-Engagement Casuals
2204,53,Male,Clothing,79,Rhode Island,Winter,3.1,0,Free Shipping,0,0,32,Cash,6,0,15168,6.33,8.33,0,0,8.22,1,0,Platinum Champions
2205,20,Male,Clothing,41,Oregon,Winter,3.4,0,2-Day Shipping,0,0,6,Debit Card,4,0,984,1.02,5,0,0,5.34,0,0,Low-Engagement Casuals
2206,46,Male,Clothing,68,North Dakota,Fall,2.7,0,Express,0,0,27,PayPal,2,0,3672,5.31,1.67,0,0,5.66,0,0,Low-Engagement Casuals
2207,46,Male,Footwear,51,Illinois,Spring,2.6,0,Store Pickup,0,0,25,Bank Transfer,3,0,3825,4.9,3.33,0,0,6.08,0,0,Low-Engagement Casuals
2208,69,Male,Accessories,38,New Mexico,Fall,2.9,0,Next Day Air,0,0,11,Credit Card,7,0,2926,2.04,10,0,0,7.35,1,0,Emerging Devotees
2209,28,Male,Accessories,46,Colorado,Summer,2.7,0,2-Day Shipping,0,0,23,PayPal,4,0,4232,4.49,5,0,0,6.5,0,0,At-Risk High-Value
2210,42,Male,Footwear,20,Utah,Summer,4.5,0,2-Day Shipping,0,0,44,Bank Transfer,6,0,5280,8.78,8.33,0,0,9.04,1,1,Platinum Champions
2211,30,Male,Accessories,25,Virginia,Summer,3.1,0,Store Pickup,0,0,35,PayPal,3,0,2625,6.94,3.33,0,0,6.76,0,0,Low-Engagement Casuals
2212,50,Male,Clothing,89,Maine,Winter,3.2,0,Free Shipping,0,0,45,Debit Card,5,0,20025,8.98,6.67,0,0,8.55,1,0,Platinum Champions
2213,59,Male,Clothing,77,Nebraska,Winter,3.3,0,Next Day Air,0,0,22,Bank Transfer,6,0,10164,4.29,8.33,0,0,7.54,1,0,Platinum Champions
2214,54,Male,Accessories,94,Hawaii,Fall,2.9,0,Express,0,0,18,Debit Card,6,0,10152,3.47,8.33,0,0,7.27,1,0,Platinum Champions
2215,50,Male,Accessories,100,Idaho,Fall,4.1,0,Standard,0,0,20,Debit Card,2,0,4000,3.88,1.67,0,0,5.18,0,1,Low-Engagement Casuals
2216,25,Male,Footwear,96,West Virginia,Winter,2.7,0,Express,0,0,28,Credit Card,3,0,8064,5.51,3.33,0,0,6.28,0,0,At-Risk High-Value
2217,41,Male,Clothing,36,Vermont,Winter,4,0,Store Pickup,0,0,15,Venmo,1,0,540,2.86,0,0,0,4.29,0,1,Low-Engagement Casuals
2218,35,Male,Accessories,27,Indiana,Fall,2.6,0,Store Pickup,0,0,42,Bank Transfer,3,0,3402,8.37,3.33,0,0,7.23,1,0,Emerging Devotees
2219,67,Male,Accessories,67,Idaho,Winter,3.5,0,Store Pickup,0,0,20,Debit Card,6,0,8040,3.88,8.33,0,0,7.4,1,0,Platinum Champions
2220,33,Male,Clothing,91,Minnesota,Fall,2.8,0,Store Pickup,0,0,16,Bank Transfer,3,0,4368,3.06,3.33,0,0,5.46,0,0,At-Risk High-Value
2221,19,Male,Accessories,62,Wyoming,Fall,4.5,0,Store Pickup,0,0,47,Cash,7,0,20398,9.39,10,0,0,9.8,1,1,Platinum Champions
2222,25,Male,Clothing,88,Kansas,Fall,3,0,Free Shipping,0,0,34,Credit Card,7,0,20944,6.73,10,0,0,8.91,1,0,Platinum Champions
2223,32,Male,Clothing,66,Georgia,Summer,4.4,0,Store Pickup,0,0,30,Credit Card,2,0,3960,5.92,1.67,0,0,5.86,0,1,Low-Engagement Casuals
2224,30,Male,Footwear,65,Kansas,Fall,4.7,0,Next Day Air,0,0,5,PayPal,6,0,1950,0.82,8.33,0,0,6.38,0,1,Low-Engagement Casuals
2225,18,Male,Accessories,25,Nebraska,Winter,4.3,0,Standard,0,0,38,Cash,6,0,5700,7.55,8.33,0,0,8.63,1,1,Platinum Champions
2226,38,Male,Accessories,64,Washington,Spring,4.8,0,Free Shipping,0,0,18,Credit Card,7,0,8064,3.47,10,0,0,7.82,1,1,Platinum Champions
2227,22,Male,Clothing,72,Missouri,Spring,4.8,0,Store Pickup,0,0,28,Cash,7,0,14112,5.51,10,0,0,8.5,1,1,Platinum Champions
2228,40,Male,Accessories,74,Washington,Summer,4.4,0,Next Day Air,0,0,42,Credit Card,3,0,9324,8.37,3.33,0,0,7.23,1,1,Platinum Champions
2229,54,Male,Accessories,50,Kansas,Fall,3.7,0,Free Shipping,0,0,5,Credit Card,2,0,500,0.82,1.67,0,0,4.16,0,0,Low-Engagement Casuals
2230,70,Male,Clothing,97,Minnesota,Fall,3.9,0,Express,0,0,50,Venmo,4,0,19400,10,5,0,0,8.33,1,1,Platinum Champions
2231,52,Male,Footwear,36,Colorado,Spring,3.8,0,Express,0,0,33,Venmo,3,0,3564,6.53,3.33,0,0,6.62,0,1,Low-Engagement Casuals
2232,34,Male,Outerwear,49,Utah,Fall,4.1,0,Store Pickup,0,0,1,Credit Card,2,0,98,0,1.67,0,0,3.89,0,1,Low-Engagement Casuals
2233,65,Male,Footwear,64,North Carolina,Spring,4,0,Store Pickup,0,0,14,Cash,3,0,2688,2.65,3.33,0,0,5.33,0,1,Low-Engagement Casuals
2234,38,Male,Clothing,31,Florida,Summer,4.5,0,Express,0,0,48,Credit Card,4,0,5952,9.59,5,0,0,8.2,1,1,Platinum Champions
2235,35,Male,Footwear,66,New Hampshire,Winter,4,0,Express,0,0,26,Cash,2,0,3432,5.1,1.67,0,0,5.59,0,1,Low-Engagement Casuals
2236,40,Male,Clothing,82,Illinois,Spring,4.5,0,2-Day Shipping,0,0,44,Credit Card,7,0,25256,8.78,10,0,0,9.59,1,1,Platinum Champions
2237,23,Male,Clothing,88,Louisiana,Winter,2.7,0,Standard,0,0,18,Debit Card,3,0,4752,3.47,3.33,0,0,5.6,0,0,At-Risk High-Value
2238,45,Male,Footwear,34,Alabama,Summer,3.8,0,Next Day Air,0,0,31,Venmo,5,0,5270,6.12,6.67,0,0,7.6,1,1,Platinum Champions
2239,40,Male,Footwear,84,Florida,Winter,3.8,0,Standard,0,0,18,Debit Card,2,0,3024,3.47,1.67,0,0,5.05,0,1,Low-Engagement Casuals
2240,42,Male,Accessories,96,Alabama,Summer,3.8,0,2-Day Shipping,0,0,41,Credit Card,5,0,19680,8.16,6.67,0,0,8.28,1,1,Platinum Champions
2241,57,Male,Footwear,71,California,Winter,4.3,0,Next Day Air,0,0,18,Debit Card,5,0,6390,3.47,6.67,0,0,6.71,0,1,At-Risk High-Value
2242,18,Male,Outerwear,77,Maryland,Summer,3.5,0,Free Shipping,0,0,3,Bank Transfer,1,0,231,0.41,0,0,0,3.47,0,0,Low-Engagement Casuals
2243,18,Male,Clothing,66,Nevada,Spring,3.8,0,Next Day Air,0,0,5,Credit Card,1,0,330,0.82,0,0,0,3.61,0,1,Low-Engagement Casuals
2244,56,Male,Clothing,21,Massachusetts,Winter,3.7,0,2-Day Shipping,0,0,13,Debit Card,7,0,1911,2.45,10,0,0,7.48,1,0,Emerging Devotees
2245,35,Male,Clothing,37,South Carolina,Summer,4.8,0,2-Day Shipping,0,0,22,PayPal,7,0,5698,4.29,10,0,0,8.1,1,1,Platinum Champions
2246,49,Male,Clothing,90,Delaware,Fall,4.9,0,Free Shipping,0,0,45,PayPal,3,0,12150,8.98,3.33,0,0,7.44,1,1,Platinum Champions
2247,49,Male,Outerwear,96,Hawaii,Fall,4.3,0,Store Pickup,0,0,39,PayPal,5,0,18720,7.76,6.67,0,0,8.14,1,1,Platinum Champions
2248,34,Male,Accessories,37,Florida,Summer,4.4,0,Next Day Air,0,0,18,Venmo,7,0,4662,3.47,10,0,0,7.82,1,1,Platinum Champions
2249,63,Male,Clothing,66,Rhode Island,Winter,3.4,0,Free Shipping,0,0,19,PayPal,3,0,3762,3.67,3.33,0,0,5.67,0,0,Low-Engagement Casuals
2250,42,Male,Accessories,45,Wyoming,Spring,4.3,0,Next Day Air,0,0,29,Debit Card,2,0,2610,5.71,1.67,0,0,5.79,0,1,Low-Engagement Casuals
2251,41,Male,Footwear,89,Colorado,Summer,4.6,0,Store Pickup,0,0,19,Credit Card,2,0,3382,3.67,1.67,0,0,5.11,0,1,Low-Engagement Casuals
2252,26,Male,Footwear,94,Virginia,Fall,3.8,0,Free Shipping,0,0,22,Debit Card,4,0,8272,4.29,5,0,0,6.43,0,1,At-Risk High-Value
2253,48,Male,Footwear,96,Nebraska,Summer,3.9,0,Express,0,0,21,Bank Transfer,7,0,14112,4.08,10,0,0,8.03,1,1,Platinum Champions
2254,62,Male,Clothing,31,Oklahoma,Spring,2.6,0,Store Pickup,0,0,22,PayPal,4,0,2728,4.29,5,0,0,6.43,0,0,Low-Engagement Casuals
2255,24,Male,Accessories,79,North Dakota,Winter,4.2,0,Store Pickup,0,0,44,PayPal,5,0,17380,8.78,6.67,0,0,8.48,1,1,Platinum Champions
2256,48,Male,Outerwear,39,Michigan,Spring,4.6,0,Store Pickup,0,0,42,Bank Transfer,6,0,9828,8.37,8.33,0,0,8.9,1,1,Platinum Champions
2257,31,Male,Clothing,22,California,Fall,5,0,Standard,0,0,33,Credit Card,6,0,4356,6.53,8.33,0,0,8.29,1,1,Platinum Champions
2258,41,Male,Clothing,32,Tennessee,Fall,4.2,0,Standard,0,0,6,Bank Transfer,7,0,1344,1.02,10,0,0,7.01,1,1,Emerging Devotees
2259,24,Male,Clothing,71,Ohio,Winter,4.3,0,Store Pickup,0,0,44,Credit Card,5,0,15620,8.78,6.67,0,0,8.48,1,1,Platinum Champions
2260,60,Male,Clothing,96,Florida,Spring,3.3,0,Free Shipping,0,0,24,Cash,7,0,16128,4.69,10,0,0,8.23,1,0,Platinum Champions
2261,38,Male,Accessories,82,Missouri,Fall,4.9,0,Express,0,0,16,PayPal,6,0,7872,3.06,8.33,0,0,7.13,1,1,Platinum Champions
2262,58,Male,Accessories,76,South Carolina,Spring,4.4,0,Standard,0,0,12,Bank Transfer,3,0,2736,2.24,3.33,0,0,5.19,0,1,Low-Engagement Casuals
2263,53,Male,Accessories,22,Arizona,Winter,3.1,0,2-Day Shipping,0,0,50,PayPal,4,0,4400,10,5,0,0,8.33,1,0,Platinum Champions
2264,44,Male,Accessories,40,Indiana,Winter,3.5,0,Store Pickup,0,0,42,Cash,6,0,10080,8.37,8.33,0,0,8.9,1,0,Platinum Champions
2265,51,Male,Accessories,92,North Dakota,Summer,3.9,0,2-Day Shipping,0,0,50,PayPal,4,0,18400,10,5,0,0,8.33,1,1,Platinum Champions
2266,36,Male,Outerwear,94,Montana,Fall,3.9,0,Store Pickup,0,0,10,PayPal,6,0,5640,1.84,8.33,0,0,6.72,0,1,At-Risk High-Value
2267,20,Male,Clothing,44,Missouri,Fall,4.3,0,Store Pickup,0,0,32,Debit Card,2,0,2816,6.33,1.67,0,0,6,0,1,Low-Engagement Casuals
2268,32,Male,Accessories,49,Kentucky,Spring,3.8,0,Express,0,0,37,Venmo,2,0,3626,7.35,1.67,0,0,6.34,0,1,Low-Engagement Casuals
2269,66,Male,Clothing,26,Georgia,Spring,2.7,0,2-Day Shipping,0,0,15,Bank Transfer,4,0,1560,2.86,5,0,0,5.95,0,0,Low-Engagement Casuals
2270,49,Male,Clothing,38,Kentucky,Fall,4.4,0,Store Pickup,0,0,27,Credit Card,7,0,7182,5.31,10,0,0,8.44,1,1,Platinum Champions
2271,27,Male,Clothing,72,Georgia,Spring,3.5,0,Express,0,0,7,Venmo,2,0,1008,1.22,1.67,0,0,4.3,0,0,Low-Engagement Casuals
2272,29,Male,Clothing,99,Alaska,Summer,3.4,0,Free Shipping,0,0,49,PayPal,6,0,29106,9.8,8.33,0,0,9.38,1,0,Platinum Champions
2273,29,Male,Outerwear,38,Maine,Spring,4,0,Standard,0,0,44,PayPal,4,0,6688,8.78,5,0,0,7.93,1,1,Platinum Champions
2274,55,Male,Outerwear,96,New Mexico,Winter,4.8,0,Express,0,0,13,PayPal,1,0,1248,2.45,0,0,0,4.15,0,1,Low-Engagement Casuals
2275,57,Male,Clothing,27,New York,Spring,4.5,0,Next Day Air,0,0,38,PayPal,3,0,3078,7.55,3.33,0,0,6.96,0,1,Low-Engagement Casuals
2276,29,Male,Clothing,24,Oklahoma,Winter,4.4,0,Standard,0,0,10,Debit Card,2,0,480,1.84,1.67,0,0,4.5,0,1,Low-Engagement Casuals
2277,31,Male,Clothing,82,Wyoming,Summer,4.1,0,2-Day Shipping,0,0,25,Debit Card,2,0,4100,4.9,1.67,0,0,5.52,0,1,Low-Engagement Casuals
2278,25,Male,Accessories,56,Alabama,Summer,4.6,0,Next Day Air,0,0,18,Credit Card,6,0,6048,3.47,8.33,0,0,7.27,1,1,Platinum Champions
2279,61,Male,Accessories,25,Maryland,Fall,3.8,0,Store Pickup,0,0,6,Cash,5,0,750,1.02,6.67,0,0,5.9,0,1,Low-Engagement Casuals
2280,53,Male,Footwear,67,West Virginia,Spring,2.9,0,Free Shipping,0,0,35,Bank Transfer,6,0,14070,6.94,8.33,0,0,8.42,1,0,Platinum Champions
2281,22,Male,Footwear,21,Kentucky,Summer,2.8,0,Standard,0,0,31,Credit Card,3,0,1953,6.12,3.33,0,0,6.48,0,0,Low-Engagement Casuals
2282,28,Male,Clothing,27,Kansas,Summer,3,0,Store Pickup,0,0,41,Bank Transfer,7,0,7749,8.16,10,0,0,9.39,1,0,Platinum Champions
2283,18,Male,Footwear,97,Idaho,Fall,4.2,0,2-Day Shipping,0,0,8,Credit Card,7,0,5432,1.43,10,0,0,7.14,1,1,Platinum Champions
2284,44,Male,Accessories,45,Ohio,Winter,4.1,0,Free Shipping,0,0,34,Credit Card,3,0,4590,6.73,3.33,0,0,6.69,0,1,At-Risk High-Value
2285,32,Male,Clothing,63,Iowa,Fall,4.1,0,Express,0,0,20,Venmo,7,0,8820,3.88,10,0,0,7.96,1,1,Platinum Champions
2286,34,Male,Accessories,100,Michigan,Summer,4.6,0,2-Day Shipping,0,0,38,PayPal,5,0,19000,7.55,6.67,0,0,8.07,1,1,Platinum Champions
2287,67,Male,Clothing,38,South Dakota,Spring,2.5,0,Store Pickup,0,0,35,Venmo,6,0,7980,6.94,8.33,0,0,8.42,1,0,Platinum Champions
2288,66,Male,Clothing,45,Nebraska,Summer,3,0,Store Pickup,0,0,6,Debit Card,7,0,1890,1.02,10,0,0,7.01,1,0,Emerging Devotees
2289,28,Male,Accessories,91,California,Fall,3.8,0,Next Day Air,0,0,50,PayPal,2,0,9100,10,1.67,0,0,7.22,1,1,Platinum Champions
2290,70,Male,Clothing,82,Nevada,Fall,4.1,0,Free Shipping,0,0,47,Venmo,2,0,7708,9.39,1.67,0,0,7.02,1,1,Platinum Champions
2291,37,Male,Footwear,48,Kansas,Winter,3.3,0,Standard,0,0,23,PayPal,6,0,6624,4.49,8.33,0,0,7.61,1,0,Platinum Champions
2292,28,Male,Outerwear,30,Ohio,Spring,5,0,2-Day Shipping,0,0,13,Credit Card,6,0,2340,2.45,8.33,0,0,6.93,0,1,Low-Engagement Casuals
2293,43,Male,Clothing,34,Vermont,Spring,3.8,0,Next Day Air,0,0,31,Debit Card,4,0,4216,6.12,5,0,0,7.04,1,1,Emerging Devotees
2294,37,Male,Clothing,68,Georgia,Fall,3.3,0,Express,0,0,16,Debit Card,5,0,5440,3.06,6.67,0,0,6.58,0,0,At-Risk High-Value
2295,54,Male,Accessories,95,Maryland,Winter,5,0,Express,0,0,40,Debit Card,7,0,26600,7.96,10,0,0,9.32,1,1,Platinum Champions
2296,50,Male,Accessories,22,Connecticut,Spring,2.9,0,2-Day Shipping,0,0,45,PayPal,6,0,5940,8.98,8.33,0,0,9.1,1,0,Platinum Champions
2297,46,Male,Accessories,88,Washington,Fall,2.5,0,Next Day Air,0,0,50,Venmo,5,0,22000,10,6.67,0,0,8.89,1,0,Platinum Champions
2298,60,Male,Clothing,83,California,Summer,4.7,0,Standard,0,0,1,Bank Transfer,6,0,498,0,8.33,0,0,6.11,0,1,Low-Engagement Casuals
2299,40,Male,Accessories,87,Montana,Spring,2.9,0,2-Day Shipping,0,0,10,Cash,5,0,4350,1.84,6.67,0,0,6.17,0,0,At-Risk High-Value
2300,64,Male,Outerwear,57,Idaho,Summer,3.7,0,Store Pickup,0,0,48,Credit Card,5,0,13680,9.59,6.67,0,0,8.75,1,0,Platinum Champions
2301,18,Male,Outerwear,88,Pennsylvania,Summer,4.4,0,2-Day Shipping,0,0,38,Credit Card,4,0,13376,7.55,5,0,0,7.52,1,1,Platinum Champions
2302,37,Male,Clothing,20,Maine,Winter,2.9,0,Next Day Air,0,0,21,Debit Card,7,0,2940,4.08,10,0,0,8.03,1,0,Emerging Devotees
2303,36,Male,Accessories,39,Montana,Summer,3.6,0,Store Pickup,0,0,38,Venmo,4,0,5928,7.55,5,0,0,7.52,1,0,Platinum Champions
2304,51,Male,Accessories,71,New Jersey,Spring,4.8,0,2-Day Shipping,0,0,31,Credit Card,3,0,6603,6.12,3.33,0,0,6.48,0,1,At-Risk High-Value
2305,26,Male,Clothing,73,Louisiana,Winter,4.7,0,Free Shipping,0,0,9,Debit Card,3,0,1971,1.63,3.33,0,0,4.99,0,1,Low-Engagement Casuals
2306,68,Male,Accessories,63,Maine,Summer,2.6,0,Free Shipping,0,0,47,Cash,2,0,5922,9.39,1.67,0,0,7.02,1,0,Platinum Champions
2307,27,Male,Accessories,78,Florida,Winter,3.4,0,Standard,0,0,8,Cash,1,0,624,1.43,0,0,0,3.81,0,0,Low-Engagement Casuals
2308,28,Male,Clothing,96,Missouri,Fall,3.5,0,Next Day Air,0,0,30,Debit Card,7,0,20160,5.92,10,0,0,8.64,1,0,Platinum Champions
2309,49,Male,Accessories,81,North Dakota,Winter,3.4,0,2-Day Shipping,0,0,22,Bank Transfer,6,0,10692,4.29,8.33,0,0,7.54,1,0,Platinum Champions
2310,70,Male,Clothing,95,Connecticut,Fall,5,0,2-Day Shipping,0,0,3,Bank Transfer,6,0,1710,0.41,8.33,0,0,6.25,0,1,Low-Engagement Casuals
2311,30,Male,Accessories,68,Virginia,Spring,4.6,0,Standard,0,0,15,PayPal,4,0,4080,2.86,5,0,0,5.95,0,1,Low-Engagement Casuals
2312,27,Male,Footwear,28,Montana,Spring,4.8,0,2-Day Shipping,0,0,10,Bank Transfer,5,0,1400,1.84,6.67,0,0,6.17,0,1,Low-Engagement Casuals
2313,19,Male,Clothing,30,Vermont,Summer,3.7,0,Free Shipping,0,0,19,Cash,5,0,2850,3.67,6.67,0,0,6.78,0,0,Low-Engagement Casuals
2314,64,Male,Clothing,31,Georgia,Summer,4.7,0,Next Day Air,0,0,36,Bank Transfer,3,0,3348,7.14,3.33,0,0,6.82,0,1,Low-Engagement Casuals
2315,42,Male,Accessories,95,Virginia,Winter,4.4,0,Express,0,0,12,Bank Transfer,5,0,5700,2.24,6.67,0,0,6.3,0,1,At-Risk High-Value
2316,69,Male,Clothing,79,Vermont,Winter,3.5,0,2-Day Shipping,0,0,49,Debit Card,6,0,23226,9.8,8.33,0,0,9.38,1,0,Platinum Champions
2317,28,Male,Footwear,39,Montana,Winter,3.8,0,Standard,0,0,7,Debit Card,7,0,1911,1.22,10,0,0,7.07,1,1,Emerging Devotees
2318,47,Male,Outerwear,34,New Jersey,Summer,4.7,0,Next Day Air,0,0,28,Bank Transfer,4,0,3808,5.51,5,0,0,6.84,0,1,Low-Engagement Casuals
2319,69,Male,Clothing,28,Wyoming,Spring,3.1,0,Store Pickup,0,0,30,Credit Card,7,0,5880,5.92,10,0,0,8.64,1,0,Platinum Champions
2320,56,Male,Footwear,38,Maine,Winter,5,0,Free Shipping,0,0,29,PayPal,4,0,4408,5.71,5,0,0,6.9,0,1,At-Risk High-Value
2321,28,Male,Footwear,55,New Mexico,Spring,3.7,0,Free Shipping,0,0,9,Debit Card,5,0,2475,1.63,6.67,0,0,6.1,0,0,Low-Engagement Casuals
2322,50,Male,Footwear,31,Colorado,Winter,3,0,Next Day Air,0,0,27,Debit Card,3,0,2511,5.31,3.33,0,0,6.21,0,0,Low-Engagement Casuals
2323,39,Male,Outerwear,84,Connecticut,Spring,4.5,0,Store Pickup,0,0,21,Venmo,3,0,5292,4.08,3.33,0,0,5.8,0,1,At-Risk High-Value
2324,35,Male,Accessories,93,Maryland,Winter,4.7,0,Express,0,0,36,Credit Card,4,0,13392,7.14,5,0,0,7.38,1,1,Platinum Champions
2325,59,Male,Outerwear,28,Oregon,Winter,3.5,0,Free Shipping,0,0,19,Debit Card,7,0,3724,3.67,10,0,0,7.89,1,0,Emerging Devotees
2326,44,Male,Footwear,55,New York,Summer,4.4,0,2-Day Shipping,0,0,47,Cash,2,0,5170,9.39,1.67,0,0,7.02,1,1,Platinum Champions
2327,66,Male,Clothing,63,Oklahoma,Winter,2.6,0,Standard,0,0,38,Bank Transfer,7,0,16758,7.55,10,0,0,9.18,1,0,Platinum Champions
2328,20,Male,Clothing,94,Alabama,Winter,4.2,0,2-Day Shipping,0,0,22,Venmo,1,0,2068,4.29,0,0,0,4.76,0,1,Low-Engagement Casuals
2329,45,Male,Clothing,36,North Dakota,Fall,2.6,0,Express,0,0,29,Venmo,1,0,1044,5.71,0,0,0,5.24,0,0,Low-Engagement Casuals
2330,49,Male,Accessories,97,Nebraska,Spring,4.8,0,Free Shipping,0,0,42,Bank Transfer,7,0,28518,8.37,10,0,0,9.46,1,1,Platinum Champions
2331,60,Male,Accessories,63,Arizona,Summer,2.9,0,Store Pickup,0,0,47,PayPal,5,0,14805,9.39,6.67,0,0,8.69,1,0,Platinum Champions
2332,61,Male,Accessories,77,Illinois,Spring,4.3,0,2-Day Shipping,0,0,10,Credit Card,1,0,770,1.84,0,0,0,3.95,0,1,Low-Engagement Casuals
2333,36,Male,Accessories,53,South Carolina,Fall,2.6,0,Store Pickup,0,0,10,Venmo,4,0,2120,1.84,5,0,0,5.61,0,0,Low-Engagement Casuals
2334,33,Male,Clothing,77,Kansas,Spring,3.8,0,Next Day Air,0,0,1,PayPal,5,0,385,0,6.67,0,0,5.56,0,1,Low-Engagement Casuals
2335,49,Male,Footwear,79,Kansas,Summer,4.2,0,Standard,0,0,7,Credit Card,4,0,2212,1.22,5,0,0,5.41,0,1,Low-Engagement Casuals
2336,31,Male,Outerwear,37,Idaho,Summer,3.9,0,Store Pickup,0,0,10,Venmo,3,0,1110,1.84,3.33,0,0,5.06,0,1,Low-Engagement Casuals
2337,19,Male,Accessories,94,California,Winter,3.1,0,Free Shipping,0,0,11,Credit Card,2,0,2068,2.04,1.67,0,0,4.57,0,0,Low-Engagement Casuals
2338,39,Male,Footwear,76,North Dakota,Fall,3.6,0,Store Pickup,0,0,5,Cash,7,0,2660,0.82,10,0,0,6.94,0,0,Low-Engagement Casuals
2339,66,Male,Footwear,68,Georgia,Fall,4,0,Express,0,0,21,PayPal,6,0,8568,4.08,8.33,0,0,7.47,1,1,Platinum Champions
2340,25,Male,Clothing,65,Illinois,Spring,3.4,0,Next Day Air,0,0,24,Bank Transfer,6,0,9360,4.69,8.33,0,0,7.67,1,0,Platinum Champions
2341,63,Male,Clothing,24,Delaware,Summer,2.6,0,Standard,0,0,37,Credit Card,3,0,2664,7.35,3.33,0,0,6.89,0,0,Low-Engagement Casuals
2342,56,Male,Outerwear,31,Connecticut,Summer,4.5,0,Express,0,0,22,Venmo,5,0,3410,4.29,6.67,0,0,6.99,0,1,Low-Engagement Casuals
2343,20,Male,Clothing,89,Tennessee,Fall,4.9,0,Standard,0,0,16,Debit Card,3,0,4272,3.06,3.33,0,0,5.46,0,1,At-Risk High-Value
2344,58,Male,Clothing,49,Maryland,Summer,4.4,0,2-Day Shipping,0,0,44,PayPal,4,0,8624,8.78,5,0,0,7.93,1,1,Platinum Champions
2345,34,Male,Footwear,92,Rhode Island,Fall,3.5,0,Express,0,0,14,Venmo,1,0,1288,2.65,0,0,0,4.22,0,0,Low-Engagement Casuals
2346,28,Male,Clothing,32,New York,Winter,3.3,0,Express,0,0,23,Bank Transfer,5,0,3680,4.49,6.67,0,0,7.05,1,0,Emerging Devotees
2347,22,Male,Outerwear,67,New Mexico,Winter,3.1,0,Standard,0,0,46,Debit Card,3,0,9246,9.18,3.33,0,0,7.5,1,0,Platinum Champions
2348,37,Male,Accessories,64,California,Fall,4.2,0,Express,0,0,46,Cash,5,0,14720,9.18,6.67,0,0,8.62,1,1,Platinum Champions
2349,54,Male,Footwear,84,Maine,Spring,4.9,0,Next Day Air,0,0,16,PayPal,5,0,6720,3.06,6.67,0,0,6.58,0,1,At-Risk High-Value
2350,65,Male,Clothing,34,New York,Fall,3.9,0,Standard,0,0,40,Credit Card,5,0,6800,7.96,6.67,0,0,8.21,1,1,Platinum Champions
2351,57,Male,Footwear,26,Hawaii,Winter,4.2,0,Free Shipping,0,0,21,Cash,7,0,3822,4.08,10,0,0,8.03,1,1,Emerging Devotees
2352,38,Male,Clothing,50,New Hampshire,Fall,4.9,0,Store Pickup,0,0,25,PayPal,1,0,1250,4.9,0,0,0,4.97,0,1,Low-Engagement Casuals
2353,70,Male,Footwear,46,Nebraska,Fall,2.8,0,Store Pickup,0,0,25,Bank Transfer,6,0,6900,4.9,8.33,0,0,7.74,1,0,Platinum Champions
2354,56,Male,Accessories,71,Montana,Fall,4.1,0,Standard,0,0,25,Debit Card,5,0,8875,4.9,6.67,0,0,7.19,1,1,Platinum Champions
2355,56,Male,Clothing,78,Wisconsin,Summer,4.8,0,Next Day Air,0,0,27,Venmo,4,0,8424,5.31,5,0,0,6.77,0,1,At-Risk High-Value
2356,22,Male,Clothing,35,Tennessee,Winter,4.1,0,Next Day Air,0,0,12,Cash,4,0,1680,2.24,5,0,0,5.75,0,1,Low-Engagement Casuals
2357,57,Male,Accessories,58,Montana,Summer,3,0,Free Shipping,0,0,27,Debit Card,6,0,9396,5.31,8.33,0,0,7.88,1,0,Platinum Champions
2358,53,Male,Clothing,67,Michigan,Fall,4.2,0,2-Day Shipping,0,0,40,Credit Card,1,0,2680,7.96,0,0,0,5.99,0,1,Low-Engagement Casuals
2359,53,Male,Clothing,93,Texas,Spring,3.8,0,Standard,0,0,38,Credit Card,6,0,21204,7.55,8.33,0,0,8.63,1,1,Platinum Champions
2360,19,Male,Accessories,81,Pennsylvania,Spring,3.3,0,2-Day Shipping,0,0,44,Bank Transfer,5,0,17820,8.78,6.67,0,0,8.48,1,0,Platinum Champions
2361,49,Male,Accessories,80,New York,Fall,4.7,0,2-Day Shipping,0,0,27,Venmo,5,0,10800,5.31,6.67,0,0,7.33,1,1,Platinum Champions
2362,44,Male,Accessories,64,Alabama,Spring,4.3,0,2-Day Shipping,0,0,30,Credit Card,5,0,9600,5.92,6.67,0,0,7.53,1,1,Platinum Champions
2363,27,Male,Clothing,41,Virginia,Fall,2.7,0,Standard,0,0,24,Credit Card,4,0,3936,4.69,5,0,0,6.56,0,0,Low-Engagement Casuals
2364,60,Male,Clothing,79,Pennsylvania,Winter,4.2,0,Express,0,0,38,Cash,1,0,3002,7.55,0,0,0,5.85,0,1,Low-Engagement Casuals
2365,62,Male,Accessories,60,Mississippi,Winter,4.2,0,Free Shipping,0,0,4,PayPal,6,0,1440,0.61,8.33,0,0,6.31,0,1,Low-Engagement Casuals
2366,52,Male,Footwear,91,Wyoming,Winter,2.5,0,Next Day Air,0,0,32,Venmo,4,0,11648,6.33,5,0,0,7.11,1,0,Platinum Champions
2367,30,Male,Footwear,66,New Mexico,Winter,3.6,0,Express,0,0,32,Credit Card,3,0,6336,6.33,3.33,0,0,6.55,0,0,At-Risk High-Value
2368,66,Male,Clothing,85,North Dakota,Winter,3.4,0,Standard,0,0,28,Bank Transfer,1,0,2380,5.51,0,0,0,5.17,0,0,Low-Engagement Casuals
2369,29,Male,Accessories,38,New Jersey,Summer,3.3,0,Standard,0,0,6,Debit Card,5,0,1140,1.02,6.67,0,0,5.9,0,0,Low-Engagement Casuals
2370,24,Male,Clothing,23,Vermont,Winter,4.6,0,Standard,0,0,24,PayPal,4,0,2208,4.69,5,0,0,6.56,0,1,Low-Engagement Casuals
2371,51,Male,Footwear,71,Alaska,Spring,3.9,0,Store Pickup,0,0,38,Venmo,2,0,5396,7.55,1.67,0,0,6.41,0,1,At-Risk High-Value
2372,67,Male,Clothing,25,Indiana,Winter,3.7,0,Next Day Air,0,0,28,Debit Card,7,0,4900,5.51,10,0,0,8.5,1,0,Platinum Champions
2373,50,Male,Footwear,39,Alabama,Spring,3.1,0,Express,0,0,9,PayPal,3,0,1053,1.63,3.33,0,0,4.99,0,0,Low-Engagement Casuals
2374,37,Male,Clothing,20,Michigan,Spring,4.9,0,Express,0,0,21,Debit Card,5,0,2100,4.08,6.67,0,0,6.92,0,1,Low-Engagement Casuals
2375,69,Male,Accessories,73,Washington,Winter,4.7,0,Standard,0,0,31,Debit Card,4,0,9052,6.12,5,0,0,7.04,1,1,Platinum Champions
2376,60,Male,Accessories,63,Virginia,Fall,2.9,0,Next Day Air,0,0,18,Credit Card,6,0,6804,3.47,8.33,0,0,7.27,1,0,Platinum Champions
2377,21,Male,Accessories,94,Tennessee,Spring,4.1,0,Express,0,0,5,Cash,2,0,940,0.82,1.67,0,0,4.16,0,1,Low-Engagement Casuals
2378,44,Male,Clothing,94,South Dakota,Fall,4,0,Next Day Air,0,0,22,Cash,7,0,14476,4.29,10,0,0,8.1,1,1,Platinum Champions
2379,26,Male,Accessories,71,New Hampshire,Summer,2.7,0,Store Pickup,0,0,37,PayPal,1,0,2627,7.35,0,0,0,5.78,0,0,Low-Engagement Casuals
2380,40,Male,Accessories,77,South Dakota,Spring,4,0,2-Day Shipping,0,0,22,Debit Card,4,0,6776,4.29,5,0,0,6.43,0,1,At-Risk High-Value
2381,41,Male,Accessories,66,Pennsylvania,Fall,2.5,0,Next Day Air,0,0,36,PayPal,3,0,7128,7.14,3.33,0,0,6.82,0,0,At-Risk High-Value
2382,62,Male,Footwear,23,Wisconsin,Summer,4.5,0,Free Shipping,0,0,23,PayPal,7,0,3703,4.49,10,0,0,8.16,1,1,Emerging Devotees
2383,39,Male,Clothing,60,California,Spring,3.9,0,Express,0,0,44,Debit Card,2,0,5280,8.78,1.67,0,0,6.82,0,1,At-Risk High-Value
2384,53,Male,Accessories,72,Rhode Island,Spring,4.9,0,2-Day Shipping,0,0,25,Bank Transfer,7,0,12600,4.9,10,0,0,8.3,1,1,Platinum Champions
2385,24,Male,Clothing,35,Alabama,Winter,3.3,0,2-Day Shipping,0,0,40,PayPal,6,0,8400,7.96,8.33,0,0,8.76,1,0,Platinum Champions
2386,41,Male,Accessories,31,Oklahoma,Fall,3.8,0,Express,0,0,12,PayPal,2,0,744,2.24,1.67,0,0,4.64,0,1,Low-Engagement Casuals
2387,19,Male,Clothing,33,Illinois,Summer,2.9,0,Standard,0,0,14,Venmo,4,0,1848,2.65,5,0,0,5.88,0,0,Low-Engagement Casuals
2388,36,Male,Accessories,95,Tennessee,Summer,4,0,2-Day Shipping,0,0,14,Debit Card,4,0,5320,2.65,5,0,0,5.88,0,1,At-Risk High-Value
2389,21,Male,Clothing,68,Alabama,Fall,4.1,0,Store Pickup,0,0,10,Debit Card,7,0,4760,1.84,10,0,0,7.28,1,1,Platinum Champions
2390,25,Male,Outerwear,87,Kansas,Spring,3.1,0,Store Pickup,0,0,17,Bank Transfer,5,0,7395,3.27,6.67,0,0,6.65,0,0,At-Risk High-Value
2391,65,Male,Clothing,64,Arizona,Winter,4.6,0,Express,0,0,24,Debit Card,3,0,4608,4.69,3.33,0,0,6.01,0,1,At-Risk High-Value
2392,42,Male,Clothing,74,Michigan,Winter,4.6,0,Next Day Air,0,0,31,Bank Transfer,6,0,13764,6.12,8.33,0,0,8.15,1,1,Platinum Champions
2393,40,Male,Clothing,62,Missouri,Spring,2.6,0,2-Day Shipping,0,0,36,Cash,7,0,15624,7.14,10,0,0,9.05,1,0,Platinum Champions
2394,58,Male,Clothing,97,Louisiana,Winter,5,0,2-Day Shipping,0,0,38,PayPal,5,0,18430,7.55,6.67,0,0,8.07,1,1,Platinum Champions
2395,40,Male,Footwear,47,Connecticut,Fall,2.9,0,2-Day Shipping,0,0,23,Debit Card,3,0,3243,4.49,3.33,0,0,5.94,0,0,Low-Engagement Casuals
2396,62,Male,Clothing,83,Connecticut,Winter,3.5,0,2-Day Shipping,0,0,47,PayPal,1,0,3901,9.39,0,0,0,6.46,0,0,Low-Engagement Casuals
2397,38,Male,Clothing,82,Oregon,Spring,3.7,0,2-Day Shipping,0,0,20,Venmo,2,0,3280,3.88,1.67,0,0,5.18,0,0,Low-Engagement Casuals
2398,37,Male,Accessories,26,West Virginia,Fall,2.9,0,Store Pickup,0,0,41,Venmo,4,0,4264,8.16,5,0,0,7.72,1,0,Platinum Champions
2399,65,Male,Outerwear,81,Florida,Winter,4.3,0,Free Shipping,0,0,44,Bank Transfer,3,0,10692,8.78,3.33,0,0,7.37,1,1,Platinum Champions
2400,55,Male,Clothing,44,New Hampshire,Spring,3.2,0,Store Pickup,0,0,31,Cash,4,0,5456,6.12,5,0,0,7.04,1,0,Platinum Champions
2401,43,Male,Accessories,88,Oregon,Winter,4.2,0,Next Day Air,0,0,11,Credit Card,1,0,968,2.04,0,0,0,4.01,0,1,Low-Engagement Casuals
2402,43,Male,Footwear,76,Oregon,Winter,4.2,0,Standard,0,0,25,PayPal,1,0,1900,4.9,0,0,0,4.97,0,1,Low-Engagement Casuals
2403,45,Male,Accessories,89,Utah,Winter,3.8,0,Free Shipping,0,0,31,Cash,2,0,5518,6.12,1.67,0,0,5.93,0,1,At-Risk High-Value
2404,64,Male,Clothing,22,Missouri,Fall,4.4,0,Standard,0,0,40,Debit Card,2,0,1760,7.96,1.67,0,0,6.54,0,1,Low-Engagement Casuals
2405,28,Male,Clothing,33,West Virginia,Winter,3.1,0,2-Day Shipping,0,0,23,Credit Card,1,0,759,4.49,0,0,0,4.83,0,0,Low-Engagement Casuals
2406,69,Male,Clothing,97,California,Fall,5,0,Standard,0,0,5,Debit Card,6,0,2910,0.82,8.33,0,0,6.38,0,1,Low-Engagement Casuals
2407,54,Male,Accessories,57,California,Winter,4.7,0,Standard,0,0,26,PayPal,2,0,2964,5.1,1.67,0,0,5.59,0,1,Low-Engagement Casuals
2408,52,Male,Clothing,38,Illinois,Summer,3,0,Express,0,0,11,Credit Card,1,0,418,2.04,0,0,0,4.01,0,0,Low-Engagement Casuals
2409,23,Male,Footwear,55,Hawaii,Fall,4.2,0,Next Day Air,0,0,44,Debit Card,5,0,12100,8.78,6.67,0,0,8.48,1,1,Platinum Champions
2410,26,Male,Accessories,37,Washington,Spring,3,0,Store Pickup,0,0,47,Cash,5,0,8695,9.39,6.67,0,0,8.69,1,0,Platinum Champions
2411,48,Male,Footwear,43,Wisconsin,Summer,3.7,0,Free Shipping,0,0,46,PayPal,4,0,7912,9.18,5,0,0,8.06,1,0,Platinum Champions
2412,49,Male,Clothing,96,Virginia,Summer,2.7,0,Free Shipping,0,0,35,Cash,5,0,16800,6.94,6.67,0,0,7.87,1,0,Platinum Champions
2413,53,Male,Outerwear,51,Oregon,Winter,4.3,0,2-Day Shipping,0,0,8,Bank Transfer,1,0,408,1.43,0,0,0,3.81,0,1,Low-Engagement Casuals
2414,69,Male,Clothing,95,Pennsylvania,Fall,2.7,0,2-Day Shipping,0,0,30,Bank Transfer,2,0,5700,5.92,1.67,0,0,5.86,0,0,At-Risk High-Value
2415,26,Male,Clothing,26,Virginia,Summer,3.7,0,Next Day Air,0,0,14,Credit Card,1,0,364,2.65,0,0,0,4.22,0,0,Low-Engagement Casuals
2416,21,Male,Outerwear,34,Hawaii,Fall,4.3,0,Standard,0,0,30,Bank Transfer,2,0,2040,5.92,1.67,0,0,5.86,0,1,Low-Engagement Casuals
2417,59,Male,Footwear,83,Nebraska,Summer,4,0,Next Day Air,0,0,26,Credit Card,5,0,10790,5.1,6.67,0,0,7.26,1,1,Platinum Champions
2418,21,Male,Accessories,24,Alaska,Fall,3.3,0,Standard,0,0,32,Venmo,3,0,2304,6.33,3.33,0,0,6.55,0,0,Low-Engagement Casuals
2419,22,Male,Clothing,69,Michigan,Fall,4,0,Next Day Air,0,0,47,Cash,5,0,16215,9.39,6.67,0,0,8.69,1,1,Platinum Champions
2420,26,Male,Clothing,40,North Carolina,Fall,2.7,0,Next Day Air,0,0,11,Credit Card,5,0,2200,2.04,6.67,0,0,6.24,0,0,Low-Engagement Casuals
2421,41,Male,Outerwear,87,North Carolina,Winter,4.2,0,Free Shipping,0,0,28,PayPal,7,0,17052,5.51,10,0,0,8.5,1,1,Platinum Champions
2422,37,Male,Footwear,46,Minnesota,Spring,4.6,0,Standard,0,0,2,Debit Card,5,0,460,0.2,6.67,0,0,5.62,0,1,Low-Engagement Casuals
2423,30,Male,Accessories,82,Georgia,Winter,4.8,0,Store Pickup,0,0,45,Credit Card,2,0,7380,8.98,1.67,0,0,6.88,0,1,At-Risk High-Value
2424,49,Male,Accessories,81,West Virginia,Summer,2.8,0,Free Shipping,0,0,7,Credit Card,5,0,2835,1.22,6.67,0,0,5.96,0,0,Low-Engagement Casuals
2425,49,Male,Accessories,57,Delaware,Winter,4.5,0,Next Day Air,0,0,28,Bank Transfer,1,0,1596,5.51,0,0,0,5.17,0,1,Low-Engagement Casuals
2426,58,Male,Footwear,49,North Dakota,Summer,3,0,2-Day Shipping,0,0,34,Bank Transfer,6,0,9996,6.73,8.33,0,0,8.35,1,0,Platinum Champions
2427,70,Male,Outerwear,42,Florida,Fall,4.6,0,Free Shipping,0,0,26,Debit Card,5,0,5460,5.1,6.67,0,0,7.26,1,1,Platinum Champions
2428,27,Male,Outerwear,26,Oregon,Spring,3.3,0,Standard,0,0,45,Cash,6,0,7020,8.98,8.33,0,0,9.1,1,0,Platinum Champions
2429,65,Male,Clothing,38,Idaho,Spring,4.4,0,Next Day Air,0,0,34,Debit Card,7,0,9044,6.73,10,0,0,8.91,1,1,Platinum Champions
2430,57,Male,Footwear,57,Virginia,Summer,4.4,0,Standard,0,0,47,Credit Card,3,0,8037,9.39,3.33,0,0,7.57,1,1,Platinum Champions
2431,20,Male,Outerwear,100,North Dakota,Summer,4.3,0,Express,0,0,42,Cash,6,0,25200,8.37,8.33,0,0,8.9,1,1,Platinum Champions
2432,34,Male,Clothing,73,Alabama,Fall,3.4,0,Express,0,0,27,Bank Transfer,5,0,9855,5.31,6.67,0,0,7.33,1,0,Platinum Champions
2433,59,Male,Outerwear,66,Hawaii,Winter,2.8,0,Store Pickup,0,0,43,Venmo,4,0,11352,8.57,5,0,0,7.86,1,0,Platinum Champions
2434,54,Male,Clothing,73,Oregon,Spring,3.4,0,Standard,0,0,16,Cash,1,0,1168,3.06,0,0,0,4.35,0,0,Low-Engagement Casuals
2435,36,Male,Accessories,45,Utah,Spring,5,0,Store Pickup,0,0,40,Credit Card,4,0,7200,7.96,5,0,0,7.65,1,1,Platinum Champions
2436,21,Male,Footwear,27,Hawaii,Fall,4.5,0,Free Shipping,0,0,29,Cash,1,0,783,5.71,0,0,0,5.24,0,1,Low-Engagement Casuals
2437,52,Male,Clothing,24,Connecticut,Fall,2.7,0,Store Pickup,0,0,38,Credit Card,6,0,5472,7.55,8.33,0,0,8.63,1,0,Platinum Champions
2438,43,Male,Footwear,59,Wyoming,Winter,3.4,0,Store Pickup,0,0,34,Credit Card,2,0,4012,6.73,1.67,0,0,6.13,0,0,Low-Engagement Casuals
2439,32,Male,Clothing,20,Delaware,Winter,3.4,0,Express,0,0,30,Venmo,2,0,1200,5.92,1.67,0,0,5.86,0,0,Low-Engagement Casuals
2440,55,Male,Accessories,44,Arkansas,Summer,2.8,0,Standard,0,0,45,Bank Transfer,7,0,13860,8.98,10,0,0,9.66,1,0,Platinum Champions
2441,31,Male,Clothing,90,Indiana,Spring,4.7,0,Standard,0,0,47,Bank Transfer,7,0,29610,9.39,10,0,0,9.8,1,1,Platinum Champions
2442,45,Male,Accessories,36,California,Fall,4.7,0,Free Shipping,0,0,5,Credit Card,4,0,720,0.82,5,0,0,5.27,0,1,Low-Engagement Casuals
2443,53,Male,Clothing,95,Wyoming,Winter,4.7,0,Free Shipping,0,0,50,Debit Card,1,0,4750,10,0,0,0,6.67,0,1,At-Risk High-Value
2444,24,Male,Accessories,30,South Dakota,Spring,3.4,0,2-Day Shipping,0,0,24,Bank Transfer,1,0,720,4.69,0,0,0,4.9,0,0,Low-Engagement Casuals
2445,47,Male,Accessories,65,West Virginia,Fall,3.7,0,Express,0,0,15,Debit Card,1,0,975,2.86,0,0,0,4.29,0,0,Low-Engagement Casuals
2446,63,Male,Accessories,96,Tennessee,Summer,4.1,0,Store Pickup,0,0,50,Cash,2,0,9600,10,1.67,0,0,7.22,1,1,Platinum Champions
2447,38,Male,Clothing,65,Alaska,Spring,2.9,0,2-Day Shipping,0,0,7,Credit Card,4,0,1820,1.22,5,0,0,5.41,0,0,Low-Engagement Casuals
2448,59,Male,Clothing,47,South Dakota,Fall,3.2,0,Store Pickup,0,0,10,Venmo,3,0,1410,1.84,3.33,0,0,5.06,0,0,Low-Engagement Casuals
2449,54,Male,Accessories,25,Tennessee,Fall,3,0,Free Shipping,0,0,38,PayPal,1,0,950,7.55,0,0,0,5.85,0,0,Low-Engagement Casuals
2450,26,Male,Outerwear,56,Alabama,Fall,4.1,0,Express,0,0,31,Venmo,3,0,5208,6.12,3.33,0,0,6.48,0,1,At-Risk High-Value
2451,68,Male,Clothing,76,North Carolina,Fall,4.5,0,Standard,0,0,7,Venmo,6,0,3192,1.22,8.33,0,0,6.52,0,1,Low-Engagement Casuals
2452,41,Male,Clothing,60,Oklahoma,Fall,3.4,0,Store Pickup,0,0,27,Venmo,4,0,6480,5.31,5,0,0,6.77,0,0,At-Risk High-Value
2453,68,Male,Clothing,67,New York,Winter,4.1,0,Express,0,0,45,Bank Transfer,5,0,15075,8.98,6.67,0,0,8.55,1,1,Platinum Champions
2454,21,Male,Clothing,95,Iowa,Spring,4.6,0,Store Pickup,0,0,13,Cash,7,0,8645,2.45,10,0,0,7.48,1,1,Platinum Champions
2455,32,Male,Accessories,72,Alaska,Winter,4.6,0,Express,0,0,33,Venmo,7,0,16632,6.53,10,0,0,8.84,1,1,Platinum Champions
2456,20,Male,Accessories,98,Alaska,Spring,3.4,0,Express,0,0,25,Cash,5,0,12250,4.9,6.67,0,0,7.19,1,0,Platinum Champions
2457,59,Male,Clothing,83,Nebraska,Winter,3.3,0,2-Day Shipping,0,0,5,PayPal,4,0,1660,0.82,5,0,0,5.27,0,0,Low-Engagement Casuals
2458,53,Male,Accessories,37,Delaware,Fall,3.6,0,2-Day Shipping,0,0,23,Cash,6,0,5106,4.49,8.33,0,0,7.61,1,0,Platinum Champions
2459,66,Male,Clothing,85,Texas,Fall,4.6,0,Free Shipping,0,0,17,Bank Transfer,2,0,2890,3.27,1.67,0,0,4.98,0,1,Low-Engagement Casuals
2460,47,Male,Clothing,36,Missouri,Fall,4.3,0,2-Day Shipping,0,0,14,Cash,2,0,1008,2.65,1.67,0,0,4.77,0,1,Low-Engagement Casuals
2461,58,Male,Clothing,36,Maine,Winter,4,0,Store Pickup,0,0,28,Credit Card,7,0,7056,5.51,10,0,0,8.5,1,1,Platinum Champions
2462,28,Male,Accessories,86,Pennsylvania,Summer,4.8,0,Next Day Air,0,0,19,Credit Card,2,0,3268,3.67,1.67,0,0,5.11,0,1,Low-Engagement Casuals
2463,68,Male,Clothing,99,Missouri,Spring,4.3,0,Standard,0,0,31,Bank Transfer,1,0,3069,6.12,0,0,0,5.37,0,1,Low-Engagement Casuals
2464,60,Male,Clothing,21,Mississippi,Summer,3.3,0,Standard,0,0,25,Cash,1,0,525,4.9,0,0,0,4.97,0,0,Low-Engagement Casuals
2465,47,Male,Outerwear,84,Hawaii,Winter,2.8,0,Express,0,0,4,Cash,1,0,336,0.61,0,0,0,3.54,0,0,Low-Engagement Casuals
2466,18,Male,Footwear,63,Texas,Spring,4.4,0,Free Shipping,0,0,20,Bank Transfer,2,0,2520,3.88,1.67,0,0,5.18,0,1,Low-Engagement Casuals
2467,32,Male,Clothing,84,South Dakota,Summer,3.7,0,Express,0,0,37,Cash,7,0,21756,7.35,10,0,0,9.12,1,0,Platinum Champions
2468,27,Male,Clothing,72,New Jersey,Spring,3.6,0,Express,0,0,28,Credit Card,7,0,14112,5.51,10,0,0,8.5,1,0,Platinum Champions
2469,65,Male,Clothing,21,Connecticut,Winter,3.7,0,2-Day Shipping,0,0,6,Venmo,2,0,252,1.02,1.67,0,0,4.23,0,0,Low-Engagement Casuals
2470,68,Male,Footwear,92,Maryland,Fall,5,0,Standard,0,0,27,PayPal,7,0,17388,5.31,10,0,0,8.44,1,1,Platinum Champions
2471,55,Male,Clothing,72,Arizona,Fall,2.7,0,Next Day Air,0,0,29,Credit Card,3,0,6264,5.71,3.33,0,0,6.35,0,0,At-Risk High-Value
2472,30,Male,Footwear,83,Oklahoma,Spring,4.3,0,Store Pickup,0,0,1,Cash,7,0,581,0,10,0,0,6.67,0,1,Low-Engagement Casuals
2473,24,Male,Clothing,73,Utah,Summer,4.1,0,Standard,0,0,31,Credit Card,7,0,15841,6.12,10,0,0,8.71,1,1,Platinum Champions
2474,57,Male,Clothing,98,Arkansas,Winter,2.6,0,Next Day Air,0,0,28,Cash,6,0,16464,5.51,8.33,0,0,7.95,1,0,Platinum Champions
2475,23,Male,Clothing,76,North Carolina,Fall,3.2,0,Store Pickup,0,0,19,Bank Transfer,6,0,8664,3.67,8.33,0,0,7.33,1,0,Platinum Champions
2476,69,Male,Clothing,43,California,Summer,3.5,0,Next Day Air,0,0,36,Venmo,4,0,6192,7.14,5,0,0,7.38,1,0,Platinum Champions
2477,60,Male,Accessories,60,Colorado,Summer,3.7,0,Next Day Air,0,0,28,Cash,4,0,6720,5.51,5,0,0,6.84,0,0,At-Risk High-Value
2478,25,Male,Accessories,40,California,Spring,3.8,0,2-Day Shipping,0,0,29,PayPal,2,0,2320,5.71,1.67,0,0,5.79,0,1,Low-Engagement Casuals
2479,18,Male,Clothing,93,Vermont,Winter,4.8,0,2-Day Shipping,0,0,9,Bank Transfer,5,0,4185,1.63,6.67,0,0,6.1,0,1,Low-Engagement Casuals
2480,37,Male,Clothing,98,Kansas,Fall,4.2,0,Standard,0,0,26,Credit Card,5,0,12740,5.1,6.67,0,0,7.26,1,1,Platinum Champions
2481,61,Male,Clothing,91,Ohio,Summer,2.9,0,Next Day Air,0,0,7,Credit Card,3,0,1911,1.22,3.33,0,0,4.85,0,0,Low-Engagement Casuals
2482,41,Male,Accessories,92,New Jersey,Fall,2.9,0,Free Shipping,0,0,35,Debit Card,2,0,6440,6.94,1.67,0,0,6.2,0,0,At-Risk High-Value
2483,69,Male,Accessories,87,Arizona,Winter,4.8,0,Next Day Air,0,0,46,Credit Card,5,0,20010,9.18,6.67,0,0,8.62,1,1,Platinum Champions
2484,32,Male,Clothing,96,Arizona,Fall,2.9,0,Standard,0,0,8,Debit Card,4,0,3072,1.43,5,0,0,5.48,0,0,Low-Engagement Casuals
2485,60,Male,Clothing,97,New Hampshire,Summer,4.8,0,2-Day Shipping,0,0,50,Cash,5,0,24250,10,6.67,0,0,8.89,1,1,Platinum Champions
2486,43,Male,Clothing,55,Louisiana,Spring,4.6,0,2-Day Shipping,0,0,37,Bank Transfer,7,0,14245,7.35,10,0,0,9.12,1,1,Platinum Champions
2487,61,Male,Clothing,58,Texas,Spring,4.4,0,Store Pickup,0,0,6,Credit Card,3,0,1044,1.02,3.33,0,0,4.78,0,1,Low-Engagement Casuals
2488,57,Male,Footwear,21,Montana,Spring,3,0,Next Day Air,0,0,16,PayPal,1,0,336,3.06,0,0,0,4.35,0,0,Low-Engagement Casuals
2489,56,Male,Accessories,82,New Hampshire,Summer,4.4,0,Express,0,0,30,PayPal,4,0,9840,5.92,5,0,0,6.97,0,1,At-Risk High-Value
2490,66,Male,Outerwear,34,South Dakota,Winter,3.9,0,Express,0,0,50,Venmo,6,0,10200,10,8.33,0,0,9.44,1,1,Platinum Champions
2491,52,Male,Clothing,78,Montana,Spring,4,0,Free Shipping,0,0,5,Cash,5,0,1950,0.82,6.67,0,0,5.83,0,1,Low-Engagement Casuals
2492,63,Male,Accessories,47,North Carolina,Spring,2.5,0,Express,0,0,15,Bank Transfer,4,0,2820,2.86,5,0,0,5.95,0,0,Low-Engagement Casuals
2493,50,Male,Accessories,96,South Dakota,Summer,4.1,0,Next Day Air,0,0,34,Bank Transfer,1,0,3264,6.73,0,0,0,5.58,0,1,Low-Engagement Casuals
2494,21,Male,Clothing,23,Maine,Fall,4.8,0,2-Day Shipping,0,0,6,Venmo,5,0,690,1.02,6.67,0,0,5.9,0,1,Low-Engagement Casuals
2495,42,Male,Footwear,27,Oklahoma,Winter,2.6,0,Store Pickup,0,0,26,Debit Card,7,0,4914,5.1,10,0,0,8.37,1,0,Platinum Champions
2496,40,Male,Accessories,37,Nebraska,Spring,3.1,0,Free Shipping,0,0,34,Credit Card,5,0,6290,6.73,6.67,0,0,7.8,1,0,Platinum Champions
2497,67,Male,Accessories,79,Illinois,Summer,3.2,0,Store Pickup,0,0,37,Credit Card,2,0,5846,7.35,1.67,0,0,6.34,0,0,At-Risk High-Value
2498,35,Male,Accessories,40,Colorado,Summer,4.2,0,Standard,0,0,28,Bank Transfer,7,0,7840,5.51,10,0,0,8.5,1,1,Platinum Champions
2499,18,Male,Outerwear,39,Massachusetts,Fall,2.6,0,Next Day Air,0,0,38,Cash,3,0,4446,7.55,3.33,0,0,6.96,0,0,At-Risk High-Value
2500,52,Male,Clothing,73,Louisiana,Summer,3.1,0,Next Day Air,0,0,2,Cash,6,0,876,0.2,8.33,0,0,6.18,0,0,Low-Engagement Casuals
2501,59,Male,Accessories,84,Massachusetts,Fall,2.9,0,Store Pickup,0,0,32,Cash,1,0,2688,6.33,0,0,0,5.44,0,0,Low-Engagement Casuals
2502,49,Male,Clothing,94,West Virginia,Fall,4.6,0,Free Shipping,0,0,30,Venmo,1,0,2820,5.92,0,0,0,5.31,0,1,Low-Engagement Casuals
2503,46,Male,Clothing,47,Idaho,Spring,4.1,0,Standard,0,0,17,PayPal,5,0,3995,3.27,6.67,0,0,6.65,0,1,Low-Engagement Casuals
2504,69,Male,Footwear,77,Ohio,Summer,2.5,0,Store Pickup,0,0,5,Debit Card,1,0,385,0.82,0,0,0,3.61,0,0,Low-Engagement Casuals
2505,56,Male,Clothing,94,Rhode Island,Winter,4,0,Store Pickup,0,0,31,Cash,1,0,2914,6.12,0,0,0,5.37,0,1,Low-Engagement Casuals
2506,27,Male,Accessories,75,Illinois,Summer,3.5,0,Express,0,0,43,PayPal,6,0,19350,8.57,8.33,0,0,8.97,1,0,Platinum Champions
2507,57,Male,Clothing,82,New York,Spring,4.4,0,Free Shipping,0,0,19,Venmo,7,0,10906,3.67,10,0,0,7.89,1,1,Platinum Champions
2508,58,Male,Footwear,36,Louisiana,Fall,2.9,0,Store Pickup,0,0,32,Credit Card,5,0,5760,6.33,6.67,0,0,7.67,1,0,Platinum Champions
2509,23,Male,Footwear,90,California,Spring,3.1,0,2-Day Shipping,0,0,5,Debit Card,1,0,450,0.82,0,0,0,3.61,0,0,Low-Engagement Casuals
2510,19,Male,Clothing,48,Washington,Spring,4.4,0,Free Shipping,0,0,9,Bank Transfer,6,0,2592,1.63,8.33,0,0,6.65,0,1,Low-Engagement Casuals
2511,40,Male,Outerwear,42,South Dakota,Winter,4.4,0,Standard,0,0,48,Credit Card,2,0,4032,9.59,1.67,0,0,7.09,1,1,Emerging Devotees
2512,54,Male,Accessories,33,Idaho,Summer,2.7,0,Store Pickup,0,0,1,PayPal,6,0,198,0,8.33,0,0,6.11,0,0,Low-Engagement Casuals
2513,50,Male,Clothing,63,North Dakota,Summer,4.9,0,Free Shipping,0,0,20,Credit Card,4,0,5040,3.88,5,0,0,6.29,0,1,At-Risk High-Value
2514,69,Male,Accessories,53,Washington,Winter,3.5,0,2-Day Shipping,0,0,42,Cash,7,0,15582,8.37,10,0,0,9.46,1,0,Platinum Champions
2515,42,Male,Accessories,37,Alaska,Spring,4.8,0,Free Shipping,0,0,45,PayPal,1,0,1665,8.98,0,0,0,6.33,0,1,Low-Engagement Casuals
2516,37,Male,Clothing,92,Kansas,Summer,4.2,0,2-Day Shipping,0,0,41,Cash,4,0,15088,8.16,5,0,0,7.72,1,1,Platinum Champions
2517,46,Male,Clothing,73,Utah,Spring,4.6,0,Standard,0,0,36,Debit Card,6,0,15768,7.14,8.33,0,0,8.49,1,1,Platinum Champions
2518,64,Male,Clothing,38,Wyoming,Spring,2.9,0,Standard,0,0,10,Venmo,7,0,2660,1.84,10,0,0,7.28,1,0,Emerging Devotees
2519,20,Male,Footwear,51,Maine,Fall,4,0,Store Pickup,0,0,31,Venmo,7,0,11067,6.12,10,0,0,8.71,1,1,Platinum Champions
2520,40,Male,Outerwear,90,Michigan,Spring,4.9,0,Standard,0,0,21,Credit Card,6,0,11340,4.08,8.33,0,0,7.47,1,1,Platinum Champions
2521,64,Male,Outerwear,56,Illinois,Summer,3.1,0,Next Day Air,0,0,16,Cash,5,0,4480,3.06,6.67,0,0,6.58,0,0,At-Risk High-Value
2522,29,Male,Accessories,33,Minnesota,Fall,4.4,0,Standard,0,0,18,PayPal,5,0,2970,3.47,6.67,0,0,6.71,0,1,Low-Engagement Casuals
2523,20,Male,Accessories,53,Massachusetts,Winter,2.5,0,2-Day Shipping,0,0,20,Debit Card,2,0,2120,3.88,1.67,0,0,5.18,0,0,Low-Engagement Casuals
2524,43,Male,Accessories,24,New Jersey,Spring,3.4,0,Express,0,0,21,Bank Transfer,7,0,3528,4.08,10,0,0,8.03,1,0,Emerging Devotees
2525,60,Male,Outerwear,59,Kansas,Spring,3.7,0,Express,0,0,23,Credit Card,6,0,8142,4.49,8.33,0,0,7.61,1,0,Platinum Champions
2526,39,Male,Clothing,72,Kentucky,Winter,4.2,0,Standard,0,0,20,PayPal,2,0,2880,3.88,1.67,0,0,5.18,0,1,Low-Engagement Casuals
2527,47,Male,Clothing,28,Rhode Island,Spring,3.4,0,Express,0,0,30,PayPal,1,0,840,5.92,0,0,0,5.31,0,0,Low-Engagement Casuals
2528,19,Male,Clothing,36,Illinois,Fall,3.6,0,Express,0,0,33,Bank Transfer,5,0,5940,6.53,6.67,0,0,7.73,1,0,Platinum Champions
2529,52,Male,Accessories,47,Alabama,Fall,4.7,0,2-Day Shipping,0,0,31,Debit Card,4,0,5828,6.12,5,0,0,7.04,1,1,Platinum Champions
2530,34,Male,Accessories,62,Tennessee,Spring,4.7,0,Next Day Air,0,0,48,Bank Transfer,4,0,11904,9.59,5,0,0,8.2,1,1,Platinum Champions
2531,25,Male,Clothing,98,Massachusetts,Spring,3.6,0,Free Shipping,0,0,28,Debit Card,2,0,5488,5.51,1.67,0,0,5.73,0,0,At-Risk High-Value
2532,43,Male,Footwear,28,Texas,Summer,4.6,0,Free Shipping,0,0,7,Cash,5,0,980,1.22,6.67,0,0,5.96,0,1,Low-Engagement Casuals
2533,55,Male,Clothing,86,Nebraska,Summer,2.6,0,Next Day Air,0,0,4,Debit Card,2,0,688,0.61,1.67,0,0,4.09,0,0,Low-Engagement Casuals
2534,66,Male,Accessories,46,Pennsylvania,Summer,3.1,0,Standard,0,0,49,Cash,1,0,2254,9.8,0,0,0,6.6,0,0,Low-Engagement Casuals
2535,41,Male,Accessories,42,Virginia,Fall,3.2,0,Free Shipping,0,0,22,Cash,2,0,1848,4.29,1.67,0,0,5.32,0,0,Low-Engagement Casuals
2536,47,Male,Outerwear,80,Vermont,Winter,3.9,0,Express,0,0,39,Bank Transfer,3,0,9360,7.76,3.33,0,0,7.03,1,1,Platinum Champions
2537,51,Male,Accessories,39,Oklahoma,Spring,4.9,0,Express,0,0,45,PayPal,5,0,8775,8.98,6.67,0,0,8.55,1,1,Platinum Champions
2538,44,Male,Outerwear,49,Maine,Summer,4.1,0,2-Day Shipping,0,0,30,PayPal,3,0,4410,5.92,3.33,0,0,6.42,0,1,At-Risk High-Value
2539,18,Male,Accessories,32,New Jersey,Summer,4.2,0,Next Day Air,0,0,33,Credit Card,1,0,1056,6.53,0,0,0,5.51,0,1,Low-Engagement Casuals
2540,33,Male,Footwear,73,Massachusetts,Fall,4.1,0,Next Day Air,0,0,24,Cash,1,0,1752,4.69,0,0,0,4.9,0,1,Low-Engagement Casuals
2541,24,Male,Accessories,42,New Jersey,Summer,3.9,0,Free Shipping,0,0,11,Debit Card,6,0,2772,2.04,8.33,0,0,6.79,0,1,Low-Engagement Casuals
2542,33,Male,Accessories,58,Washington,Spring,2.7,0,Next Day Air,0,0,13,Venmo,5,0,3770,2.45,6.67,0,0,6.37,0,0,Low-Engagement Casuals
2543,61,Male,Accessories,22,Arkansas,Winter,3.7,0,Express,0,0,27,PayPal,7,0,4158,5.31,10,0,0,8.44,1,0,Emerging Devotees
2544,27,Male,Accessories,56,West Virginia,Spring,2.7,0,Next Day Air,0,0,30,PayPal,1,0,1680,5.92,0,0,0,5.31,0,0,Low-Engagement Casuals
2545,46,Male,Clothing,70,Delaware,Spring,2.5,0,Next Day Air,0,0,39,Venmo,6,0,16380,7.76,8.33,0,0,8.7,1,0,Platinum Champions
2546,38,Male,Footwear,50,Texas,Spring,3.9,0,Free Shipping,0,0,10,Debit Card,7,0,3500,1.84,10,0,0,7.28,1,1,Emerging Devotees
2547,63,Male,Footwear,21,Texas,Summer,3,0,Express,0,0,4,Credit Card,6,0,504,0.61,8.33,0,0,6.31,0,0,Low-Engagement Casuals
2548,47,Male,Outerwear,97,Mississippi,Summer,3.2,0,2-Day Shipping,0,0,16,Cash,2,0,3104,3.06,1.67,0,0,4.91,0,0,Low-Engagement Casuals
2549,42,Male,Accessories,63,Texas,Winter,3.8,0,Standard,0,0,34,Credit Card,4,0,8568,6.73,5,0,0,7.24,1,1,Platinum Champions
2550,41,Male,Outerwear,60,Virginia,Fall,2.7,0,Standard,0,0,11,Debit Card,5,0,3300,2.04,6.67,0,0,6.24,0,0,Low-Engagement Casuals
2551,53,Male,Footwear,52,New Hampshire,Fall,3,0,Store Pickup,0,0,30,Debit Card,3,0,4680,5.92,3.33,0,0,6.42,0,0,At-Risk High-Value
2552,29,Male,Footwear,32,Minnesota,Winter,4.1,0,Next Day Air,0,0,40,Debit Card,7,0,8960,7.96,10,0,0,9.32,1,1,Platinum Champions
2553,61,Male,Accessories,48,Maryland,Spring,3.2,0,2-Day Shipping,0,0,13,Credit Card,7,0,4368,2.45,10,0,0,7.48,1,0,Platinum Champions
2554,69,Male,Accessories,25,Vermont,Summer,4.5,0,Store Pickup,0,0,28,Venmo,5,0,3500,5.51,6.67,0,0,7.39,1,1,Emerging Devotees
2555,51,Male,Accessories,68,Kansas,Summer,4.3,0,Store Pickup,0,0,49,Debit Card,1,0,3332,9.8,0,0,0,6.6,0,1,Low-Engagement Casuals
2556,24,Male,Clothing,74,Idaho,Fall,3.5,0,Standard,0,0,23,Credit Card,2,0,3404,4.49,1.67,0,0,5.39,0,0,Low-Engagement Casuals
2557,24,Male,Clothing,88,Montana,Fall,3.1,0,Standard,0,0,4,Bank Transfer,6,0,2112,0.61,8.33,0,0,6.31,0,0,Low-Engagement Casuals
2558,70,Male,Clothing,23,Oklahoma,Spring,3.9,0,Standard,0,0,17,PayPal,3,0,1173,3.27,3.33,0,0,5.53,0,1,Low-Engagement Casuals
2559,49,Male,Clothing,32,California,Fall,2.7,0,Express,0,0,24,PayPal,3,0,2304,4.69,3.33,0,0,6.01,0,0,Low-Engagement Casuals
2560,48,Male,Accessories,71,Mississippi,Winter,4,0,Free Shipping,0,0,21,Debit Card,5,0,7455,4.08,6.67,0,0,6.92,0,1,At-Risk High-Value
2561,58,Male,Footwear,62,California,Spring,2.7,0,Next Day Air,0,0,17,Debit Card,1,0,1054,3.27,0,0,0,4.42,0,0,Low-Engagement Casuals
2562,32,Male,Clothing,20,New York,Spring,2.7,0,Free Shipping,0,0,22,Debit Card,6,0,2640,4.29,8.33,0,0,7.54,1,0,Emerging Devotees
2563,57,Male,Clothing,62,Arizona,Spring,4.7,0,Standard,0,0,27,Cash,3,0,5022,5.31,3.33,0,0,6.21,0,1,At-Risk High-Value
2564,69,Male,Accessories,81,Massachusetts,Winter,4.5,0,Standard,0,0,1,Venmo,5,0,405,0,6.67,0,0,5.56,0,1,Low-Engagement Casuals
2565,42,Male,Accessories,90,Kentucky,Winter,3,0,2-Day Shipping,0,0,27,Bank Transfer,2,0,4860,5.31,1.67,0,0,5.66,0,0,At-Risk High-Value
2566,30,Male,Clothing,43,Vermont,Fall,3.6,0,Store Pickup,0,0,8,Venmo,6,0,2064,1.43,8.33,0,0,6.59,0,0,Low-Engagement Casuals
2567,35,Male,Accessories,38,Missouri,Fall,3.3,0,Standard,0,0,43,PayPal,6,0,9804,8.57,8.33,0,0,8.97,1,0,Platinum Champions
2568,19,Male,Accessories,25,Michigan,Spring,4.3,0,Store Pickup,0,0,24,Cash,3,0,1800,4.69,3.33,0,0,6.01,0,1,Low-Engagement Casuals
2569,52,Male,Clothing,98,Texas,Winter,4.3,0,Express,0,0,29,PayPal,3,0,8526,5.71,3.33,0,0,6.35,0,1,At-Risk High-Value
2570,42,Male,Clothing,75,New York,Spring,4.8,0,Free Shipping,0,0,10,Bank Transfer,1,0,750,1.84,0,0,0,3.95,0,1,Low-Engagement Casuals
2571,36,Male,Footwear,27,New Mexico,Spring,4,0,Store Pickup,0,0,12,PayPal,3,0,972,2.24,3.33,0,0,5.19,0,1,Low-Engagement Casuals
2572,45,Male,Accessories,27,Mississippi,Winter,3.5,0,Standard,0,0,48,Cash,3,0,3888,9.59,3.33,0,0,7.64,1,0,Emerging Devotees
2573,54,Male,Clothing,42,Washington,Fall,3.9,0,Next Day Air,0,0,40,Bank Transfer,6,0,10080,7.96,8.33,0,0,8.76,1,1,Platinum Champions
2574,54,Male,Clothing,90,New Mexico,Summer,4.4,0,Store Pickup,0,0,1,Bank Transfer,7,0,630,0,10,0,0,6.67,0,1,Low-Engagement Casuals
2575,27,Male,Accessories,63,Florida,Summer,4.6,0,2-Day Shipping,0,0,26,Credit Card,3,0,4914,5.1,3.33,0,0,6.14,0,1,At-Risk High-Value
2576,53,Male,Clothing,96,Minnesota,Fall,4,0,Express,0,0,9,PayPal,7,0,6048,1.63,10,0,0,7.21,1,1,Platinum Champions
2577,20,Male,Clothing,40,New Hampshire,Winter,4.2,0,Free Shipping,0,0,19,Debit Card,6,0,4560,3.67,8.33,0,0,7.33,1,1,Platinum Champions
2578,52,Male,Clothing,39,Minnesota,Fall,4.5,0,Next Day Air,0,0,37,Bank Transfer,4,0,5772,7.35,5,0,0,7.45,1,1,Platinum Champions
2579,54,Male,Accessories,48,Vermont,Fall,3.9,0,Free Shipping,0,0,3,Cash,6,0,864,0.41,8.33,0,0,6.25,0,1,Low-Engagement Casuals
2580,65,Male,Clothing,20,Minnesota,Summer,3.7,0,Express,0,0,40,Venmo,2,0,1600,7.96,1.67,0,0,6.54,0,0,Low-Engagement Casuals
2581,43,Male,Clothing,29,Massachusetts,Summer,3.6,0,Store Pickup,0,0,13,Bank Transfer,6,0,2262,2.45,8.33,0,0,6.93,0,0,Low-Engagement Casuals
2582,57,Male,Clothing,81,Wyoming,Winter,4.7,0,Express,0,0,48,Credit Card,4,0,15552,9.59,5,0,0,8.2,1,1,Platinum Champions
2583,19,Male,Clothing,98,South Dakota,Fall,3.6,0,2-Day Shipping,0,0,4,Venmo,5,0,1960,0.61,6.67,0,0,5.76,0,0,Low-Engagement Casuals
2584,69,Male,Clothing,93,Oklahoma,Fall,2.5,0,Next Day Air,0,0,9,Cash,2,0,1674,1.63,1.67,0,0,4.43,0,0,Low-Engagement Casuals
2585,26,Male,Clothing,30,Florida,Summer,2.9,0,Store Pickup,0,0,26,Bank Transfer,1,0,780,5.1,0,0,0,5.03,0,0,Low-Engagement Casuals
2586,57,Male,Accessories,37,Wisconsin,Fall,4.4,0,Free Shipping,0,0,19,Debit Card,2,0,1406,3.67,1.67,0,0,5.11,0,1,Low-Engagement Casuals
2587,20,Male,Outerwear,28,Maine,Winter,4.6,0,Express,0,0,1,Credit Card,5,0,140,0,6.67,0,0,5.56,0,1,Low-Engagement Casuals
2588,55,Male,Accessories,29,Connecticut,Winter,3.7,0,Express,0,0,29,PayPal,5,0,4205,5.71,6.67,0,0,7.46,1,0,Emerging Devotees
2589,44,Male,Accessories,49,Delaware,Summer,3.2,0,Free Shipping,0,0,38,Venmo,1,0,1862,7.55,0,0,0,5.85,0,0,Low-Engagement Casuals
2590,52,Male,Clothing,53,North Dakota,Winter,4.9,0,2-Day Shipping,0,0,31,PayPal,7,0,11501,6.12,10,0,0,8.71,1,1,Platinum Champions
2591,57,Male,Accessories,66,California,Summer,5,0,Free Shipping,0,0,35,Venmo,7,0,16170,6.94,10,0,0,8.98,1,1,Platinum Champions
2592,40,Male,Outerwear,61,New Mexico,Spring,3.3,0,Express,0,0,40,Cash,6,0,14640,7.96,8.33,0,0,8.76,1,0,Platinum Champions
2593,23,Male,Clothing,23,Iowa,Summer,4.4,0,Store Pickup,0,0,13,Venmo,6,0,1794,2.45,8.33,0,0,6.93,0,1,Low-Engagement Casuals
2594,36,Male,Clothing,36,Colorado,Fall,4.7,0,Store Pickup,0,0,9,Bank Transfer,5,0,1620,1.63,6.67,0,0,6.1,0,1,Low-Engagement Casuals
2595,59,Male,Clothing,81,Montana,Fall,3.6,0,Free Shipping,0,0,25,Cash,5,0,10125,4.9,6.67,0,0,7.19,1,0,Platinum Champions
2596,29,Male,Clothing,56,Iowa,Summer,3.2,0,Free Shipping,0,0,3,Bank Transfer,1,0,168,0.41,0,0,0,3.47,0,0,Low-Engagement Casuals
2597,63,Male,Clothing,78,Louisiana,Spring,3,0,Next Day Air,0,0,35,Credit Card,4,0,10920,6.94,5,0,0,7.31,1,0,Platinum Champions
2598,60,Male,Accessories,25,Alabama,Summer,4.4,0,Store Pickup,0,0,13,Venmo,1,0,325,2.45,0,0,0,4.15,0,1,Low-Engagement Casuals
2599,64,Male,Accessories,86,Nevada,Fall,3.3,0,Express,0,0,31,Debit Card,7,0,18662,6.12,10,0,0,8.71,1,0,Platinum Champions
2600,63,Male,Accessories,99,Vermont,Winter,3.4,0,Express,0,0,48,Credit Card,4,0,19008,9.59,5,0,0,8.2,1,0,Platinum Champions
2601,21,Male,Accessories,83,New York,Fall,3.9,0,Express,0,0,6,Bank Transfer,1,0,498,1.02,0,0,0,3.67,0,1,Low-Engagement Casuals
2602,61,Male,Clothing,33,Mississippi,Winter,2.9,0,Store Pickup,0,0,43,Cash,4,0,5676,8.57,5,0,0,7.86,1,0,Platinum Champions
2603,65,Male,Outerwear,44,South Carolina,Fall,2.9,0,Free Shipping,0,0,1,Venmo,6,0,264,0,8.33,0,0,6.11,0,0,Low-Engagement Casuals
2604,69,Male,Clothing,58,Washington,Spring,2.7,0,2-Day Shipping,0,0,8,Cash,7,0,3248,1.43,10,0,0,7.14,1,0,Emerging Devotees
2605,47,Male,Clothing,54,Colorado,Spring,3.4,0,Store Pickup,0,0,6,Debit Card,2,0,648,1.02,1.67,0,0,4.23,0,0,Low-Engagement Casuals
2606,41,Male,Clothing,93,Nevada,Spring,3.7,0,2-Day Shipping,0,0,32,Venmo,3,0,8928,6.33,3.33,0,0,6.55,0,0,At-Risk High-Value
2607,68,Male,Footwear,98,Nevada,Spring,4.7,0,Standard,0,0,46,Bank Transfer,1,0,4508,9.18,0,0,0,6.39,0,1,At-Risk High-Value
2608,41,Male,Footwear,36,Oklahoma,Spring,3.1,0,Express,0,0,38,PayPal,5,0,6840,7.55,6.67,0,0,8.07,1,0,Platinum Champions
2609,42,Male,Outerwear,68,Mississippi,Fall,4.2,0,2-Day Shipping,0,0,48,Credit Card,3,0,9792,9.59,3.33,0,0,7.64,1,1,Platinum Champions
2610,66,Male,Accessories,95,Arkansas,Summer,3,0,Store Pickup,0,0,18,Debit Card,1,0,1710,3.47,0,0,0,4.49,0,0,Low-Engagement Casuals
2611,66,Male,Clothing,93,West Virginia,Spring,3.1,0,Express,0,0,25,Cash,6,0,13950,4.9,8.33,0,0,7.74,1,0,Platinum Champions
2612,33,Male,Outerwear,99,Michigan,Fall,4.2,0,2-Day Shipping,0,0,4,Cash,3,0,1188,0.61,3.33,0,0,4.65,0,1,Low-Engagement Casuals
2613,55,Male,Accessories,22,Louisiana,Winter,3.8,0,Next Day Air,0,0,27,Venmo,6,0,3564,5.31,8.33,0,0,7.88,1,1,Emerging Devotees
2614,58,Male,Accessories,88,South Dakota,Fall,2.9,0,Express,0,0,14,Bank Transfer,4,0,4928,2.65,5,0,0,5.88,0,0,At-Risk High-Value
2615,18,Male,Outerwear,65,North Dakota,Spring,4.2,0,Express,0,0,36,Bank Transfer,3,0,7020,7.14,3.33,0,0,6.82,0,1,At-Risk High-Value
2616,49,Male,Clothing,62,Arizona,Fall,3.1,0,2-Day Shipping,0,0,6,Debit Card,6,0,2232,1.02,8.33,0,0,6.45,0,0,Low-Engagement Casuals
2617,61,Male,Footwear,55,Georgia,Spring,3.6,0,Express,0,0,46,Cash,7,0,17710,9.18,10,0,0,9.73,1,0,Platinum Champions
2618,31,Male,Clothing,97,Idaho,Spring,4.8,0,Standard,0,0,29,Bank Transfer,7,0,19691,5.71,10,0,0,8.57,1,1,Platinum Champions
2619,70,Male,Accessories,77,Louisiana,Fall,4.1,0,Express,0,0,12,Venmo,4,0,3696,2.24,5,0,0,5.75,0,1,Low-Engagement Casuals
2620,68,Male,Clothing,40,Connecticut,Winter,3.9,0,Free Shipping,0,0,47,Credit Card,2,0,3760,9.39,1.67,0,0,7.02,1,1,Emerging Devotees
2621,27,Male,Clothing,23,Ohio,Winter,3,0,Standard,0,0,28,Debit Card,7,0,4508,5.51,10,0,0,8.5,1,0,Platinum Champions
2622,48,Male,Footwear,46,Maine,Winter,3,0,Express,0,0,21,Bank Transfer,7,0,6762,4.08,10,0,0,8.03,1,0,Platinum Champions
2623,63,Male,Accessories,75,New Hampshire,Spring,4.9,0,2-Day Shipping,0,0,15,Credit Card,7,0,7875,2.86,10,0,0,7.62,1,1,Platinum Champions
2624,49,Male,Footwear,76,Massachusetts,Fall,4.8,0,Next Day Air,0,0,38,Cash,7,0,20216,7.55,10,0,0,9.18,1,1,Platinum Champions
2625,19,Male,Clothing,59,South Dakota,Summer,3.3,0,Standard,0,0,19,Credit Card,7,0,7847,3.67,10,0,0,7.89,1,0,Platinum Champions
2626,30,Male,Clothing,51,Colorado,Summer,2.7,0,Standard,0,0,31,Credit Card,2,0,3162,6.12,1.67,0,0,5.93,0,0,Low-Engagement Casuals
2627,50,Male,Outerwear,46,Rhode Island,Fall,4.2,0,Express,0,0,30,Credit Card,5,0,6900,5.92,6.67,0,0,7.53,1,1,Platinum Champions
2628,66,Male,Clothing,26,Missouri,Fall,3.6,0,Next Day Air,0,0,40,Bank Transfer,6,0,6240,7.96,8.33,0,0,8.76,1,0,Platinum Champions
2629,25,Male,Clothing,51,Wyoming,Summer,3.8,0,Next Day Air,0,0,42,Credit Card,1,0,2142,8.37,0,0,0,6.12,0,1,Low-Engagement Casuals
2630,61,Male,Accessories,44,New Hampshire,Winter,3.8,0,Free Shipping,0,0,25,Venmo,7,0,7700,4.9,10,0,0,8.3,1,1,Platinum Champions
2631,29,Male,Clothing,82,Maine,Spring,4.2,0,Free Shipping,0,0,20,Cash,6,0,9840,3.88,8.33,0,0,7.4,1,1,Platinum Champions
2632,53,Male,Clothing,44,Connecticut,Summer,2.7,0,Express,0,0,3,Cash,2,0,264,0.41,1.67,0,0,4.03,0,0,Low-Engagement Casuals
2633,24,Male,Accessories,27,Alaska,Fall,5,0,Next Day Air,0,0,14,Cash,7,0,2646,2.65,10,0,0,7.55,1,1,Emerging Devotees
2634,51,Male,Accessories,90,Alaska,Fall,4.7,0,Next Day Air,0,0,32,Credit Card,3,0,8640,6.33,3.33,0,0,6.55,0,1,At-Risk High-Value
2635,26,Male,Footwear,58,North Carolina,Summer,3.2,0,Store Pickup,0,0,20,PayPal,5,0,5800,3.88,6.67,0,0,6.85,0,0,At-Risk High-Value
2636,59,Male,Clothing,80,Colorado,Spring,2.9,0,2-Day Shipping,0,0,34,PayPal,3,0,8160,6.73,3.33,0,0,6.69,0,0,At-Risk High-Value
2637,41,Male,Outerwear,40,Utah,Winter,4.2,0,Store Pickup,0,0,6,Venmo,7,0,1680,1.02,10,0,0,7.01,1,1,Emerging Devotees
2638,20,Male,Clothing,23,Alabama,Spring,3.7,0,Store Pickup,0,0,2,PayPal,7,0,322,0.2,10,0,0,6.73,0,0,Low-Engagement Casuals
2639,22,Male,Clothing,34,Hawaii,Spring,4.2,0,Store Pickup,0,0,35,Credit Card,7,0,8330,6.94,10,0,0,8.98,1,1,Platinum Champions
2640,18,Male,Clothing,35,New Hampshire,Winter,2.6,0,Free Shipping,0,0,33,Debit Card,6,0,6930,6.53,8.33,0,0,8.29,1,0,Platinum Champions
2641,30,Male,Clothing,75,Indiana,Summer,4,0,Store Pickup,0,0,45,Venmo,1,0,3375,8.98,0,0,0,6.33,0,1,Low-Engagement Casuals
2642,25,Male,Accessories,60,Vermont,Winter,2.7,0,Next Day Air,0,0,20,Bank Transfer,5,0,6000,3.88,6.67,0,0,6.85,0,0,At-Risk High-Value
2643,39,Male,Accessories,87,Iowa,Summer,4,0,Store Pickup,0,0,48,Bank Transfer,7,0,29232,9.59,10,0,0,9.86,1,1,Platinum Champions
2644,49,Male,Accessories,41,Maryland,Spring,2.9,0,Next Day Air,0,0,37,Cash,4,0,6068,7.35,5,0,0,7.45,1,0,Platinum Champions
2645,25,Male,Clothing,83,New Mexico,Spring,3.3,0,Standard,0,0,4,Bank Transfer,5,0,1660,0.61,6.67,0,0,5.76,0,0,Low-Engagement Casuals
2646,23,Male,Accessories,81,Louisiana,Spring,4,0,Store Pickup,0,0,24,Bank Transfer,1,0,1944,4.69,0,0,0,4.9,0,1,Low-Engagement Casuals
2647,33,Male,Clothing,56,New Mexico,Summer,3.9,0,Next Day Air,0,0,4,Debit Card,5,0,1120,0.61,6.67,0,0,5.76,0,1,Low-Engagement Casuals
2648,60,Male,Footwear,58,South Carolina,Summer,3.3,0,2-Day Shipping,0,0,25,Debit Card,7,0,10150,4.9,10,0,0,8.3,1,0,Platinum Champions
2649,51,Male,Clothing,84,Illinois,Spring,3.9,0,Next Day Air,0,0,14,PayPal,1,0,1176,2.65,0,0,0,4.22,0,1,Low-Engagement Casuals
2650,23,Male,Accessories,21,Minnesota,Fall,3.9,0,Store Pickup,0,0,14,Bank Transfer,3,0,882,2.65,3.33,0,0,5.33,0,1,Low-Engagement Casuals
2651,20,Male,Clothing,35,Oregon,Summer,4.2,0,Standard,0,0,46,Credit Card,5,0,8050,9.18,6.67,0,0,8.62,1,1,Platinum Champions
2652,51,Male,Footwear,43,Tennessee,Summer,4.6,0,Store Pickup,0,0,27,PayPal,6,0,6966,5.31,8.33,0,0,7.88,1,1,Platinum Champions
2653,23,Female,Clothing,20,Maryland,Summer,3.3,0,2-Day Shipping,0,0,46,Credit Card,4,0,3680,9.18,5,0,0,8.06,1,0,Emerging Devotees
2654,67,Female,Clothing,36,Wisconsin,Fall,4.8,0,Express,0,0,24,Venmo,5,0,4320,4.69,6.67,0,0,7.12,1,1,Platinum Champions
2655,23,Female,Outerwear,70,Idaho,Fall,4.1,0,Next Day Air,0,0,4,PayPal,7,0,1960,0.61,10,0,0,6.87,0,1,Low-Engagement Casuals
2656,26,Female,Accessories,83,Wyoming,Summer,3.4,0,Standard,0,0,2,Credit Card,3,0,498,0.2,3.33,0,0,4.51,0,0,Low-Engagement Casuals
2657,52,Female,Clothing,76,Indiana,Winter,3.6,0,Express,0,0,29,Bank Transfer,3,0,6612,5.71,3.33,0,0,6.35,0,0,At-Risk High-Value
2658,52,Female,Clothing,81,Texas,Summer,2.7,0,Express,0,0,7,Credit Card,3,0,1701,1.22,3.33,0,0,4.85,0,0,Low-Engagement Casuals
2659,52,Female,Accessories,47,Ohio,Summer,3.2,0,Next Day Air,0,0,39,PayPal,4,0,7332,7.76,5,0,0,7.59,1,0,Platinum Champions
2660,35,Female,Footwear,35,Kansas,Summer,4.4,0,2-Day Shipping,0,0,46,Credit Card,3,0,4830,9.18,3.33,0,0,7.5,1,1,Platinum Champions
2661,24,Female,Clothing,85,South Carolina,Spring,4.9,0,Express,0,0,44,Venmo,7,0,26180,8.78,10,0,0,9.59,1,1,Platinum Champions
2662,43,Female,Footwear,96,Michigan,Fall,4.8,0,Express,0,0,20,Bank Transfer,7,0,13440,3.88,10,0,0,7.96,1,1,Platinum Champions
2663,25,Female,Clothing,98,Nebraska,Summer,2.8,0,2-Day Shipping,0,0,44,PayPal,3,0,12936,8.78,3.33,0,0,7.37,1,0,Platinum Champions
2664,46,Female,Footwear,52,Wisconsin,Fall,2.9,0,Free Shipping,0,0,23,Bank Transfer,7,0,8372,4.49,10,0,0,8.16,1,0,Platinum Champions
2665,22,Female,Accessories,84,Illinois,Winter,3.2,0,Store Pickup,0,0,37,PayPal,2,0,6216,7.35,1.67,0,0,6.34,0,0,At-Risk High-Value
2666,70,Female,Clothing,71,Louisiana,Winter,3.5,0,Store Pickup,0,0,4,Venmo,2,0,568,0.61,1.67,0,0,4.09,0,0,Low-Engagement Casuals
2667,49,Female,Footwear,95,Ohio,Winter,4.1,0,Store Pickup,0,0,14,Venmo,3,0,3990,2.65,3.33,0,0,5.33,0,1,Low-Engagement Casuals
2668,48,Female,Footwear,47,Maryland,Summer,4.1,0,Free Shipping,0,0,31,Cash,3,0,4371,6.12,3.33,0,0,6.48,0,1,At-Risk High-Value
2669,59,Female,Outerwear,75,Texas,Summer,4.8,0,Next Day Air,0,0,9,PayPal,6,0,4050,1.63,8.33,0,0,6.65,0,1,Low-Engagement Casuals
2670,39,Female,Accessories,28,Illinois,Spring,2.8,0,Free Shipping,0,0,31,Credit Card,2,0,1736,6.12,1.67,0,0,5.93,0,0,Low-Engagement Casuals
2671,30,Female,Accessories,44,Pennsylvania,Fall,4.7,0,Express,0,0,26,Bank Transfer,1,0,1144,5.1,0,0,0,5.03,0,1,Low-Engagement Casuals
2672,37,Female,Footwear,64,Alabama,Winter,4.8,0,2-Day Shipping,0,0,41,PayPal,5,0,13120,8.16,6.67,0,0,8.28,1,1,Platinum Champions
2673,56,Female,Footwear,28,West Virginia,Spring,2.9,0,Standard,0,0,13,Cash,7,0,2548,2.45,10,0,0,7.48,1,0,Emerging Devotees
2674,67,Female,Clothing,21,Nevada,Summer,2.6,0,2-Day Shipping,0,0,4,Cash,4,0,336,0.61,5,0,0,5.2,0,0,Low-Engagement Casuals
2675,40,Female,Accessories,41,Florida,Fall,3.3,0,Express,0,0,15,Cash,5,0,3075,2.86,6.67,0,0,6.51,0,0,Low-Engagement Casuals
2676,24,Female,Clothing,38,Virginia,Winter,3.4,0,Free Shipping,0,0,38,Cash,1,0,1444,7.55,0,0,0,5.85,0,0,Low-Engagement Casuals
2677,43,Female,Accessories,77,Kentucky,Spring,3.6,0,Free Shipping,0,0,3,Cash,3,0,693,0.41,3.33,0,0,4.58,0,0,Low-Engagement Casuals
2678,45,Female,Clothing,43,Connecticut,Spring,3.8,0,Next Day Air,0,0,6,PayPal,5,0,1290,1.02,6.67,0,0,5.9,0,1,Low-Engagement Casuals
2679,33,Female,Accessories,91,Montana,Spring,3.4,0,2-Day Shipping,0,0,34,Credit Card,1,0,3094,6.73,0,0,0,5.58,0,0,Low-Engagement Casuals
2680,53,Female,Clothing,68,Montana,Spring,3.8,0,Express,0,0,7,Debit Card,6,0,2856,1.22,8.33,0,0,6.52,0,1,Low-Engagement Casuals
2681,44,Female,Clothing,37,Nebraska,Fall,3.3,0,Next Day Air,0,0,21,Venmo,7,0,5439,4.08,10,0,0,8.03,1,0,Platinum Champions
2682,23,Female,Footwear,23,Massachusetts,Summer,4.8,0,Standard,0,0,17,Debit Card,4,0,1564,3.27,5,0,0,6.09,0,1,Low-Engagement Casuals
2683,59,Female,Footwear,65,North Carolina,Winter,3.9,0,2-Day Shipping,0,0,5,Venmo,5,0,1625,0.82,6.67,0,0,5.83,0,1,Low-Engagement Casuals
2684,68,Female,Accessories,30,Montana,Summer,4.2,0,Next Day Air,0,0,21,Cash,3,0,1890,4.08,3.33,0,0,5.8,0,1,Low-Engagement Casuals
2685,46,Female,Clothing,45,Washington,Summer,4.7,0,Free Shipping,0,0,42,Credit Card,1,0,1890,8.37,0,0,0,6.12,0,1,Low-Engagement Casuals
2686,56,Female,Footwear,25,Virginia,Winter,2.7,0,Express,0,0,49,Credit Card,6,0,7350,9.8,8.33,0,0,9.38,1,0,Platinum Champions
2687,40,Female,Clothing,72,Georgia,Winter,3.8,0,2-Day Shipping,0,0,33,Cash,3,0,7128,6.53,3.33,0,0,6.62,0,1,At-Risk High-Value
2688,61,Female,Clothing,75,Delaware,Fall,3.6,0,2-Day Shipping,0,0,12,Debit Card,1,0,900,2.24,0,0,0,4.08,0,0,Low-Engagement Casuals
2689,53,Female,Accessories,63,West Virginia,Spring,2.9,0,2-Day Shipping,0,0,18,Credit Card,5,0,5670,3.47,6.67,0,0,6.71,0,0,At-Risk High-Value
2690,29,Female,Clothing,35,Wyoming,Fall,3.9,0,Standard,0,0,47,PayPal,6,0,9870,9.39,8.33,0,0,9.24,1,1,Platinum Champions
2691,44,Female,Accessories,32,New Mexico,Summer,4.7,0,Free Shipping,0,0,18,Bank Transfer,2,0,1152,3.47,1.67,0,0,5.05,0,1,Low-Engagement Casuals
2692,43,Female,Clothing,25,Nebraska,Winter,3.3,0,2-Day Shipping,0,0,48,Cash,4,0,4800,9.59,5,0,0,8.2,1,0,Platinum Champions
2693,40,Female,Footwear,90,Washington,Spring,4.2,0,Free Shipping,0,0,18,Debit Card,5,0,8100,3.47,6.67,0,0,6.71,0,1,At-Risk High-Value
2694,55,Female,Footwear,70,Hawaii,Summer,2.6,0,Standard,0,0,46,Cash,6,0,19320,9.18,8.33,0,0,9.17,1,0,Platinum Champions
2695,66,Female,Accessories,27,Louisiana,Spring,4.9,0,Express,0,0,34,Credit Card,5,0,4590,6.73,6.67,0,0,7.8,1,1,Platinum Champions
2696,50,Female,Accessories,92,Tennessee,Fall,3.6,0,Standard,0,0,10,PayPal,1,0,920,1.84,0,0,0,3.95,0,0,Low-Engagement Casuals
2697,57,Female,Outerwear,20,South Dakota,Spring,4.7,0,Free Shipping,0,0,12,Debit Card,4,0,960,2.24,5,0,0,5.75,0,1,Low-Engagement Casuals
2698,42,Female,Outerwear,52,Delaware,Winter,3.2,0,Standard,0,0,36,Bank Transfer,6,0,11232,7.14,8.33,0,0,8.49,1,0,Platinum Champions
2699,55,Female,Clothing,57,Virginia,Summer,3.6,0,Store Pickup,0,0,34,Venmo,6,0,11628,6.73,8.33,0,0,8.35,1,0,Platinum Champions
2700,25,Female,Footwear,96,Utah,Fall,3.6,0,2-Day Shipping,0,0,49,Debit Card,7,0,32928,9.8,10,0,0,9.93,1,0,Platinum Champions
2701,22,Female,Clothing,68,California,Winter,3.2,0,Standard,0,0,36,Cash,2,0,4896,7.14,1.67,0,0,6.27,0,0,At-Risk High-Value
2702,49,Female,Clothing,30,Idaho,Summer,2.8,0,Store Pickup,0,0,18,Bank Transfer,3,0,1620,3.47,3.33,0,0,5.6,0,0,Low-Engagement Casuals
2703,70,Female,Footwear,37,Texas,Fall,4,0,Next Day Air,0,0,39,Debit Card,3,0,4329,7.76,3.33,0,0,7.03,1,1,Platinum Champions
2704,56,Female,Accessories,42,Tennessee,Winter,4.4,0,Free Shipping,0,0,34,PayPal,2,0,2856,6.73,1.67,0,0,6.13,0,1,Low-Engagement Casuals
2705,52,Female,Clothing,54,Tennessee,Spring,3.4,0,Next Day Air,0,0,35,Debit Card,2,0,3780,6.94,1.67,0,0,6.2,0,0,Low-Engagement Casuals
2706,65,Female,Outerwear,81,Washington,Spring,5,0,Store Pickup,0,0,1,Credit Card,1,0,81,0,0,0,0,3.33,0,1,Low-Engagement Casuals
2707,24,Female,Footwear,40,Alabama,Spring,3.1,0,Express,0,0,48,Debit Card,6,0,11520,9.59,8.33,0,0,9.31,1,0,Platinum Champions
2708,32,Female,Accessories,88,Nebraska,Fall,4.2,0,Standard,0,0,19,Cash,2,0,3344,3.67,1.67,0,0,5.11,0,1,Low-Engagement Casuals
2709,57,Female,Clothing,94,Alabama,Summer,3.3,0,Store Pickup,0,0,44,Debit Card,2,0,8272,8.78,1.67,0,0,6.82,0,0,At-Risk High-Value
2710,35,Female,Clothing,54,Illinois,Winter,2.9,0,Standard,0,0,9,Credit Card,1,0,486,1.63,0,0,0,3.88,0,0,Low-Engagement Casuals
2711,69,Female,Outerwear,51,Wisconsin,Summer,4.7,0,Standard,0,0,3,Bank Transfer,3,0,459,0.41,3.33,0,0,4.58,0,1,Low-Engagement Casuals
2712,30,Female,Accessories,22,Nebraska,Spring,4,0,Standard,0,0,50,Venmo,4,0,4400,10,5,0,0,8.33,1,1,Platinum Champions
2713,37,Female,Outerwear,95,North Dakota,Fall,4.6,0,Standard,0,0,7,Debit Card,6,0,3990,1.22,8.33,0,0,6.52,0,1,Low-Engagement Casuals
2714,19,Female,Outerwear,57,Mississippi,Fall,3.8,0,2-Day Shipping,0,0,20,Debit Card,7,0,7980,3.88,10,0,0,7.96,1,1,Platinum Champions
2715,53,Female,Clothing,45,Iowa,Winter,3.6,0,Store Pickup,0,0,16,Credit Card,1,0,720,3.06,0,0,0,4.35,0,0,Low-Engagement Casuals
2716,25,Female,Footwear,92,Mississippi,Winter,4.1,0,Express,0,0,29,PayPal,3,0,8004,5.71,3.33,0,0,6.35,0,1,At-Risk High-Value
2717,47,Female,Footwear,40,Colorado,Spring,2.7,0,Store Pickup,0,0,21,Debit Card,2,0,1680,4.08,1.67,0,0,5.25,0,0,Low-Engagement Casuals
2718,18,Female,Accessories,62,Nebraska,Winter,4.3,0,Free Shipping,0,0,19,Credit Card,5,0,5890,3.67,6.67,0,0,6.78,0,1,At-Risk High-Value
2719,22,Female,Clothing,90,Virginia,Winter,4.9,0,Next Day Air,0,0,10,Venmo,1,0,900,1.84,0,0,0,3.95,0,1,Low-Engagement Casuals
2720,69,Female,Clothing,82,Louisiana,Fall,4.2,0,Free Shipping,0,0,4,Bank Transfer,4,0,1312,0.61,5,0,0,5.2,0,1,Low-Engagement Casuals
2721,55,Female,Accessories,52,Maryland,Spring,2.8,0,Store Pickup,0,0,45,Bank Transfer,6,0,14040,8.98,8.33,0,0,9.1,1,0,Platinum Champions
2722,19,Female,Footwear,70,Minnesota,Spring,4.9,0,Free Shipping,0,0,17,PayPal,3,0,3570,3.27,3.33,0,0,5.53,0,1,Low-Engagement Casuals
2723,23,Female,Accessories,83,Maine,Spring,2.8,0,2-Day Shipping,0,0,22,PayPal,3,0,5478,4.29,3.33,0,0,5.87,0,0,At-Risk High-Value
2724,54,Female,Footwear,49,Texas,Summer,2.9,0,Store Pickup,0,0,3,PayPal,5,0,735,0.41,6.67,0,0,5.69,0,0,Low-Engagement Casuals
2725,52,Female,Footwear,91,Missouri,Spring,2.5,0,Next Day Air,0,0,11,Debit Card,3,0,3003,2.04,3.33,0,0,5.12,0,0,Low-Engagement Casuals
2726,64,Female,Accessories,99,Mississippi,Summer,2.7,0,Free Shipping,0,0,4,Debit Card,7,0,2772,0.61,10,0,0,6.87,0,0,Low-Engagement Casuals
2727,33,Female,Accessories,92,Michigan,Winter,3.3,0,Free Shipping,0,0,11,PayPal,1,0,1012,2.04,0,0,0,4.01,0,0,Low-Engagement Casuals
2728,40,Female,Clothing,87,Colorado,Winter,3.7,0,2-Day Shipping,0,0,47,Credit Card,3,0,12267,9.39,3.33,0,0,7.57,1,0,Platinum Champions
2729,26,Female,Clothing,28,Florida,Winter,4,0,Express,0,0,17,Debit Card,2,0,952,3.27,1.67,0,0,4.98,0,1,Low-Engagement Casuals
2730,31,Female,Accessories,71,Montana,Summer,4.1,0,Free Shipping,0,0,32,Credit Card,4,0,9088,6.33,5,0,0,7.11,1,1,Platinum Champions
2731,23,Female,Accessories,32,Wisconsin,Winter,4.1,0,Store Pickup,0,0,37,Bank Transfer,7,0,8288,7.35,10,0,0,9.12,1,1,Platinum Champions
2732,52,Female,Accessories,33,Wisconsin,Summer,2.5,0,2-Day Shipping,0,0,44,Bank Transfer,6,0,8712,8.78,8.33,0,0,9.04,1,0,Platinum Champions
2733,21,Female,Clothing,75,Delaware,Winter,4.2,0,Store Pickup,0,0,27,Debit Card,5,0,10125,5.31,6.67,0,0,7.33,1,1,Platinum Champions
2734,31,Female,Accessories,83,North Carolina,Summer,4.7,0,Express,0,0,46,PayPal,7,0,26726,9.18,10,0,0,9.73,1,1,Platinum Champions
2735,63,Female,Clothing,93,New York,Summer,2.7,0,2-Day Shipping,0,0,13,Cash,1,0,1209,2.45,0,0,0,4.15,0,0,Low-Engagement Casuals
2736,46,Female,Clothing,29,California,Spring,3,0,Express,0,0,2,PayPal,1,0,58,0.2,0,0,0,3.4,0,0,Low-Engagement Casuals
2737,44,Female,Clothing,25,Montana,Spring,4.8,0,Store Pickup,0,0,45,Credit Card,7,0,7875,8.98,10,0,0,9.66,1,1,Platinum Champions
2738,57,Female,Accessories,76,North Carolina,Spring,4.4,0,Free Shipping,0,0,35,Cash,5,0,13300,6.94,6.67,0,0,7.87,1,1,Platinum Champions
2739,50,Female,Footwear,81,Ohio,Summer,4.3,0,2-Day Shipping,0,0,39,Venmo,5,0,15795,7.76,6.67,0,0,8.14,1,1,Platinum Champions
2740,33,Female,Clothing,80,Alaska,Winter,2.5,0,Store Pickup,0,0,39,Credit Card,5,0,15600,7.76,6.67,0,0,8.14,1,0,Platinum Champions
2741,19,Female,Accessories,70,Pennsylvania,Summer,4.9,0,Free Shipping,0,0,34,Bank Transfer,3,0,7140,6.73,3.33,0,0,6.69,0,1,At-Risk High-Value
2742,68,Female,Clothing,81,Maine,Fall,4.9,0,2-Day Shipping,0,0,41,Venmo,4,0,13284,8.16,5,0,0,7.72,1,1,Platinum Champions
2743,27,Female,Footwear,86,Texas,Spring,3.9,0,Free Shipping,0,0,47,Debit Card,7,0,28294,9.39,10,0,0,9.8,1,1,Platinum Champions
2744,61,Female,Accessories,94,New Jersey,Fall,4.1,0,2-Day Shipping,0,0,17,Venmo,6,0,9588,3.27,8.33,0,0,7.2,1,1,Platinum Champions
2745,38,Female,Clothing,66,Wyoming,Winter,3.3,0,Store Pickup,0,0,40,Credit Card,4,0,10560,7.96,5,0,0,7.65,1,0,Platinum Champions
2746,28,Female,Footwear,98,Michigan,Summer,4.1,0,Standard,0,0,44,PayPal,1,0,4312,8.78,0,0,0,6.26,0,1,At-Risk High-Value
2747,39,Female,Clothing,25,Ohio,Fall,3.7,0,Standard,0,0,21,PayPal,5,0,2625,4.08,6.67,0,0,6.92,0,0,Low-Engagement Casuals
2748,18,Female,Clothing,62,West Virginia,Winter,3.1,0,Free Shipping,0,0,21,Credit Card,5,0,6510,4.08,6.67,0,0,6.92,0,0,At-Risk High-Value
2749,24,Female,Outerwear,98,Virginia,Spring,3,0,Free Shipping,0,0,16,Venmo,7,0,10976,3.06,10,0,0,7.69,1,0,Platinum Champions
2750,64,Female,Outerwear,53,Vermont,Spring,3.4,0,Standard,0,0,15,Bank Transfer,7,0,5565,2.86,10,0,0,7.62,1,0,Platinum Champions
2751,51,Female,Footwear,66,Alaska,Spring,2.7,0,2-Day Shipping,0,0,26,PayPal,5,0,8580,5.1,6.67,0,0,7.26,1,0,Platinum Champions
2752,27,Female,Clothing,52,Minnesota,Fall,3.1,0,Free Shipping,0,0,50,Venmo,4,0,10400,10,5,0,0,8.33,1,0,Platinum Champions
2753,48,Female,Clothing,64,Colorado,Winter,4,0,Free Shipping,0,0,30,Venmo,1,0,1920,5.92,0,0,0,5.31,0,1,Low-Engagement Casuals
2754,69,Female,Accessories,59,Rhode Island,Spring,3.6,0,Next Day Air,0,0,48,PayPal,6,0,16992,9.59,8.33,0,0,9.31,1,0,Platinum Champions
2755,59,Female,Accessories,61,New Jersey,Summer,3.6,0,Free Shipping,0,0,21,Venmo,1,0,1281,4.08,0,0,0,4.69,0,0,Low-Engagement Casuals
2756,59,Female,Accessories,97,Nevada,Winter,3.3,0,Store Pickup,0,0,18,Credit Card,7,0,12222,3.47,10,0,0,7.82,1,0,Platinum Champions
2757,42,Female,Accessories,23,Minnesota,Winter,4.1,0,Free Shipping,0,0,41,PayPal,4,0,3772,8.16,5,0,0,7.72,1,1,Emerging Devotees
2758,39,Female,Accessories,98,Delaware,Fall,4.3,0,Next Day Air,0,0,11,Venmo,4,0,4312,2.04,5,0,0,5.68,0,1,At-Risk High-Value
2759,32,Female,Clothing,98,Illinois,Summer,3.2,0,Standard,0,0,8,Bank Transfer,1,0,784,1.43,0,0,0,3.81,0,0,Low-Engagement Casuals
2760,68,Female,Footwear,59,Washington,Summer,3.9,0,Free Shipping,0,0,42,Cash,5,0,12390,8.37,6.67,0,0,8.35,1,1,Platinum Champions
2761,41,Female,Clothing,82,Alaska,Fall,5,0,Next Day Air,0,0,41,Credit Card,1,0,3362,8.16,0,0,0,6.05,0,1,Low-Engagement Casuals
2762,31,Female,Footwear,82,Michigan,Fall,3.4,0,Next Day Air,0,0,3,Credit Card,5,0,1230,0.41,6.67,0,0,5.69,0,0,Low-Engagement Casuals
2763,58,Female,Clothing,41,Georgia,Fall,3.8,0,Store Pickup,0,0,10,Debit Card,5,0,2050,1.84,6.67,0,0,6.17,0,1,Low-Engagement Casuals
2764,28,Female,Accessories,52,West Virginia,Fall,2.9,0,2-Day Shipping,0,0,35,Venmo,6,0,10920,6.94,8.33,0,0,8.42,1,0,Platinum Champions
2765,63,Female,Clothing,41,Arizona,Spring,2.6,0,Next Day Air,0,0,2,Debit Card,2,0,164,0.2,1.67,0,0,3.96,0,0,Low-Engagement Casuals
2766,64,Female,Accessories,70,Colorado,Summer,4.3,0,2-Day Shipping,0,0,24,Credit Card,6,0,10080,4.69,8.33,0,0,7.67,1,1,Platinum Champions
2767,66,Female,Clothing,91,Tennessee,Winter,2.8,0,Standard,0,0,47,Credit Card,4,0,17108,9.39,5,0,0,8.13,1,0,Platinum Champions
2768,31,Female,Clothing,95,Iowa,Spring,4.5,0,Free Shipping,0,0,31,Cash,4,0,11780,6.12,5,0,0,7.04,1,1,Platinum Champions
2769,55,Female,Clothing,25,Kansas,Spring,3.8,0,2-Day Shipping,0,0,28,PayPal,1,0,700,5.51,0,0,0,5.17,0,1,Low-Engagement Casuals
2770,32,Female,Clothing,89,Oklahoma,Fall,3,0,Standard,0,0,13,Cash,2,0,2314,2.45,1.67,0,0,4.71,0,0,Low-Engagement Casuals
2771,50,Female,Footwear,44,Nebraska,Fall,3.3,0,Express,0,0,22,Bank Transfer,6,0,5808,4.29,8.33,0,0,7.54,1,0,Platinum Champions
2772,58,Female,Outerwear,52,Maryland,Summer,3.1,0,2-Day Shipping,0,0,12,Bank Transfer,3,0,1872,2.24,3.33,0,0,5.19,0,0,Low-Engagement Casuals
2773,18,Female,Accessories,94,Pennsylvania,Spring,3.5,0,Store Pickup,0,0,10,Bank Transfer,5,0,4700,1.84,6.67,0,0,6.17,0,0,At-Risk High-Value
2774,39,Female,Clothing,98,Arizona,Spring,4.6,0,Express,0,0,45,Bank Transfer,6,0,26460,8.98,8.33,0,0,9.1,1,1,Platinum Champions
2775,56,Female,Footwear,40,Oklahoma,Fall,4.1,0,Standard,0,0,42,Credit Card,6,0,10080,8.37,8.33,0,0,8.9,1,1,Platinum Champions
2776,37,Female,Clothing,25,Montana,Fall,3.6,0,Free Shipping,0,0,16,Debit Card,2,0,800,3.06,1.67,0,0,4.91,0,0,Low-Engagement Casuals
2777,46,Female,Accessories,62,Wyoming,Fall,2.9,0,Free Shipping,0,0,6,Bank Transfer,7,0,2604,1.02,10,0,0,7.01,1,0,Emerging Devotees
2778,52,Female,Clothing,24,Idaho,Fall,4.8,0,Standard,0,0,28,Credit Card,5,0,3360,5.51,6.67,0,0,7.39,1,1,Emerging Devotees
2779,70,Female,Accessories,57,Pennsylvania,Spring,3.2,0,Standard,0,0,24,Credit Card,1,0,1368,4.69,0,0,0,4.9,0,0,Low-Engagement Casuals
2780,61,Female,Accessories,66,Montana,Winter,4.3,0,Express,0,0,14,Credit Card,3,0,2772,2.65,3.33,0,0,5.33,0,1,Low-Engagement Casuals
2781,33,Female,Footwear,70,Ohio,Winter,4.1,0,Next Day Air,0,0,29,PayPal,3,0,6090,5.71,3.33,0,0,6.35,0,1,At-Risk High-Value
2782,65,Female,Footwear,39,Mississippi,Spring,4.6,0,Standard,0,0,33,PayPal,2,0,2574,6.53,1.67,0,0,6.07,0,1,Low-Engagement Casuals
2783,41,Female,Accessories,34,Idaho,Spring,3.8,0,Free Shipping,0,0,30,PayPal,7,0,7140,5.92,10,0,0,8.64,1,1,Platinum Champions
2784,19,Female,Clothing,38,Virginia,Spring,4.5,0,Next Day Air,0,0,26,Credit Card,6,0,5928,5.1,8.33,0,0,7.81,1,1,Platinum Champions
2785,33,Female,Clothing,70,Idaho,Winter,3.1,0,Express,0,0,12,PayPal,5,0,4200,2.24,6.67,0,0,6.3,0,0,Low-Engagement Casuals
2786,53,Female,Clothing,80,Louisiana,Summer,2.9,0,Next Day Air,0,0,13,Bank Transfer,4,0,4160,2.45,5,0,0,5.82,0,0,Low-Engagement Casuals
2787,54,Female,Accessories,51,Colorado,Spring,3.8,0,Next Day Air,0,0,41,Debit Card,5,0,10455,8.16,6.67,0,0,8.28,1,1,Platinum Champions
2788,36,Female,Footwear,79,West Virginia,Spring,4.1,0,Next Day Air,0,0,4,Venmo,3,0,948,0.61,3.33,0,0,4.65,0,1,Low-Engagement Casuals
2789,56,Female,Footwear,92,Rhode Island,Summer,3.1,0,Free Shipping,0,0,2,Credit Card,7,0,1288,0.2,10,0,0,6.73,0,0,Low-Engagement Casuals
2790,28,Female,Clothing,85,North Carolina,Fall,5,0,Express,0,0,28,Credit Card,1,0,2380,5.51,0,0,0,5.17,0,1,Low-Engagement Casuals
2791,34,Female,Clothing,63,Maine,Spring,4.5,0,Free Shipping,0,0,24,Debit Card,7,0,10584,4.69,10,0,0,8.23,1,1,Platinum Champions
2792,43,Female,Accessories,60,Iowa,Fall,2.8,0,Express,0,0,14,Venmo,3,0,2520,2.65,3.33,0,0,5.33,0,0,Low-Engagement Casuals
2793,54,Female,Clothing,44,Kentucky,Winter,3.2,0,Express,0,0,11,Credit Card,2,0,968,2.04,1.67,0,0,4.57,0,0,Low-Engagement Casuals
2794,37,Female,Footwear,57,Massachusetts,Spring,3.1,0,Standard,0,0,27,Debit Card,1,0,1539,5.31,0,0,0,5.1,0,0,Low-Engagement Casuals
2795,33,Female,Outerwear,24,New York,Fall,3.3,0,Standard,0,0,7,Cash,3,0,504,1.22,3.33,0,0,4.85,0,0,Low-Engagement Casuals
2796,33,Female,Accessories,35,Nebraska,Winter,3.4,0,Store Pickup,0,0,49,PayPal,7,0,12005,9.8,10,0,0,9.93,1,0,Platinum Champions
2797,55,Female,Outerwear,73,Oklahoma,Winter,3.8,0,Store Pickup,0,0,21,Cash,7,0,10731,4.08,10,0,0,8.03,1,1,Platinum Champions
2798,63,Female,Accessories,42,Oklahoma,Winter,3.5,0,Express,0,0,10,Venmo,5,0,2100,1.84,6.67,0,0,6.17,0,0,Low-Engagement Casuals
2799,52,Female,Clothing,20,Rhode Island,Winter,4.8,0,Store Pickup,0,0,37,PayPal,2,0,1480,7.35,1.67,0,0,6.34,0,1,Low-Engagement Casuals
2800,23,Female,Clothing,89,Maine,Spring,3.9,0,Free Shipping,0,0,9,Bank Transfer,5,0,4005,1.63,6.67,0,0,6.1,0,1,Low-Engagement Casuals
2801,70,Female,Clothing,76,Arkansas,Fall,3.4,0,Free Shipping,0,0,14,Cash,1,0,1064,2.65,0,0,0,4.22,0,0,Low-Engagement Casuals
2802,64,Female,Clothing,56,New Mexico,Winter,2.6,0,Express,0,0,30,PayPal,7,0,11760,5.92,10,0,0,8.64,1,0,Platinum Champions
2803,22,Female,Outerwear,100,Hawaii,Fall,3.1,0,Store Pickup,0,0,42,Credit Card,3,0,12600,8.37,3.33,0,0,7.23,1,0,Platinum Champions
2804,46,Female,Clothing,44,Idaho,Winter,3.3,0,Free Shipping,0,0,31,Bank Transfer,4,0,5456,6.12,5,0,0,7.04,1,0,Platinum Champions
2805,65,Female,Clothing,76,South Carolina,Spring,2.8,0,Standard,0,0,48,Bank Transfer,5,0,18240,9.59,6.67,0,0,8.75,1,0,Platinum Champions
2806,18,Female,Accessories,97,Nevada,Fall,4.3,0,Standard,0,0,48,Cash,6,0,27936,9.59,8.33,0,0,9.31,1,1,Platinum Champions
2807,45,Female,Clothing,39,South Carolina,Spring,2.7,0,Standard,0,0,50,Credit Card,7,0,13650,10,10,0,0,10,1,0,Platinum Champions
2808,56,Female,Clothing,100,Maryland,Spring,4.4,0,2-Day Shipping,0,0,10,Debit Card,3,0,3000,1.84,3.33,0,0,5.06,0,1,Low-Engagement Casuals
2809,49,Female,Clothing,62,Tennessee,Spring,3.9,0,Free Shipping,0,0,45,PayPal,5,0,13950,8.98,6.67,0,0,8.55,1,1,Platinum Champions
2810,66,Female,Clothing,98,Arkansas,Summer,3,0,Standard,0,0,27,Debit Card,6,0,15876,5.31,8.33,0,0,7.88,1,0,Platinum Champions
2811,27,Female,Clothing,31,Arizona,Summer,4,0,Standard,0,0,10,Debit Card,3,0,930,1.84,3.33,0,0,5.06,0,1,Low-Engagement Casuals
2812,69,Female,Outerwear,89,Ohio,Fall,3.7,0,Store Pickup,0,0,19,Credit Card,6,0,10146,3.67,8.33,0,0,7.33,1,0,Platinum Champions
2813,66,Female,Clothing,91,North Dakota,Fall,3.8,0,Store Pickup,0,0,1,Credit Card,5,0,455,0,6.67,0,0,5.56,0,1,Low-Engagement Casuals
2814,45,Female,Clothing,50,Vermont,Summer,3.3,0,2-Day Shipping,0,0,39,Debit Card,6,0,11700,7.76,8.33,0,0,8.7,1,0,Platinum Champions
2815,31,Female,Clothing,32,Minnesota,Winter,3.6,0,Standard,0,0,14,Bank Transfer,4,0,1792,2.65,5,0,0,5.88,0,0,Low-Engagement Casuals
2816,33,Female,Clothing,67,Idaho,Fall,3.9,0,Free Shipping,0,0,40,Venmo,5,0,13400,7.96,6.67,0,0,8.21,1,1,Platinum Champions
2817,43,Female,Clothing,28,Maryland,Spring,3.5,0,Free Shipping,0,0,45,Venmo,2,0,2520,8.98,1.67,0,0,6.88,0,0,Low-Engagement Casuals
2818,25,Female,Accessories,65,South Carolina,Winter,3.4,0,Standard,0,0,6,Venmo,2,0,780,1.02,1.67,0,0,4.23,0,0,Low-Engagement Casuals
2819,46,Female,Clothing,73,California,Fall,4.7,0,Next Day Air,0,0,12,Debit Card,7,0,6132,2.24,10,0,0,7.41,1,1,Platinum Champions
2820,67,Female,Clothing,27,Georgia,Spring,3,0,Free Shipping,0,0,19,Cash,4,0,2052,3.67,5,0,0,6.22,0,0,Low-Engagement Casuals
2821,26,Female,Accessories,89,Vermont,Summer,3.9,0,Free Shipping,0,0,5,Cash,1,0,445,0.82,0,0,0,3.61,0,1,Low-Engagement Casuals
2822,35,Female,Footwear,72,Georgia,Summer,4.5,0,Standard,0,0,37,Venmo,4,0,10656,7.35,5,0,0,7.45,1,1,Platinum Champions
2823,61,Female,Clothing,37,New Jersey,Fall,4.1,0,Standard,0,0,33,PayPal,6,0,7326,6.53,8.33,0,0,8.29,1,1,Platinum Champions
2824,26,Female,Clothing,63,Utah,Summer,4.5,0,Standard,0,0,47,Debit Card,1,0,2961,9.39,0,0,0,6.46,0,1,Low-Engagement Casuals
2825,39,Female,Accessories,90,Utah,Fall,4,0,Free Shipping,0,0,49,Debit Card,6,0,26460,9.8,8.33,0,0,9.38,1,1,Platinum Champions
2826,69,Female,Accessories,62,North Carolina,Winter,4.3,0,2-Day Shipping,0,0,28,Bank Transfer,7,0,12152,5.51,10,0,0,8.5,1,1,Platinum Champions
2827,32,Female,Accessories,43,Florida,Fall,3.6,0,Express,0,0,23,Venmo,7,0,6923,4.49,10,0,0,8.16,1,0,Platinum Champions
2828,20,Female,Clothing,96,Wisconsin,Fall,3.1,0,Next Day Air,0,0,11,Bank Transfer,1,0,1056,2.04,0,0,0,4.01,0,0,Low-Engagement Casuals
2829,25,Female,Accessories,83,Tennessee,Fall,2.6,0,Standard,0,0,33,PayPal,6,0,16434,6.53,8.33,0,0,8.29,1,0,Platinum Champions
2830,56,Female,Accessories,67,Arizona,Fall,3.4,0,Next Day Air,0,0,47,Cash,2,0,6298,9.39,1.67,0,0,7.02,1,0,Platinum Champions
2831,63,Female,Clothing,90,Oregon,Spring,2.9,0,Store Pickup,0,0,13,Venmo,5,0,5850,2.45,6.67,0,0,6.37,0,0,At-Risk High-Value
2832,34,Female,Clothing,53,Virginia,Winter,5,0,Express,0,0,4,Credit Card,2,0,424,0.61,1.67,0,0,4.09,0,1,Low-Engagement Casuals
2833,29,Female,Accessories,37,Maryland,Summer,4.6,0,Standard,0,0,40,PayPal,6,0,8880,7.96,8.33,0,0,8.76,1,1,Platinum Champions
2834,43,Female,Clothing,56,Arkansas,Fall,3.3,0,Free Shipping,0,0,19,Cash,4,0,4256,3.67,5,0,0,6.22,0,0,At-Risk High-Value
2835,39,Female,Outerwear,43,Texas,Fall,2.9,0,2-Day Shipping,0,0,17,Credit Card,2,0,1462,3.27,1.67,0,0,4.98,0,0,Low-Engagement Casuals
2836,33,Female,Clothing,84,Vermont,Winter,4.9,0,Free Shipping,0,0,7,Venmo,7,0,4116,1.22,10,0,0,7.07,1,1,Emerging Devotees
2837,51,Female,Clothing,50,Wyoming,Winter,5,0,2-Day Shipping,0,0,21,Cash,1,0,1050,4.08,0,0,0,4.69,0,1,Low-Engagement Casuals
2838,65,Female,Footwear,88,Alabama,Summer,4.5,0,Express,0,0,44,PayPal,2,0,7744,8.78,1.67,0,0,6.82,0,1,At-Risk High-Value
2839,51,Female,Outerwear,50,Maine,Fall,3.7,0,Free Shipping,0,0,2,Bank Transfer,2,0,200,0.2,1.67,0,0,3.96,0,0,Low-Engagement Casuals
2840,70,Female,Accessories,80,South Dakota,Summer,2.8,0,Store Pickup,0,0,30,Bank Transfer,4,0,9600,5.92,5,0,0,6.97,0,0,At-Risk High-Value
2841,40,Female,Clothing,47,West Virginia,Spring,3.5,0,Store Pickup,0,0,41,Cash,7,0,13489,8.16,10,0,0,9.39,1,0,Platinum Champions
2842,19,Female,Clothing,33,Ohio,Winter,3,0,2-Day Shipping,0,0,31,Cash,2,0,2046,6.12,1.67,0,0,5.93,0,0,Low-Engagement Casuals
2843,28,Female,Outerwear,100,Arizona,Fall,4.3,0,Standard,0,0,48,Debit Card,6,0,28800,9.59,8.33,0,0,9.31,1,1,Platinum Champions
2844,51,Female,Clothing,26,Ohio,Summer,3.6,0,Store Pickup,0,0,41,Venmo,2,0,2132,8.16,1.67,0,0,6.61,0,0,Low-Engagement Casuals
2845,32,Female,Accessories,79,New Mexico,Summer,4.4,0,Standard,0,0,42,Venmo,7,0,23226,8.37,10,0,0,9.46,1,1,Platinum Champions
2846,26,Female,Accessories,77,South Dakota,Summer,4.1,0,Express,0,0,39,Debit Card,5,0,15015,7.76,6.67,0,0,8.14,1,1,Platinum Champions
2847,50,Female,Clothing,36,Oklahoma,Fall,2.8,0,Next Day Air,0,0,15,PayPal,1,0,540,2.86,0,0,0,4.29,0,0,Low-Engagement Casuals
2848,68,Female,Accessories,21,Connecticut,Winter,2.8,0,Free Shipping,0,0,3,PayPal,5,0,315,0.41,6.67,0,0,5.69,0,0,Low-Engagement Casuals
2849,33,Female,Footwear,72,Wisconsin,Fall,4.9,0,Store Pickup,0,0,28,Bank Transfer,6,0,12096,5.51,8.33,0,0,7.95,1,1,Platinum Champions
2850,56,Female,Outerwear,25,New Hampshire,Spring,4.1,0,Express,0,0,27,PayPal,1,0,675,5.31,0,0,0,5.1,0,1,Low-Engagement Casuals
2851,57,Female,Clothing,79,Nebraska,Spring,3,0,Store Pickup,0,0,36,Debit Card,7,0,19908,7.14,10,0,0,9.05,1,0,Platinum Champions
2852,58,Female,Clothing,73,Nevada,Summer,3,0,Store Pickup,0,0,42,Debit Card,4,0,12264,8.37,5,0,0,7.79,1,0,Platinum Champions
2853,40,Female,Accessories,71,New York,Spring,3,0,Store Pickup,0,0,30,Venmo,2,0,4260,5.92,1.67,0,0,5.86,0,0,At-Risk High-Value
2854,37,Female,Accessories,48,Pennsylvania,Winter,3.2,0,Next Day Air,0,0,9,PayPal,2,0,864,1.63,1.67,0,0,4.43,0,0,Low-Engagement Casuals
2855,36,Female,Footwear,28,Delaware,Fall,2.7,0,Store Pickup,0,0,25,Venmo,4,0,2800,4.9,5,0,0,6.63,0,0,Low-Engagement Casuals
2856,29,Female,Footwear,95,Mississippi,Winter,3.8,0,2-Day Shipping,0,0,33,PayPal,6,0,18810,6.53,8.33,0,0,8.29,1,1,Platinum Champions
2857,65,Female,Outerwear,48,Iowa,Winter,3.5,0,2-Day Shipping,0,0,31,Credit Card,4,0,5952,6.12,5,0,0,7.04,1,0,Platinum Champions
2858,44,Female,Clothing,93,Utah,Spring,3.8,0,Next Day Air,0,0,35,Debit Card,4,0,13020,6.94,5,0,0,7.31,1,1,Platinum Champions
2859,34,Female,Clothing,87,Maryland,Summer,3.8,0,2-Day Shipping,0,0,46,Bank Transfer,4,0,16008,9.18,5,0,0,8.06,1,1,Platinum Champions
2860,31,Female,Clothing,32,Utah,Fall,3.4,0,Express,0,0,29,Bank Transfer,7,0,6496,5.71,10,0,0,8.57,1,0,Platinum Champions
2861,28,Female,Clothing,38,Rhode Island,Spring,2.9,0,Next Day Air,0,0,49,Bank Transfer,2,0,3724,9.8,1.67,0,0,7.16,1,0,Emerging Devotees
2862,66,Female,Outerwear,54,Maryland,Fall,3.4,0,Free Shipping,0,0,27,Credit Card,4,0,5832,5.31,5,0,0,6.77,0,0,At-Risk High-Value
2863,68,Female,Outerwear,75,Hawaii,Summer,4.7,0,Store Pickup,0,0,5,Bank Transfer,5,0,1875,0.82,6.67,0,0,5.83,0,1,Low-Engagement Casuals
2864,37,Female,Clothing,56,Connecticut,Fall,3.9,0,2-Day Shipping,0,0,18,Venmo,4,0,4032,3.47,5,0,0,6.16,0,1,Low-Engagement Casuals
2865,58,Female,Clothing,43,Illinois,Fall,3.6,0,Store Pickup,0,0,31,Venmo,2,0,2666,6.12,1.67,0,0,5.93,0,0,Low-Engagement Casuals
2866,28,Female,Clothing,97,California,Fall,3.7,0,Free Shipping,0,0,27,Cash,3,0,7857,5.31,3.33,0,0,6.21,0,0,At-Risk High-Value
2867,54,Female,Clothing,75,Connecticut,Summer,3.1,0,Free Shipping,0,0,19,Cash,7,0,9975,3.67,10,0,0,7.89,1,0,Platinum Champions
2868,21,Female,Footwear,55,Colorado,Summer,4.9,0,Next Day Air,0,0,33,Cash,3,0,5445,6.53,3.33,0,0,6.62,0,1,At-Risk High-Value
2869,45,Female,Accessories,49,Colorado,Winter,2.6,0,Next Day Air,0,0,42,PayPal,5,0,10290,8.37,6.67,0,0,8.35,1,0,Platinum Champions
2870,57,Female,Clothing,58,Georgia,Summer,4.2,0,Standard,0,0,16,Bank Transfer,2,0,1856,3.06,1.67,0,0,4.91,0,1,Low-Engagement Casuals
2871,47,Female,Accessories,34,North Dakota,Winter,4.8,0,Free Shipping,0,0,49,Debit Card,5,0,8330,9.8,6.67,0,0,8.82,1,1,Platinum Champions
2872,46,Female,Clothing,43,Idaho,Summer,2.7,0,2-Day Shipping,0,0,40,Venmo,1,0,1720,7.96,0,0,0,5.99,0,0,Low-Engagement Casuals
2873,63,Female,Accessories,48,Connecticut,Fall,2.6,0,Next Day Air,0,0,5,Cash,7,0,1680,0.82,10,0,0,6.94,0,0,Low-Engagement Casuals
2874,44,Female,Clothing,40,Montana,Spring,2.6,0,Free Shipping,0,0,8,Bank Transfer,4,0,1280,1.43,5,0,0,5.48,0,0,Low-Engagement Casuals
2875,36,Female,Clothing,29,Colorado,Summer,3.1,0,Standard,0,0,2,Debit Card,7,0,406,0.2,10,0,0,6.73,0,0,Low-Engagement Casuals
2876,24,Female,Clothing,81,Kentucky,Fall,2.6,0,Free Shipping,0,0,14,Debit Card,2,0,2268,2.65,1.67,0,0,4.77,0,0,Low-Engagement Casuals
2877,65,Female,Clothing,84,New Mexico,Spring,3.4,0,2-Day Shipping,0,0,5,Bank Transfer,3,0,1260,0.82,3.33,0,0,4.72,0,0,Low-Engagement Casuals
2878,32,Female,Clothing,46,New Jersey,Summer,3.6,0,Standard,0,0,34,Venmo,4,0,6256,6.73,5,0,0,7.24,1,0,Platinum Champions
2879,63,Female,Clothing,86,California,Summer,4.3,0,Next Day Air,0,0,13,Bank Transfer,7,0,7826,2.45,10,0,0,7.48,1,1,Platinum Champions
2880,62,Female,Clothing,57,North Dakota,Winter,4.9,0,Free Shipping,0,0,31,Venmo,7,0,12369,6.12,10,0,0,8.71,1,1,Platinum Champions
2881,19,Female,Clothing,61,Florida,Winter,4.8,0,Store Pickup,0,0,43,PayPal,6,0,15738,8.57,8.33,0,0,8.97,1,1,Platinum Champions
2882,38,Female,Accessories,90,Texas,Winter,4.2,0,Free Shipping,0,0,6,Bank Transfer,7,0,3780,1.02,10,0,0,7.01,1,1,Emerging Devotees
2883,59,Female,Clothing,51,Oklahoma,Winter,2.6,0,Store Pickup,0,0,23,Credit Card,1,0,1173,4.49,0,0,0,4.83,0,0,Low-Engagement Casuals
2884,22,Female,Clothing,48,Rhode Island,Spring,3.2,0,Standard,0,0,10,PayPal,2,0,960,1.84,1.67,0,0,4.5,0,0,Low-Engagement Casuals
2885,55,Female,Footwear,50,Arkansas,Summer,3.4,0,2-Day Shipping,0,0,47,Credit Card,5,0,11750,9.39,6.67,0,0,8.69,1,0,Platinum Champions
2886,29,Female,Accessories,82,Nevada,Summer,3.5,0,Next Day Air,0,0,14,Credit Card,1,0,1148,2.65,0,0,0,4.22,0,0,Low-Engagement Casuals
2887,42,Female,Accessories,33,Utah,Spring,4.2,0,Free Shipping,0,0,29,PayPal,2,0,1914,5.71,1.67,0,0,5.79,0,1,Low-Engagement Casuals
2888,23,Female,Footwear,28,Kentucky,Winter,2.8,0,Express,0,0,12,Cash,1,0,336,2.24,0,0,0,4.08,0,0,Low-Engagement Casuals
2889,70,Female,Clothing,42,Wisconsin,Spring,5,0,2-Day Shipping,0,0,25,Debit Card,6,0,6300,4.9,8.33,0,0,7.74,1,1,Platinum Champions
2890,64,Female,Accessories,43,Minnesota,Fall,3.3,0,Store Pickup,0,0,21,Venmo,7,0,6321,4.08,10,0,0,8.03,1,0,Platinum Champions
2891,39,Female,Clothing,55,North Dakota,Winter,3.7,0,Free Shipping,0,0,23,Credit Card,4,0,5060,4.49,5,0,0,6.5,0,0,At-Risk High-Value
2892,47,Female,Clothing,73,Ohio,Winter,2.5,0,Free Shipping,0,0,10,PayPal,4,0,2920,1.84,5,0,0,5.61,0,0,Low-Engagement Casuals
2893,22,Female,Clothing,39,Nevada,Spring,3.2,0,Standard,0,0,47,Credit Card,4,0,7332,9.39,5,0,0,8.13,1,0,Platinum Champions
2894,69,Female,Accessories,20,Kentucky,Spring,3.1,0,Free Shipping,0,0,44,Debit Card,5,0,4400,8.78,6.67,0,0,8.48,1,0,Platinum Champions
2895,35,Female,Accessories,32,Kentucky,Spring,3.5,0,Standard,0,0,41,Venmo,7,0,9184,8.16,10,0,0,9.39,1,0,Platinum Champions
2896,56,Female,Clothing,86,Montana,Summer,4.6,0,Standard,0,0,29,Bank Transfer,4,0,9976,5.71,5,0,0,6.9,0,1,At-Risk High-Value
2897,30,Female,Clothing,91,Delaware,Summer,3.3,0,Free Shipping,0,0,2,Venmo,5,0,910,0.2,6.67,0,0,5.62,0,0,Low-Engagement Casuals
2898,43,Female,Outerwear,59,Montana,Fall,2.5,0,Free Shipping,0,0,2,Cash,3,0,354,0.2,3.33,0,0,4.51,0,0,Low-Engagement Casuals
2899,23,Female,Footwear,33,New Jersey,Summer,4.6,0,Express,0,0,29,Credit Card,7,0,6699,5.71,10,0,0,8.57,1,1,Platinum Champions
2900,50,Female,Footwear,64,Nebraska,Spring,4.2,0,2-Day Shipping,0,0,22,Bank Transfer,3,0,4224,4.29,3.33,0,0,5.87,0,1,At-Risk High-Value
2901,41,Female,Clothing,67,Maryland,Winter,4,0,Standard,0,0,23,Cash,1,0,1541,4.49,0,0,0,4.83,0,1,Low-Engagement Casuals
2902,41,Female,Clothing,43,Alabama,Winter,2.6,0,Free Shipping,0,0,46,Credit Card,6,0,11868,9.18,8.33,0,0,9.17,1,0,Platinum Champions
2903,27,Female,Footwear,32,North Carolina,Spring,4.6,0,Standard,0,0,19,PayPal,1,0,608,3.67,0,0,0,4.56,0,1,Low-Engagement Casuals
2904,38,Female,Accessories,39,Delaware,Spring,3.5,0,2-Day Shipping,0,0,24,Credit Card,5,0,4680,4.69,6.67,0,0,7.12,1,0,Platinum Champions
2905,41,Female,Footwear,41,Iowa,Spring,4,0,2-Day Shipping,0,0,43,Venmo,4,0,7052,8.57,5,0,0,7.86,1,1,Platinum Champions
2906,58,Female,Accessories,53,New York,Winter,4.8,0,Standard,0,0,14,Debit Card,3,0,2226,2.65,3.33,0,0,5.33,0,1,Low-Engagement Casuals
2907,58,Female,Outerwear,27,Virginia,Spring,3.9,0,Standard,0,0,7,Venmo,7,0,1323,1.22,10,0,0,7.07,1,1,Emerging Devotees
2908,19,Female,Accessories,82,Maryland,Summer,3.7,0,Next Day Air,0,0,50,PayPal,1,0,4100,10,0,0,0,6.67,0,0,Low-Engagement Casuals
2909,43,Female,Clothing,87,Texas,Winter,3.1,0,Store Pickup,0,0,15,Debit Card,5,0,6525,2.86,6.67,0,0,6.51,0,0,At-Risk High-Value
2910,27,Female,Accessories,78,Louisiana,Winter,3,0,Next Day Air,0,0,40,Credit Card,5,0,15600,7.96,6.67,0,0,8.21,1,0,Platinum Champions
2911,32,Female,Accessories,32,Mississippi,Summer,2.9,0,Store Pickup,0,0,41,Credit Card,4,0,5248,8.16,5,0,0,7.72,1,0,Platinum Champions
2912,28,Female,Clothing,38,Ohio,Fall,2.9,0,Next Day Air,0,0,34,Venmo,6,0,7752,6.73,8.33,0,0,8.35,1,0,Platinum Champions
2913,48,Female,Footwear,37,Oregon,Winter,4,0,Standard,0,0,27,Cash,1,0,999,5.31,0,0,0,5.1,0,1,Low-Engagement Casuals
2914,43,Female,Outerwear,83,Wyoming,Winter,3.5,0,Express,0,0,12,Cash,5,0,4980,2.24,6.67,0,0,6.3,0,0,At-Risk High-Value
2915,45,Female,Clothing,72,Pennsylvania,Fall,3.8,0,Express,0,0,1,Debit Card,1,0,72,0,0,0,0,3.33,0,1,Low-Engagement Casuals
2916,26,Female,Clothing,30,Oregon,Fall,4.5,0,Express,0,0,39,Debit Card,1,0,1170,7.76,0,0,0,5.92,0,1,Low-Engagement Casuals
2917,62,Female,Clothing,66,Oklahoma,Winter,2.7,0,Express,0,0,13,Credit Card,1,0,858,2.45,0,0,0,4.15,0,0,Low-Engagement Casuals
2918,58,Female,Clothing,45,Colorado,Winter,2.9,0,Store Pickup,0,0,50,Venmo,7,0,15750,10,10,0,0,10,1,0,Platinum Champions
2919,19,Female,Accessories,73,New York,Fall,4.9,0,Free Shipping,0,0,36,Cash,2,0,5256,7.14,1.67,0,0,6.27,0,1,At-Risk High-Value
2920,64,Female,Footwear,67,Minnesota,Winter,3.8,0,Standard,0,0,31,Debit Card,4,0,8308,6.12,5,0,0,7.04,1,1,Platinum Champions
2921,33,Female,Accessories,72,Texas,Spring,4.9,0,Free Shipping,0,0,3,Debit Card,1,0,216,0.41,0,0,0,3.47,0,1,Low-Engagement Casuals
2922,20,Female,Accessories,24,Wisconsin,Fall,4.6,0,Standard,0,0,11,Cash,3,0,792,2.04,3.33,0,0,5.12,0,1,Low-Engagement Casuals
2923,45,Female,Accessories,68,Kentucky,Winter,3.5,0,Express,0,0,16,PayPal,6,0,6528,3.06,8.33,0,0,7.13,1,0,Platinum Champions
2924,28,Female,Clothing,70,Pennsylvania,Spring,4.2,0,2-Day Shipping,0,0,12,Cash,6,0,5040,2.24,8.33,0,0,6.86,0,1,At-Risk High-Value
2925,47,Female,Clothing,64,Rhode Island,Winter,3.7,0,Free Shipping,0,0,37,Debit Card,5,0,11840,7.35,6.67,0,0,8.01,1,0,Platinum Champions
2926,54,Female,Clothing,91,Illinois,Spring,2.8,0,Store Pickup,0,0,43,Credit Card,5,0,19565,8.57,6.67,0,0,8.41,1,0,Platinum Champions
2927,64,Female,Accessories,82,Maryland,Winter,4.8,0,2-Day Shipping,0,0,9,Cash,2,0,1476,1.63,1.67,0,0,4.43,0,1,Low-Engagement Casuals
2928,45,Female,Clothing,24,Missouri,Summer,2.7,0,Express,0,0,15,Venmo,1,0,360,2.86,0,0,0,4.29,0,0,Low-Engagement Casuals
2929,40,Female,Accessories,80,Alabama,Spring,3.6,0,Store Pickup,0,0,17,Credit Card,2,0,2720,3.27,1.67,0,0,4.98,0,0,Low-Engagement Casuals
2930,31,Female,Clothing,53,Maine,Winter,4.5,0,Next Day Air,0,0,42,Venmo,3,0,6678,8.37,3.33,0,0,7.23,1,1,Platinum Champions
2931,38,Female,Clothing,50,Mississippi,Spring,4,0,Free Shipping,0,0,14,Venmo,4,0,2800,2.65,5,0,0,5.88,0,1,Low-Engagement Casuals
2932,36,Female,Accessories,31,Alabama,Fall,4.5,0,2-Day Shipping,0,0,49,Credit Card,1,0,1519,9.8,0,0,0,6.6,0,1,Low-Engagement Casuals
2933,65,Female,Accessories,88,Alaska,Spring,3.9,0,Express,0,0,3,PayPal,6,0,1584,0.41,8.33,0,0,6.25,0,1,Low-Engagement Casuals
2934,27,Female,Accessories,52,Illinois,Summer,3.8,0,Standard,0,0,28,Venmo,4,0,5824,5.51,5,0,0,6.84,0,1,At-Risk High-Value
2935,38,Female,Accessories,22,Idaho,Fall,4.7,0,Next Day Air,0,0,41,Bank Transfer,6,0,5412,8.16,8.33,0,0,8.83,1,1,Platinum Champions
2936,58,Female,Footwear,27,North Carolina,Spring,4.6,0,Standard,0,0,11,Venmo,2,0,594,2.04,1.67,0,0,4.57,0,1,Low-Engagement Casuals
2937,31,Female,Clothing,34,Washington,Spring,3.6,0,Express,0,0,46,PayPal,2,0,3128,9.18,1.67,0,0,6.95,0,0,Low-Engagement Casuals
2938,28,Female,Accessories,39,West Virginia,Spring,4.3,0,2-Day Shipping,0,0,15,Credit Card,2,0,1170,2.86,1.67,0,0,4.84,0,1,Low-Engagement Casuals
2939,28,Female,Accessories,53,Maine,Fall,3,0,Standard,0,0,15,Cash,4,0,3180,2.86,5,0,0,5.95,0,0,Low-Engagement Casuals
2940,32,Female,Clothing,46,Kentucky,Winter,4.3,0,Express,0,0,34,Venmo,2,0,3128,6.73,1.67,0,0,6.13,0,1,Low-Engagement Casuals
2941,61,Female,Accessories,85,Massachusetts,Summer,4.8,0,Next Day Air,0,0,13,Cash,4,0,4420,2.45,5,0,0,5.82,0,1,At-Risk High-Value
2942,38,Female,Clothing,86,Pennsylvania,Spring,3.7,0,Free Shipping,0,0,27,PayPal,4,0,9288,5.31,5,0,0,6.77,0,0,At-Risk High-Value
2943,54,Female,Clothing,63,Hawaii,Summer,2.6,0,Free Shipping,0,0,37,Bank Transfer,2,0,4662,7.35,1.67,0,0,6.34,0,0,At-Risk High-Value
2944,29,Female,Clothing,44,Virginia,Spring,3.4,0,Standard,0,0,37,Credit Card,4,0,6512,7.35,5,0,0,7.45,1,0,Platinum Champions
2945,50,Female,Footwear,95,New York,Summer,3.9,0,Free Shipping,0,0,4,Venmo,5,0,1900,0.61,6.67,0,0,5.76,0,1,Low-Engagement Casuals
2946,32,Female,Accessories,49,Delaware,Summer,4.8,0,Free Shipping,0,0,1,Credit Card,5,0,245,0,6.67,0,0,5.56,0,1,Low-Engagement Casuals
2947,38,Female,Clothing,77,Hawaii,Spring,2.8,0,Free Shipping,0,0,29,Bank Transfer,6,0,13398,5.71,8.33,0,0,8.01,1,0,Platinum Champions
2948,52,Female,Accessories,63,Nebraska,Spring,4.4,0,Standard,0,0,50,Venmo,7,0,22050,10,10,0,0,10,1,1,Platinum Champions
2949,61,Female,Clothing,83,Vermont,Winter,3.1,0,Standard,0,0,38,Debit Card,1,0,3154,7.55,0,0,0,5.85,0,0,Low-Engagement Casuals
2950,25,Female,Accessories,93,Iowa,Spring,3.8,0,Store Pickup,0,0,15,PayPal,7,0,9765,2.86,10,0,0,7.62,1,1,Platinum Champions
2951,22,Female,Clothing,91,Iowa,Winter,4.1,0,2-Day Shipping,0,0,44,Debit Card,5,0,20020,8.78,6.67,0,0,8.48,1,1,Platinum Champions
2952,47,Female,Accessories,99,Arkansas,Fall,4.6,0,Free Shipping,0,0,14,Cash,2,0,2772,2.65,1.67,0,0,4.77,0,1,Low-Engagement Casuals
2953,50,Female,Accessories,24,Alabama,Spring,4.9,0,Next Day Air,0,0,5,Debit Card,4,0,480,0.82,5,0,0,5.27,0,1,Low-Engagement Casuals
2954,45,Female,Clothing,82,Maryland,Summer,4.8,0,Next Day Air,0,0,11,Credit Card,7,0,6314,2.04,10,0,0,7.35,1,1,Platinum Champions
2955,33,Female,Clothing,28,South Dakota,Winter,3.9,0,Express,0,0,15,Credit Card,7,0,2940,2.86,10,0,0,7.62,1,1,Emerging Devotees
2956,42,Female,Footwear,67,Vermont,Winter,2.6,0,Free Shipping,0,0,46,Credit Card,7,0,21574,9.18,10,0,0,9.73,1,0,Platinum Champions
2957,52,Female,Clothing,88,Montana,Fall,3.7,0,Standard,0,0,30,Venmo,4,0,10560,5.92,5,0,0,6.97,0,0,At-Risk High-Value
2958,69,Female,Accessories,70,South Dakota,Fall,4.7,0,Standard,0,0,2,Cash,7,0,980,0.2,10,0,0,6.73,0,1,Low-Engagement Casuals
2959,55,Female,Clothing,100,Ohio,Summer,4.5,0,Standard,0,0,28,PayPal,4,0,11200,5.51,5,0,0,6.84,0,1,At-Risk High-Value
2960,38,Female,Accessories,28,Texas,Summer,4.7,0,Free Shipping,0,0,9,PayPal,6,0,1512,1.63,8.33,0,0,6.65,0,1,Low-Engagement Casuals
2961,57,Female,Outerwear,48,Indiana,Spring,3.6,0,Standard,0,0,47,Credit Card,2,0,4512,9.39,1.67,0,0,7.02,1,0,Platinum Champions
2962,33,Female,Clothing,43,New Hampshire,Fall,2.8,0,Free Shipping,0,0,21,Debit Card,1,0,903,4.08,0,0,0,4.69,0,0,Low-Engagement Casuals
2963,57,Female,Clothing,40,California,Fall,4,0,Express,0,0,42,Credit Card,5,0,8400,8.37,6.67,0,0,8.35,1,1,Platinum Champions
2964,52,Female,Footwear,97,Maine,Spring,3.6,0,Free Shipping,0,0,28,Credit Card,2,0,5432,5.51,1.67,0,0,5.73,0,0,At-Risk High-Value
2965,44,Female,Outerwear,25,Ohio,Fall,3.8,0,2-Day Shipping,0,0,13,Venmo,3,0,975,2.45,3.33,0,0,5.26,0,1,Low-Engagement Casuals
2966,48,Female,Accessories,45,Delaware,Summer,4.4,0,Standard,0,0,25,PayPal,3,0,3375,4.9,3.33,0,0,6.08,0,1,Low-Engagement Casuals
2967,52,Female,Footwear,49,Oklahoma,Fall,2.8,0,Store Pickup,0,0,38,Debit Card,5,0,9310,7.55,6.67,0,0,8.07,1,0,Platinum Champions
2968,34,Female,Footwear,36,Indiana,Summer,3.4,0,Free Shipping,0,0,40,Venmo,7,0,10080,7.96,10,0,0,9.32,1,0,Platinum Champions
2969,26,Female,Clothing,48,South Carolina,Fall,4.9,0,Express,0,0,25,Cash,5,0,6000,4.9,6.67,0,0,7.19,1,1,Platinum Champions
2970,36,Female,Accessories,62,Vermont,Fall,4.3,0,Next Day Air,0,0,20,Cash,5,0,6200,3.88,6.67,0,0,6.85,0,1,At-Risk High-Value
2971,24,Female,Accessories,74,Kansas,Winter,3.4,0,Free Shipping,0,0,44,Credit Card,1,0,3256,8.78,0,0,0,6.26,0,0,Low-Engagement Casuals
2972,30,Female,Accessories,100,Utah,Fall,3.9,0,Next Day Air,0,0,9,PayPal,5,0,4500,1.63,6.67,0,0,6.1,0,1,At-Risk High-Value
2973,31,Female,Outerwear,39,New York,Fall,4.2,0,Free Shipping,0,0,11,Venmo,5,0,2145,2.04,6.67,0,0,6.24,0,1,Low-Engagement Casuals
2974,25,Female,Footwear,65,Indiana,Summer,2.7,0,Store Pickup,0,0,3,Bank Transfer,3,0,585,0.41,3.33,0,0,4.58,0,0,Low-Engagement Casuals
2975,57,Female,Footwear,99,Tennessee,Summer,4.1,0,Store Pickup,0,0,34,Credit Card,2,0,6732,6.73,1.67,0,0,6.13,0,1,At-Risk High-Value
2976,61,Female,Accessories,68,Georgia,Winter,4.5,0,2-Day Shipping,0,0,48,Cash,5,0,16320,9.59,6.67,0,0,8.75,1,1,Platinum Champions
2977,30,Female,Outerwear,97,Nebraska,Summer,2.8,0,Express,0,0,28,Cash,3,0,8148,5.51,3.33,0,0,6.28,0,0,At-Risk High-Value
2978,38,Female,Clothing,47,Washington,Winter,3.4,0,Standard,0,0,20,Venmo,7,0,6580,3.88,10,0,0,7.96,1,0,Platinum Champions
2979,53,Female,Clothing,56,Idaho,Spring,3.9,0,Free Shipping,0,0,49,Bank Transfer,3,0,8232,9.8,3.33,0,0,7.71,1,1,Platinum Champions
2980,31,Female,Clothing,91,Louisiana,Fall,2.6,0,Next Day Air,0,0,14,PayPal,2,0,2548,2.65,1.67,0,0,4.77,0,0,Low-Engagement Casuals
2981,70,Female,Accessories,93,New Jersey,Fall,4.4,0,2-Day Shipping,0,0,9,Bank Transfer,4,0,3348,1.63,5,0,0,5.54,0,1,Low-Engagement Casuals
2982,21,Female,Clothing,36,Delaware,Winter,4.9,0,Standard,0,0,37,Venmo,7,0,9324,7.35,10,0,0,9.12,1,1,Platinum Champions
2983,33,Female,Clothing,45,Wisconsin,Summer,3.6,0,Store Pickup,0,0,4,Credit Card,2,0,360,0.61,1.67,0,0,4.09,0,0,Low-Engagement Casuals
2984,60,Female,Clothing,44,West Virginia,Winter,2.8,0,2-Day Shipping,0,0,1,Credit Card,6,0,264,0,8.33,0,0,6.11,0,0,Low-Engagement Casuals
2985,45,Female,Accessories,32,Texas,Spring,4.3,0,2-Day Shipping,0,0,36,Debit Card,1,0,1152,7.14,0,0,0,5.71,0,1,Low-Engagement Casuals
2986,46,Female,Accessories,36,Hawaii,Summer,3,0,Express,0,0,21,Cash,1,0,756,4.08,0,0,0,4.69,0,0,Low-Engagement Casuals
2987,62,Female,Accessories,85,Arizona,Summer,3.3,0,2-Day Shipping,0,0,16,Credit Card,4,0,5440,3.06,5,0,0,6.02,0,0,At-Risk High-Value
2988,63,Female,Clothing,36,Louisiana,Winter,2.5,0,Store Pickup,0,0,42,Cash,4,0,6048,8.37,5,0,0,7.79,1,0,Platinum Champions
2989,69,Female,Clothing,55,Nevada,Spring,5,0,2-Day Shipping,0,0,31,Debit Card,4,0,6820,6.12,5,0,0,7.04,1,1,Platinum Champions
2990,46,Female,Accessories,20,Rhode Island,Summer,4.3,0,2-Day Shipping,0,0,6,Credit Card,2,0,240,1.02,1.67,0,0,4.23,0,1,Low-Engagement Casuals
2991,69,Female,Clothing,91,Illinois,Fall,4.2,0,Free Shipping,0,0,24,Venmo,4,0,8736,4.69,5,0,0,6.56,0,1,At-Risk High-Value
2992,66,Female,Clothing,71,Utah,Summer,3.9,0,Standard,0,0,7,PayPal,1,0,497,1.22,0,0,0,3.74,0,1,Low-Engagement Casuals
2993,41,Female,Clothing,64,North Dakota,Spring,3.9,0,Store Pickup,0,0,25,Venmo,2,0,3200,4.9,1.67,0,0,5.52,0,1,Low-Engagement Casuals
2994,32,Female,Outerwear,21,Kansas,Spring,4.2,0,Free Shipping,0,0,18,Cash,1,0,378,3.47,0,0,0,4.49,0,1,Low-Engagement Casuals
2995,69,Female,Clothing,100,Nevada,Winter,3.5,0,Store Pickup,0,0,14,Bank Transfer,6,0,8400,2.65,8.33,0,0,6.99,0,0,At-Risk High-Value
2996,29,Female,Clothing,96,Virginia,Summer,2.5,0,Standard,0,0,42,Debit Card,1,0,4032,8.37,0,0,0,6.12,0,0,Low-Engagement Casuals
2997,70,Female,Accessories,91,Utah,Spring,2.9,0,Express,0,0,6,Venmo,5,0,2730,1.02,6.67,0,0,5.9,0,0,Low-Engagement Casuals
2998,41,Female,Clothing,40,Idaho,Spring,2.7,0,Next Day Air,0,0,14,Venmo,5,0,2800,2.65,6.67,0,0,6.44,0,0,Low-Engagement Casuals
2999,31,Female,Clothing,53,Alaska,Summer,4.7,0,Express,0,0,30,Debit Card,6,0,9540,5.92,8.33,0,0,8.08,1,1,Platinum Champions
3000,31,Female,Accessories,48,New Hampshire,Winter,3.8,0,Standard,0,0,10,Cash,4,0,1920,1.84,5,0,0,5.61,0,1,Low-Engagement Casuals
3001,57,Female,Footwear,70,Ohio,Winter,3.7,0,Express,0,0,7,PayPal,2,0,980,1.22,1.67,0,0,4.3,0,0,Low-Engagement Casuals
3002,29,Female,Outerwear,29,Montana,Summer,4.7,0,Express,0,0,28,Credit Card,6,0,4872,5.51,8.33,0,0,7.95,1,1,Platinum Champions
3003,70,Female,Accessories,29,Louisiana,Fall,3.6,0,Next Day Air,0,0,19,Bank Transfer,6,0,3306,3.67,8.33,0,0,7.33,1,0,Emerging Devotees
3004,51,Female,Clothing,53,Oregon,Fall,2.8,0,Express,0,0,13,Credit Card,5,0,3445,2.45,6.67,0,0,6.37,0,0,Low-Engagement Casuals
3005,45,Female,Clothing,79,Arizona,Winter,3.7,0,Store Pickup,0,0,23,Venmo,3,0,5451,4.49,3.33,0,0,5.94,0,0,At-Risk High-Value
3006,18,Female,Clothing,65,Alaska,Spring,3.5,0,Express,0,0,5,Venmo,2,0,650,0.82,1.67,0,0,4.16,0,0,Low-Engagement Casuals
3007,37,Female,Clothing,99,Utah,Summer,3.7,0,Store Pickup,0,0,17,Venmo,1,0,1683,3.27,0,0,0,4.42,0,0,Low-Engagement Casuals
3008,23,Female,Accessories,60,New York,Winter,3,0,Next Day Air,0,0,31,Venmo,2,0,3720,6.12,1.67,0,0,5.93,0,0,Low-Engagement Casuals
3009,39,Female,Footwear,86,New Mexico,Winter,4.9,0,Free Shipping,0,0,19,PayPal,2,0,3268,3.67,1.67,0,0,5.11,0,1,Low-Engagement Casuals
3010,62,Female,Accessories,73,Louisiana,Winter,4.6,0,Free Shipping,0,0,8,Venmo,3,0,1752,1.43,3.33,0,0,4.92,0,1,Low-Engagement Casuals
3011,70,Female,Accessories,45,Ohio,Winter,3.3,0,Free Shipping,0,0,15,Credit Card,7,0,4725,2.86,10,0,0,7.62,1,0,Platinum Champions
3012,20,Female,Accessories,70,Nevada,Summer,3,0,Next Day Air,0,0,18,Credit Card,5,0,6300,3.47,6.67,0,0,6.71,0,0,At-Risk High-Value
3013,42,Female,Accessories,65,Idaho,Fall,3.5,0,Standard,0,0,16,PayPal,7,0,7280,3.06,10,0,0,7.69,1,0,Platinum Champions
3014,41,Female,Clothing,55,Arizona,Summer,4.2,0,Store Pickup,0,0,13,Cash,4,0,2860,2.45,5,0,0,5.82,0,1,Low-Engagement Casuals
3015,24,Female,Clothing,65,Utah,Spring,4.5,0,Express,0,0,38,PayPal,5,0,12350,7.55,6.67,0,0,8.07,1,1,Platinum Champions
3016,37,Female,Accessories,21,Wyoming,Spring,2.8,0,Express,0,0,27,Bank Transfer,1,0,567,5.31,0,0,0,5.1,0,0,Low-Engagement Casuals
3017,30,Female,Clothing,26,Indiana,Summer,4.9,0,Store Pickup,0,0,31,Bank Transfer,6,0,4836,6.12,8.33,0,0,8.15,1,1,Platinum Champions
3018,58,Female,Accessories,71,Wisconsin,Summer,3.3,0,Next Day Air,0,0,24,Cash,1,0,1704,4.69,0,0,0,4.9,0,0,Low-Engagement Casuals
3019,43,Female,Footwear,41,Texas,Summer,3,0,Free Shipping,0,0,21,Debit Card,1,0,861,4.08,0,0,0,4.69,0,0,Low-Engagement Casuals
3020,19,Female,Outerwear,44,Utah,Winter,3.9,0,2-Day Shipping,0,0,15,PayPal,7,0,4620,2.86,10,0,0,7.62,1,1,Platinum Champions
3021,23,Female,Clothing,81,Arkansas,Fall,2.8,0,Store Pickup,0,0,48,Venmo,5,0,19440,9.59,6.67,0,0,8.75,1,0,Platinum Champions
3022,65,Female,Accessories,77,Pennsylvania,Summer,4.5,0,2-Day Shipping,0,0,47,Cash,6,0,21714,9.39,8.33,0,0,9.24,1,1,Platinum Champions
3023,58,Female,Footwear,26,Georgia,Fall,4,0,Free Shipping,0,0,23,PayPal,2,0,1196,4.49,1.67,0,0,5.39,0,1,Low-Engagement Casuals
3024,50,Female,Accessories,31,Indiana,Summer,2.9,0,Express,0,0,4,PayPal,6,0,744,0.61,8.33,0,0,6.31,0,0,Low-Engagement Casuals
3025,67,Female,Clothing,82,Idaho,Spring,4,0,Free Shipping,0,0,47,Credit Card,5,0,19270,9.39,6.67,0,0,8.69,1,1,Platinum Champions
3026,40,Female,Footwear,60,Montana,Summer,3.4,0,Store Pickup,0,0,7,PayPal,4,0,1680,1.22,5,0,0,5.41,0,0,Low-Engagement Casuals
3027,55,Female,Clothing,70,Tennessee,Fall,2.5,0,Free Shipping,0,0,6,Credit Card,7,0,2940,1.02,10,0,0,7.01,1,0,Emerging Devotees
3028,52,Female,Clothing,26,West Virginia,Winter,2.8,0,2-Day Shipping,0,0,47,Credit Card,6,0,7332,9.39,8.33,0,0,9.24,1,0,Platinum Champions
3029,62,Female,Clothing,100,California,Summer,3,0,Free Shipping,0,0,7,PayPal,5,0,3500,1.22,6.67,0,0,5.96,0,0,Low-Engagement Casuals
3030,64,Female,Clothing,82,Georgia,Summer,3.1,0,Free Shipping,0,0,1,Debit Card,6,0,492,0,8.33,0,0,6.11,0,0,Low-Engagement Casuals
3031,43,Female,Footwear,24,Maryland,Spring,2.6,0,2-Day Shipping,0,0,23,Credit Card,2,0,1104,4.49,1.67,0,0,5.39,0,0,Low-Engagement Casuals
3032,61,Female,Clothing,74,Idaho,Summer,4.9,0,2-Day Shipping,0,0,30,Credit Card,4,0,8880,5.92,5,0,0,6.97,0,1,At-Risk High-Value
3033,26,Female,Accessories,58,California,Summer,3.5,0,Next Day Air,0,0,24,Credit Card,6,0,8352,4.69,8.33,0,0,7.67,1,0,Platinum Champions
3034,22,Female,Clothing,56,Alabama,Spring,2.6,0,Store Pickup,0,0,9,PayPal,2,0,1008,1.63,1.67,0,0,4.43,0,0,Low-Engagement Casuals
3035,51,Female,Footwear,37,Utah,Spring,3.5,0,2-Day Shipping,0,0,25,Credit Card,6,0,5550,4.9,8.33,0,0,7.74,1,0,Platinum Champions
3036,69,Female,Accessories,64,Kentucky,Spring,4.5,0,Free Shipping,0,0,18,Cash,1,0,1152,3.47,0,0,0,4.49,0,1,Low-Engagement Casuals
3037,50,Female,Clothing,58,Vermont,Spring,4.3,0,Next Day Air,0,0,7,Venmo,3,0,1218,1.22,3.33,0,0,4.85,0,1,Low-Engagement Casuals
3038,51,Female,Accessories,44,Iowa,Summer,4.8,0,Next Day Air,0,0,2,Cash,7,0,616,0.2,10,0,0,6.73,0,1,Low-Engagement Casuals
3039,56,Female,Accessories,39,Georgia,Summer,4.2,0,Free Shipping,0,0,36,Debit Card,7,0,9828,7.14,10,0,0,9.05,1,1,Platinum Champions
3040,59,Female,Clothing,48,Alabama,Spring,3.2,0,Next Day Air,0,0,31,PayPal,1,0,1488,6.12,0,0,0,5.37,0,0,Low-Engagement Casuals
3041,18,Female,Accessories,32,Nebraska,Fall,4.1,0,Express,0,0,10,Cash,3,0,960,1.84,3.33,0,0,5.06,0,1,Low-Engagement Casuals
3042,48,Female,Accessories,79,Rhode Island,Winter,4,0,Express,0,0,27,PayPal,4,0,8532,5.31,5,0,0,6.77,0,1,At-Risk High-Value
3043,53,Female,Outerwear,27,South Dakota,Winter,2.9,0,Next Day Air,0,0,14,PayPal,5,0,1890,2.65,6.67,0,0,6.44,0,0,Low-Engagement Casuals
3044,45,Female,Accessories,98,Illinois,Fall,2.6,0,Store Pickup,0,0,17,Credit Card,4,0,6664,3.27,5,0,0,6.09,0,0,At-Risk High-Value
3045,21,Female,Footwear,67,North Carolina,Winter,2.7,0,Free Shipping,0,0,10,Bank Transfer,6,0,4020,1.84,8.33,0,0,6.72,0,0,Low-Engagement Casuals
3046,42,Female,Clothing,37,Florida,Winter,4.6,0,2-Day Shipping,0,0,4,PayPal,1,0,148,0.61,0,0,0,3.54,0,1,Low-Engagement Casuals
3047,60,Female,Footwear,49,Pennsylvania,Spring,3.2,0,Store Pickup,0,0,25,Cash,5,0,6125,4.9,6.67,0,0,7.19,1,0,Platinum Champions
3048,21,Female,Footwear,74,Vermont,Fall,4.1,0,2-Day Shipping,0,0,3,PayPal,1,0,222,0.41,0,0,0,3.47,0,1,Low-Engagement Casuals
3049,69,Female,Accessories,93,Colorado,Summer,3.9,0,Standard,0,0,47,Venmo,3,0,13113,9.39,3.33,0,0,7.57,1,1,Platinum Champions
3050,40,Female,Accessories,60,Utah,Summer,3,0,Next Day Air,0,0,41,Bank Transfer,1,0,2460,8.16,0,0,0,6.05,0,0,Low-Engagement Casuals
3051,31,Female,Outerwear,76,Kentucky,Spring,3.6,0,Standard,0,0,28,Venmo,5,0,10640,5.51,6.67,0,0,7.39,1,0,Platinum Champions
3052,44,Female,Accessories,64,Wyoming,Summer,4.6,0,Express,0,0,49,Debit Card,5,0,15680,9.8,6.67,0,0,8.82,1,1,Platinum Champions
3053,48,Female,Footwear,38,Maine,Spring,4.5,0,Store Pickup,0,0,7,Bank Transfer,3,0,798,1.22,3.33,0,0,4.85,0,1,Low-Engagement Casuals
3054,32,Female,Footwear,91,Maine,Winter,3.2,0,Next Day Air,0,0,22,Bank Transfer,4,0,8008,4.29,5,0,0,6.43,0,0,At-Risk High-Value
3055,42,Female,Footwear,70,New Hampshire,Summer,4.9,0,2-Day Shipping,0,0,34,Venmo,4,0,9520,6.73,5,0,0,7.24,1,1,Platinum Champions
3056,27,Female,Footwear,22,Kansas,Fall,5,0,Standard,0,0,5,Debit Card,1,0,110,0.82,0,0,0,3.61,0,1,Low-Engagement Casuals
3057,69,Female,Accessories,59,New Jersey,Spring,3.8,0,Standard,0,0,15,Cash,1,0,885,2.86,0,0,0,4.29,0,1,Low-Engagement Casuals
3058,67,Female,Accessories,22,North Carolina,Spring,3.4,0,Next Day Air,0,0,26,Bank Transfer,2,0,1144,5.1,1.67,0,0,5.59,0,0,Low-Engagement Casuals
3059,41,Female,Accessories,74,West Virginia,Winter,3.8,0,Store Pickup,0,0,3,Bank Transfer,3,0,666,0.41,3.33,0,0,4.58,0,1,Low-Engagement Casuals
3060,46,Female,Clothing,71,Kentucky,Spring,3.2,0,Express,0,0,42,Credit Card,6,0,17892,8.37,8.33,0,0,8.9,1,0,Platinum Champions
3061,47,Female,Outerwear,80,California,Summer,4.7,0,Store Pickup,0,0,1,Venmo,4,0,320,0,5,0,0,5,0,1,Low-Engagement Casuals
3062,33,Female,Clothing,59,South Dakota,Fall,4.5,0,Express,0,0,20,PayPal,5,0,5900,3.88,6.67,0,0,6.85,0,1,At-Risk High-Value
3063,51,Female,Accessories,96,California,Fall,3.3,0,Standard,0,0,39,PayPal,4,0,14976,7.76,5,0,0,7.59,1,0,Platinum Champions
3064,26,Female,Accessories,43,Connecticut,Winter,3.9,0,Store Pickup,0,0,24,Credit Card,3,0,3096,4.69,3.33,0,0,6.01,0,1,Low-Engagement Casuals
3065,22,Female,Accessories,76,Idaho,Winter,3.6,0,Express,0,0,49,Bank Transfer,6,0,22344,9.8,8.33,0,0,9.38,1,0,Platinum Champions
3066,49,Female,Outerwear,59,North Dakota,Fall,2.8,0,Store Pickup,0,0,7,Venmo,1,0,413,1.22,0,0,0,3.74,0,0,Low-Engagement Casuals
3067,58,Female,Clothing,48,Michigan,Summer,4.3,0,Free Shipping,0,0,13,Venmo,5,0,3120,2.45,6.67,0,0,6.37,0,1,Low-Engagement Casuals
3068,70,Female,Accessories,22,Missouri,Spring,3.5,0,Free Shipping,0,0,2,Cash,2,0,88,0.2,1.67,0,0,3.96,0,0,Low-Engagement Casuals
3069,32,Female,Footwear,40,California,Winter,4.2,0,Express,0,0,4,Debit Card,2,0,320,0.61,1.67,0,0,4.09,0,1,Low-Engagement Casuals
3070,62,Female,Clothing,73,Delaware,Spring,4.6,0,Express,0,0,17,Debit Card,6,0,7446,3.27,8.33,0,0,7.2,1,1,Platinum Champions
3071,52,Female,Footwear,26,Alabama,Fall,2.6,0,Free Shipping,0,0,43,PayPal,1,0,1118,8.57,0,0,0,6.19,0,0,Low-Engagement Casuals
3072,23,Female,Clothing,41,New Hampshire,Spring,3.4,0,Next Day Air,0,0,6,PayPal,4,0,984,1.02,5,0,0,5.34,0,0,Low-Engagement Casuals
3073,26,Female,Accessories,98,New York,Spring,3.1,0,Standard,0,0,46,PayPal,6,0,27048,9.18,8.33,0,0,9.17,1,0,Platinum Champions
3074,58,Female,Clothing,63,Oregon,Winter,3.6,0,Free Shipping,0,0,7,Debit Card,1,0,441,1.22,0,0,0,3.74,0,0,Low-Engagement Casuals
3075,26,Female,Footwear,55,Massachusetts,Winter,4.2,0,Next Day Air,0,0,34,Debit Card,3,0,5610,6.73,3.33,0,0,6.69,0,1,At-Risk High-Value
3076,54,Female,Clothing,90,Utah,Winter,3.6,0,Standard,0,0,21,PayPal,5,0,9450,4.08,6.67,0,0,6.92,0,0,At-Risk High-Value
3077,66,Female,Accessories,46,New Hampshire,Summer,3.6,0,Express,0,0,13,Venmo,1,0,598,2.45,0,0,0,4.15,0,0,Low-Engagement Casuals
3078,60,Female,Clothing,88,Illinois,Spring,3,0,Store Pickup,0,0,33,Debit Card,1,0,2904,6.53,0,0,0,5.51,0,0,Low-Engagement Casuals
3079,32,Female,Accessories,95,Alaska,Spring,2.5,0,2-Day Shipping,0,0,24,Bank Transfer,1,0,2280,4.69,0,0,0,4.9,0,0,Low-Engagement Casuals
3080,48,Female,Accessories,31,Wyoming,Fall,4,0,Store Pickup,0,0,4,Bank Transfer,7,0,868,0.61,10,0,0,6.87,0,1,Low-Engagement Casuals
3081,69,Female,Clothing,42,Colorado,Spring,4.1,0,Next Day Air,0,0,5,Cash,1,0,210,0.82,0,0,0,3.61,0,1,Low-Engagement Casuals
3082,64,Female,Footwear,44,Vermont,Winter,4.9,0,Next Day Air,0,0,11,Credit Card,2,0,968,2.04,1.67,0,0,4.57,0,1,Low-Engagement Casuals
3083,56,Female,Clothing,99,Utah,Spring,4,0,Next Day Air,0,0,20,Bank Transfer,7,0,13860,3.88,10,0,0,7.96,1,1,Platinum Champions
3084,22,Female,Clothing,20,Illinois,Summer,3.5,0,Store Pickup,0,0,28,PayPal,6,0,3360,5.51,8.33,0,0,7.95,1,0,Emerging Devotees
3085,46,Female,Accessories,37,Idaho,Spring,3.2,0,Store Pickup,0,0,43,PayPal,4,0,6364,8.57,5,0,0,7.86,1,0,Platinum Champions
3086,24,Female,Clothing,50,Nevada,Winter,2.8,0,Store Pickup,0,0,10,Venmo,5,0,2500,1.84,6.67,0,0,6.17,0,0,Low-Engagement Casuals
3087,47,Female,Accessories,73,Utah,Summer,3.5,0,Next Day Air,0,0,26,Venmo,5,0,9490,5.1,6.67,0,0,7.26,1,0,Platinum Champions
3088,62,Female,Clothing,84,North Carolina,Spring,3.1,0,Free Shipping,0,0,29,Bank Transfer,4,0,9744,5.71,5,0,0,6.9,0,0,At-Risk High-Value
3089,34,Female,Clothing,64,Arkansas,Spring,3.3,0,Store Pickup,0,0,35,Bank Transfer,6,0,13440,6.94,8.33,0,0,8.42,1,0,Platinum Champions
3090,50,Female,Footwear,21,North Carolina,Fall,4.6,0,Free Shipping,0,0,23,Cash,1,0,483,4.49,0,0,0,4.83,0,1,Low-Engagement Casuals
3091,29,Female,Clothing,36,Texas,Summer,4.9,0,Store Pickup,0,0,15,Bank Transfer,6,0,3240,2.86,8.33,0,0,7.06,1,1,Emerging Devotees
3092,68,Female,Clothing,81,Nevada,Winter,3.4,0,2-Day Shipping,0,0,46,Credit Card,7,0,26082,9.18,10,0,0,9.73,1,0,Platinum Champions
3093,52,Female,Accessories,54,Utah,Fall,3.5,0,Next Day Air,0,0,14,Bank Transfer,1,0,756,2.65,0,0,0,4.22,0,0,Low-Engagement Casuals
3094,29,Female,Clothing,63,Pennsylvania,Summer,4.8,0,Store Pickup,0,0,17,Cash,5,0,5355,3.27,6.67,0,0,6.65,0,1,At-Risk High-Value
3095,22,Female,Footwear,59,Georgia,Summer,2.7,0,Store Pickup,0,0,9,Cash,2,0,1062,1.63,1.67,0,0,4.43,0,0,Low-Engagement Casuals
3096,62,Female,Accessories,53,Minnesota,Fall,3.4,0,Standard,0,0,13,Venmo,3,0,2067,2.45,3.33,0,0,5.26,0,0,Low-Engagement Casuals
3097,69,Female,Clothing,63,Kansas,Winter,3.5,0,Next Day Air,0,0,20,Bank Transfer,4,0,5040,3.88,5,0,0,6.29,0,0,At-Risk High-Value
3098,48,Female,Footwear,33,Delaware,Fall,3.7,0,Free Shipping,0,0,39,Bank Transfer,6,0,7722,7.76,8.33,0,0,8.7,1,0,Platinum Champions
3099,66,Female,Clothing,64,New Mexico,Summer,3.3,0,Next Day Air,0,0,50,Bank Transfer,6,0,19200,10,8.33,0,0,9.44,1,0,Platinum Champions
3100,42,Female,Clothing,98,Michigan,Fall,2.9,0,Free Shipping,0,0,21,Bank Transfer,1,0,2058,4.08,0,0,0,4.69,0,0,Low-Engagement Casuals
3101,50,Female,Accessories,85,Vermont,Winter,3.9,0,Express,0,0,3,Bank Transfer,2,0,510,0.41,1.67,0,0,4.03,0,1,Low-Engagement Casuals
3102,32,Female,Accessories,82,Idaho,Summer,2.7,0,Express,0,0,9,PayPal,3,0,2214,1.63,3.33,0,0,4.99,0,0,Low-Engagement Casuals
3103,51,Female,Outerwear,85,South Dakota,Summer,4.3,0,Standard,0,0,29,Cash,1,0,2465,5.71,0,0,0,5.24,0,1,Low-Engagement Casuals
3104,27,Female,Clothing,37,Illinois,Winter,3,0,2-Day Shipping,0,0,42,Bank Transfer,2,0,3108,8.37,1.67,0,0,6.68,0,0,Low-Engagement Casuals
3105,43,Female,Clothing,56,Georgia,Summer,5,0,2-Day Shipping,0,0,41,Debit Card,3,0,6888,8.16,3.33,0,0,7.16,1,1,Platinum Champions
3106,48,Female,Clothing,33,Oregon,Fall,2.7,0,Express,0,0,17,Debit Card,4,0,2244,3.27,5,0,0,6.09,0,0,Low-Engagement Casuals
3107,62,Female,Footwear,57,Alabama,Winter,4.7,0,Next Day Air,0,0,20,PayPal,7,0,7980,3.88,10,0,0,7.96,1,1,Platinum Champions
3108,65,Female,Clothing,31,Hawaii,Winter,4.6,0,Standard,0,0,18,Credit Card,1,0,558,3.47,0,0,0,4.49,0,1,Low-Engagement Casuals
3109,50,Female,Clothing,69,Oregon,Fall,3.2,0,2-Day Shipping,0,0,7,PayPal,4,0,1932,1.22,5,0,0,5.41,0,0,Low-Engagement Casuals
3110,60,Female,Outerwear,92,Illinois,Winter,4.3,0,Free Shipping,0,0,47,Bank Transfer,3,0,12972,9.39,3.33,0,0,7.57,1,1,Platinum Champions
3111,19,Female,Accessories,46,Texas,Fall,4.6,0,Next Day Air,0,0,2,Bank Transfer,1,0,92,0.2,0,0,0,3.4,0,1,Low-Engagement Casuals
3112,21,Female,Accessories,81,Kansas,Spring,4.9,0,Free Shipping,0,0,25,Debit Card,6,0,12150,4.9,8.33,0,0,7.74,1,1,Platinum Champions
3113,19,Female,Clothing,97,Texas,Fall,3.8,0,Express,0,0,26,Venmo,7,0,17654,5.1,10,0,0,8.37,1,1,Platinum Champions
3114,46,Female,Clothing,93,Nebraska,Summer,2.6,0,Express,0,0,2,Debit Card,2,0,372,0.2,1.67,0,0,3.96,0,0,Low-Engagement Casuals
3115,21,Female,Accessories,56,Arkansas,Spring,4.7,0,Store Pickup,0,0,45,Venmo,1,0,2520,8.98,0,0,0,6.33,0,1,Low-Engagement Casuals
3116,26,Female,Accessories,53,South Dakota,Fall,4.1,0,Free Shipping,0,0,9,Bank Transfer,1,0,477,1.63,0,0,0,3.88,0,1,Low-Engagement Casuals
3117,50,Female,Outerwear,66,Montana,Spring,3.7,0,Store Pickup,0,0,1,Venmo,2,0,132,0,1.67,0,0,3.89,0,0,Low-Engagement Casuals
3118,43,Female,Clothing,50,Florida,Fall,3,0,Free Shipping,0,0,4,PayPal,1,0,200,0.61,0,0,0,3.54,0,0,Low-Engagement Casuals
3119,61,Female,Clothing,97,Virginia,Summer,4.7,0,Standard,0,0,31,Debit Card,6,0,18042,6.12,8.33,0,0,8.15,1,1,Platinum Champions
3120,63,Female,Footwear,79,Louisiana,Winter,4.7,0,2-Day Shipping,0,0,21,Credit Card,5,0,8295,4.08,6.67,0,0,6.92,0,1,At-Risk High-Value
3121,46,Female,Clothing,76,Louisiana,Fall,4,0,Store Pickup,0,0,32,Debit Card,3,0,7296,6.33,3.33,0,0,6.55,0,1,At-Risk High-Value
3122,63,Female,Clothing,38,Louisiana,Fall,2.6,0,Standard,0,0,16,Venmo,2,0,1216,3.06,1.67,0,0,4.91,0,0,Low-Engagement Casuals
3123,23,Female,Clothing,45,Georgia,Fall,3,0,Express,0,0,34,Credit Card,3,0,4590,6.73,3.33,0,0,6.69,0,0,At-Risk High-Value
3124,57,Female,Accessories,77,Iowa,Fall,3.3,0,Next Day Air,0,0,40,Venmo,1,0,3080,7.96,0,0,0,5.99,0,0,Low-Engagement Casuals
3125,57,Female,Accessories,51,California,Summer,3.4,0,Standard,0,0,4,Cash,5,0,1020,0.61,6.67,0,0,5.76,0,0,Low-Engagement Casuals
3126,33,Female,Outerwear,26,Oregon,Spring,4,0,Standard,0,0,3,Cash,6,0,468,0.41,8.33,0,0,6.25,0,1,Low-Engagement Casuals
3127,57,Female,Accessories,76,Maine,Winter,2.6,0,Store Pickup,0,0,28,Bank Transfer,1,0,2128,5.51,0,0,0,5.17,0,0,Low-Engagement Casuals
3128,55,Female,Accessories,94,Louisiana,Winter,3.4,0,Free Shipping,0,0,43,Credit Card,5,0,20210,8.57,6.67,0,0,8.41,1,0,Platinum Champions
3129,65,Female,Outerwear,32,Arkansas,Fall,4.4,0,Standard,0,0,20,Cash,7,0,4480,3.88,10,0,0,7.96,1,1,Platinum Champions
3130,60,Female,Footwear,20,Maryland,Summer,4.7,0,Express,0,0,40,Venmo,5,0,4000,7.96,6.67,0,0,8.21,1,1,Emerging Devotees
3131,52,Female,Clothing,20,Vermont,Summer,4.5,0,Store Pickup,0,0,34,Venmo,5,0,3400,6.73,6.67,0,0,7.8,1,1,Emerging Devotees
3132,34,Female,Outerwear,59,North Dakota,Fall,2.9,0,Store Pickup,0,0,11,Bank Transfer,5,0,3245,2.04,6.67,0,0,6.24,0,0,Low-Engagement Casuals
3133,33,Female,Clothing,97,Michigan,Summer,4.2,0,Express,0,0,26,Cash,6,0,15132,5.1,8.33,0,0,7.81,1,1,Platinum Champions
3134,58,Female,Clothing,68,Arkansas,Spring,4.1,0,Next Day Air,0,0,29,Cash,1,0,1972,5.71,0,0,0,5.24,0,1,Low-Engagement Casuals
3135,35,Female,Footwear,66,Kentucky,Spring,4.4,0,Store Pickup,0,0,47,Bank Transfer,2,0,6204,9.39,1.67,0,0,7.02,1,1,Platinum Champions
3136,68,Female,Footwear,85,Indiana,Spring,4.7,0,Free Shipping,0,0,48,Venmo,3,0,12240,9.59,3.33,0,0,7.64,1,1,Platinum Champions
3137,58,Female,Clothing,32,Minnesota,Fall,3.1,0,Next Day Air,0,0,29,Cash,1,0,928,5.71,0,0,0,5.24,0,0,Low-Engagement Casuals
3138,34,Female,Outerwear,44,Louisiana,Spring,2.7,0,2-Day Shipping,0,0,14,Bank Transfer,4,0,2464,2.65,5,0,0,5.88,0,0,Low-Engagement Casuals
3139,47,Female,Clothing,95,Kentucky,Fall,4.6,0,Next Day Air,0,0,40,Cash,5,0,19000,7.96,6.67,0,0,8.21,1,1,Platinum Champions
3140,35,Female,Accessories,85,Georgia,Winter,4.4,0,Next Day Air,0,0,4,Venmo,2,0,680,0.61,1.67,0,0,4.09,0,1,Low-Engagement Casuals
3141,34,Female,Accessories,44,Alaska,Summer,4.6,0,Free Shipping,0,0,37,Bank Transfer,2,0,3256,7.35,1.67,0,0,6.34,0,1,Low-Engagement Casuals
3142,36,Female,Accessories,30,Mississippi,Winter,4.9,0,Express,0,0,47,Credit Card,1,0,1410,9.39,0,0,0,6.46,0,1,Low-Engagement Casuals
3143,23,Female,Footwear,21,Kansas,Winter,4,0,2-Day Shipping,0,0,1,Venmo,6,0,126,0,8.33,0,0,6.11,0,1,Low-Engagement Casuals
3144,68,Female,Clothing,22,Arizona,Summer,2.9,0,Store Pickup,0,0,26,Cash,6,0,3432,5.1,8.33,0,0,7.81,1,0,Emerging Devotees
3145,23,Female,Footwear,70,Maine,Spring,2.6,0,Free Shipping,0,0,12,Debit Card,6,0,5040,2.24,8.33,0,0,6.86,0,0,At-Risk High-Value
3146,57,Female,Accessories,29,Texas,Spring,4.6,0,Standard,0,0,16,PayPal,3,0,1392,3.06,3.33,0,0,5.46,0,1,Low-Engagement Casuals
3147,21,Female,Clothing,83,Virginia,Winter,4.9,0,Free Shipping,0,0,19,PayPal,7,0,11039,3.67,10,0,0,7.89,1,1,Platinum Champions
3148,45,Female,Clothing,99,North Dakota,Winter,4.3,0,Express,0,0,21,Credit Card,2,0,4158,4.08,1.67,0,0,5.25,0,1,Low-Engagement Casuals
3149,37,Female,Clothing,35,West Virginia,Fall,4.3,0,Free Shipping,0,0,15,Venmo,2,0,1050,2.86,1.67,0,0,4.84,0,1,Low-Engagement Casuals
3150,18,Female,Accessories,40,North Carolina,Winter,4.6,0,Free Shipping,0,0,9,Venmo,7,0,2520,1.63,10,0,0,7.21,1,1,Emerging Devotees
3151,55,Female,Clothing,25,Georgia,Spring,2.6,0,Express,0,0,7,Bank Transfer,1,0,175,1.22,0,0,0,3.74,0,0,Low-Engagement Casuals
3152,52,Female,Clothing,64,New Mexico,Fall,3.1,0,2-Day Shipping,0,0,47,Bank Transfer,6,0,18048,9.39,8.33,0,0,9.24,1,0,Platinum Champions
3153,49,Female,Accessories,90,North Carolina,Fall,3.1,0,Store Pickup,0,0,17,PayPal,4,0,6120,3.27,5,0,0,6.09,0,0,At-Risk High-Value
3154,56,Female,Clothing,88,Alabama,Fall,3.1,0,Next Day Air,0,0,46,Venmo,3,0,12144,9.18,3.33,0,0,7.5,1,0,Platinum Champions
3155,27,Female,Accessories,55,Connecticut,Winter,4.4,0,Standard,0,0,32,Cash,6,0,10560,6.33,8.33,0,0,8.22,1,1,Platinum Champions
3156,22,Female,Accessories,90,Montana,Fall,4.3,0,Free Shipping,0,0,34,Cash,7,0,21420,6.73,10,0,0,8.91,1,1,Platinum Champions
3157,18,Female,Clothing,50,Montana,Winter,3.1,0,2-Day Shipping,0,0,18,Cash,4,0,3600,3.47,5,0,0,6.16,0,0,Low-Engagement Casuals
3158,21,Female,Accessories,34,Maine,Fall,3.1,0,Store Pickup,0,0,5,Debit Card,3,0,510,0.82,3.33,0,0,4.72,0,0,Low-Engagement Casuals
3159,30,Female,Accessories,77,Mississippi,Winter,4.9,0,2-Day Shipping,0,0,44,Credit Card,4,0,13552,8.78,5,0,0,7.93,1,1,Platinum Champions
3160,62,Female,Accessories,89,Louisiana,Winter,2.9,0,Store Pickup,0,0,4,Bank Transfer,6,0,2136,0.61,8.33,0,0,6.31,0,0,Low-Engagement Casuals
3161,28,Female,Accessories,87,Nebraska,Fall,3.8,0,Next Day Air,0,0,37,Cash,3,0,9657,7.35,3.33,0,0,6.89,0,1,At-Risk High-Value
3162,66,Female,Clothing,77,Massachusetts,Winter,4.2,0,2-Day Shipping,0,0,43,Cash,4,0,13244,8.57,5,0,0,7.86,1,1,Platinum Champions
3163,66,Female,Footwear,85,Wisconsin,Winter,3.9,0,Standard,0,0,28,Bank Transfer,6,0,14280,5.51,8.33,0,0,7.95,1,1,Platinum Champions
3164,49,Female,Clothing,66,Nebraska,Summer,2.8,0,Express,0,0,36,Cash,4,0,9504,7.14,5,0,0,7.38,1,0,Platinum Champions
3165,40,Female,Clothing,32,Arizona,Winter,2.6,0,Standard,0,0,16,Credit Card,7,0,3584,3.06,10,0,0,7.69,1,0,Emerging Devotees
3166,49,Female,Outerwear,92,Hawaii,Spring,3,0,Store Pickup,0,0,38,Bank Transfer,5,0,17480,7.55,6.67,0,0,8.07,1,0,Platinum Champions
3167,19,Female,Clothing,80,Georgia,Winter,2.7,0,Next Day Air,0,0,37,Bank Transfer,3,0,8880,7.35,3.33,0,0,6.89,0,0,At-Risk High-Value
3168,24,Female,Clothing,78,Oregon,Fall,2.8,0,2-Day Shipping,0,0,9,Cash,1,0,702,1.63,0,0,0,3.88,0,0,Low-Engagement Casuals
3169,31,Female,Clothing,24,Montana,Spring,2.9,0,2-Day Shipping,0,0,14,PayPal,3,0,1008,2.65,3.33,0,0,5.33,0,0,Low-Engagement Casuals
3170,35,Female,Clothing,59,Georgia,Fall,3.8,0,Free Shipping,0,0,3,Venmo,2,0,354,0.41,1.67,0,0,4.03,0,1,Low-Engagement Casuals
3171,65,Female,Accessories,41,Rhode Island,Spring,4.4,0,Express,0,0,10,Credit Card,3,0,1230,1.84,3.33,0,0,5.06,0,1,Low-Engagement Casuals
3172,68,Female,Accessories,26,Tennessee,Spring,3.1,0,Express,0,0,26,Bank Transfer,1,0,676,5.1,0,0,0,5.03,0,0,Low-Engagement Casuals
3173,57,Female,Clothing,52,Missouri,Fall,3.7,0,Standard,0,0,30,Debit Card,1,0,1560,5.92,0,0,0,5.31,0,0,Low-Engagement Casuals
3174,69,Female,Clothing,46,Washington,Summer,4.9,0,Next Day Air,0,0,32,PayPal,3,0,4416,6.33,3.33,0,0,6.55,0,1,At-Risk High-Value
3175,45,Female,Clothing,52,Oklahoma,Winter,3.8,0,Store Pickup,0,0,35,PayPal,4,0,7280,6.94,5,0,0,7.31,1,1,Platinum Champions
3176,35,Female,Clothing,42,Connecticut,Fall,3.4,0,Store Pickup,0,0,26,Debit Card,5,0,5460,5.1,6.67,0,0,7.26,1,0,Platinum Champions
3177,36,Female,Footwear,37,Arkansas,Spring,4.6,0,2-Day Shipping,0,0,39,Credit Card,4,0,5772,7.76,5,0,0,7.59,1,1,Platinum Champions
3178,55,Female,Accessories,52,Missouri,Fall,3.2,0,Standard,0,0,31,Credit Card,4,0,6448,6.12,5,0,0,7.04,1,0,Platinum Champions
3179,66,Female,Footwear,34,Washington,Spring,2.7,0,Free Shipping,0,0,28,Credit Card,7,0,6664,5.51,10,0,0,8.5,1,0,Platinum Champions
3180,57,Female,Clothing,88,Idaho,Spring,4.3,0,Free Shipping,0,0,12,Debit Card,1,0,1056,2.24,0,0,0,4.08,0,1,Low-Engagement Casuals
3181,18,Female,Accessories,88,Montana,Fall,3.8,0,Standard,0,0,46,PayPal,2,0,8096,9.18,1.67,0,0,6.95,0,1,At-Risk High-Value
3182,31,Female,Outerwear,51,Montana,Summer,4.4,0,Free Shipping,0,0,27,PayPal,5,0,6885,5.31,6.67,0,0,7.33,1,1,Platinum Champions
3183,50,Female,Accessories,97,Georgia,Fall,3.6,0,Free Shipping,0,0,4,Credit Card,7,0,2716,0.61,10,0,0,6.87,0,0,Low-Engagement Casuals
3184,50,Female,Footwear,56,Mississippi,Winter,3.5,0,Standard,0,0,14,Cash,5,0,3920,2.65,6.67,0,0,6.44,0,0,Low-Engagement Casuals
3185,61,Female,Clothing,53,Hawaii,Spring,4.2,0,2-Day Shipping,0,0,30,Venmo,6,0,9540,5.92,8.33,0,0,8.08,1,1,Platinum Champions
3186,52,Female,Clothing,71,Ohio,Fall,4.7,0,Express,0,0,6,PayPal,7,0,2982,1.02,10,0,0,7.01,1,1,Emerging Devotees
3187,38,Female,Accessories,93,Virginia,Winter,4.8,0,Store Pickup,0,0,43,Venmo,7,0,27993,8.57,10,0,0,9.52,1,1,Platinum Champions
3188,67,Female,Clothing,72,Texas,Winter,3.2,0,Free Shipping,0,0,28,Debit Card,2,0,4032,5.51,1.67,0,0,5.73,0,0,Low-Engagement Casuals
3189,42,Female,Clothing,59,Vermont,Winter,3.5,0,Standard,0,0,39,Bank Transfer,4,0,9204,7.76,5,0,0,7.59,1,0,Platinum Champions
3190,25,Female,Footwear,87,Kansas,Summer,4.2,0,Store Pickup,0,0,30,PayPal,1,0,2610,5.92,0,0,0,5.31,0,1,Low-Engagement Casuals
3191,41,Female,Clothing,78,California,Fall,3.4,0,Free Shipping,0,0,5,Credit Card,3,0,1170,0.82,3.33,0,0,4.72,0,0,Low-Engagement Casuals
3192,62,Female,Clothing,68,Mississippi,Winter,4.7,0,Store Pickup,0,0,42,Credit Card,5,0,14280,8.37,6.67,0,0,8.35,1,1,Platinum Champions
3193,19,Female,Clothing,76,Iowa,Fall,3,0,Free Shipping,0,0,20,Cash,3,0,4560,3.88,3.33,0,0,5.74,0,0,At-Risk High-Value
3194,63,Female,Accessories,99,Virginia,Winter,4,0,Express,0,0,35,Credit Card,3,0,10395,6.94,3.33,0,0,6.76,0,1,At-Risk High-Value
3195,43,Female,Footwear,52,Maryland,Summer,4.6,0,Standard,0,0,10,Credit Card,1,0,520,1.84,0,0,0,3.95,0,1,Low-Engagement Casuals
3196,68,Female,Accessories,58,Missouri,Spring,4.9,0,Next Day Air,0,0,36,Credit Card,6,0,12528,7.14,8.33,0,0,8.49,1,1,Platinum Champions
3197,24,Female,Accessories,59,Wisconsin,Winter,2.8,0,Express,0,0,21,Debit Card,3,0,3717,4.08,3.33,0,0,5.8,0,0,Low-Engagement Casuals
3198,27,Female,Clothing,71,Maine,Spring,3.2,0,Free Shipping,0,0,29,Credit Card,5,0,10295,5.71,6.67,0,0,7.46,1,0,Platinum Champions
3199,61,Female,Accessories,94,Pennsylvania,Winter,2.8,0,Free Shipping,0,0,39,Debit Card,2,0,7332,7.76,1.67,0,0,6.48,0,0,At-Risk High-Value
3200,59,Female,Accessories,40,Maine,Winter,4.2,0,Express,0,0,16,PayPal,4,0,2560,3.06,5,0,0,6.02,0,1,Low-Engagement Casuals
3201,67,Female,Clothing,24,Missouri,Spring,4.8,0,Free Shipping,0,0,32,Credit Card,4,0,3072,6.33,5,0,0,7.11,1,1,Emerging Devotees
3202,46,Female,Clothing,38,Vermont,Fall,2.8,0,2-Day Shipping,0,0,34,Cash,4,0,5168,6.73,5,0,0,7.24,1,0,Platinum Champions
3203,65,Female,Accessories,37,Wisconsin,Fall,4.5,0,Standard,0,0,38,Venmo,7,0,9842,7.55,10,0,0,9.18,1,1,Platinum Champions
3204,63,Female,Outerwear,29,New Jersey,Spring,4.1,0,Express,0,0,14,Venmo,7,0,2842,2.65,10,0,0,7.55,1,1,Emerging Devotees
3205,57,Female,Outerwear,92,New Mexico,Fall,4.3,0,Free Shipping,0,0,23,Debit Card,1,0,2116,4.49,0,0,0,4.83,0,1,Low-Engagement Casuals
3206,40,Female,Clothing,24,Colorado,Fall,4.4,0,2-Day Shipping,0,0,50,Bank Transfer,5,0,6000,10,6.67,0,0,8.89,1,1,Platinum Champions
3207,36,Female,Footwear,52,California,Winter,3,0,Free Shipping,0,0,49,PayPal,4,0,10192,9.8,5,0,0,8.27,1,0,Platinum Champions
3208,67,Female,Clothing,29,Arizona,Summer,2.7,0,Next Day Air,0,0,14,PayPal,7,0,2842,2.65,10,0,0,7.55,1,0,Emerging Devotees
3209,61,Female,Accessories,30,Indiana,Winter,3.3,0,2-Day Shipping,0,0,42,PayPal,2,0,2520,8.37,1.67,0,0,6.68,0,0,Low-Engagement Casuals
3210,64,Female,Footwear,31,Arkansas,Fall,4.3,0,Standard,0,0,39,Debit Card,7,0,8463,7.76,10,0,0,9.25,1,1,Platinum Champions
3211,30,Female,Clothing,67,Nevada,Summer,2.9,0,Express,0,0,43,Venmo,1,0,2881,8.57,0,0,0,6.19,0,0,Low-Engagement Casuals
3212,53,Female,Clothing,65,Rhode Island,Winter,4.9,0,Standard,0,0,12,Cash,4,0,3120,2.24,5,0,0,5.75,0,1,Low-Engagement Casuals
3213,27,Female,Footwear,22,Wyoming,Winter,3.6,0,2-Day Shipping,0,0,21,Debit Card,2,0,924,4.08,1.67,0,0,5.25,0,0,Low-Engagement Casuals
3214,27,Female,Accessories,56,Texas,Winter,3.3,0,Standard,0,0,33,Credit Card,4,0,7392,6.53,5,0,0,7.18,1,0,Platinum Champions
3215,53,Female,Clothing,78,Washington,Spring,3.1,0,Free Shipping,0,0,6,Debit Card,7,0,3276,1.02,10,0,0,7.01,1,0,Emerging Devotees
3216,34,Female,Outerwear,90,Rhode Island,Summer,2.7,0,Free Shipping,0,0,10,PayPal,5,0,4500,1.84,6.67,0,0,6.17,0,0,At-Risk High-Value
3217,39,Female,Clothing,85,Illinois,Winter,3.4,0,Next Day Air,0,0,18,Cash,2,0,3060,3.47,1.67,0,0,5.05,0,0,Low-Engagement Casuals
3218,44,Female,Accessories,58,Oregon,Fall,3.4,0,Express,0,0,46,Venmo,2,0,5336,9.18,1.67,0,0,6.95,0,0,At-Risk High-Value
3219,37,Female,Clothing,34,Florida,Fall,3.9,0,Express,0,0,49,PayPal,4,0,6664,9.8,5,0,0,8.27,1,1,Platinum Champions
3220,57,Female,Outerwear,40,Kansas,Summer,3.5,0,2-Day Shipping,0,0,39,Credit Card,2,0,3120,7.76,1.67,0,0,6.48,0,0,Low-Engagement Casuals
3221,38,Female,Accessories,29,North Dakota,Fall,4.1,0,Free Shipping,0,0,16,Cash,4,0,1856,3.06,5,0,0,6.02,0,1,Low-Engagement Casuals
3222,21,Female,Clothing,76,New Hampshire,Winter,3.2,0,Standard,0,0,28,Cash,7,0,14896,5.51,10,0,0,8.5,1,0,Platinum Champions
3223,45,Female,Accessories,84,Texas,Fall,4.6,0,Store Pickup,0,0,22,PayPal,6,0,11088,4.29,8.33,0,0,7.54,1,1,Platinum Champions
3224,68,Female,Clothing,65,Montana,Spring,3.9,0,Standard,0,0,36,Venmo,1,0,2340,7.14,0,0,0,5.71,0,1,Low-Engagement Casuals
3225,37,Female,Clothing,80,Delaware,Winter,2.7,0,Free Shipping,0,0,18,PayPal,4,0,5760,3.47,5,0,0,6.16,0,0,At-Risk High-Value
3226,53,Female,Clothing,98,New Hampshire,Fall,3,0,Store Pickup,0,0,31,Credit Card,2,0,6076,6.12,1.67,0,0,5.93,0,0,At-Risk High-Value
3227,57,Female,Footwear,71,Minnesota,Spring,3.3,0,Next Day Air,0,0,38,Bank Transfer,3,0,8094,7.55,3.33,0,0,6.96,0,0,At-Risk High-Value
3228,28,Female,Accessories,69,Alaska,Fall,2.7,0,Free Shipping,0,0,42,Debit Card,6,0,17388,8.37,8.33,0,0,8.9,1,0,Platinum Champions
3229,37,Female,Accessories,95,Connecticut,Spring,4.6,0,2-Day Shipping,0,0,27,PayPal,7,0,17955,5.31,10,0,0,8.44,1,1,Platinum Champions
3230,54,Female,Clothing,67,Connecticut,Fall,2.7,0,Express,0,0,24,Cash,4,0,6432,4.69,5,0,0,6.56,0,0,At-Risk High-Value
3231,49,Female,Footwear,49,Kansas,Summer,2.5,0,Next Day Air,0,0,38,Debit Card,7,0,13034,7.55,10,0,0,9.18,1,0,Platinum Champions
3232,62,Female,Footwear,97,Nevada,Winter,4.4,0,Free Shipping,0,0,9,Credit Card,7,0,6111,1.63,10,0,0,7.21,1,1,Platinum Champions
3233,45,Female,Clothing,34,Massachusetts,Spring,4,0,Next Day Air,0,0,19,Bank Transfer,4,0,2584,3.67,5,0,0,6.22,0,1,Low-Engagement Casuals
3234,45,Female,Accessories,74,Indiana,Fall,3.8,0,Express,0,0,11,Debit Card,1,0,814,2.04,0,0,0,4.01,0,1,Low-Engagement Casuals
3235,49,Female,Accessories,96,Washington,Winter,2.5,0,2-Day Shipping,0,0,16,Debit Card,6,0,9216,3.06,8.33,0,0,7.13,1,0,Platinum Champions
3236,27,Female,Accessories,68,Kansas,Summer,4,0,Free Shipping,0,0,18,Venmo,4,0,4896,3.47,5,0,0,6.16,0,1,At-Risk High-Value
3237,63,Female,Accessories,84,South Carolina,Fall,4.1,0,Next Day Air,0,0,8,Cash,4,0,2688,1.43,5,0,0,5.48,0,1,Low-Engagement Casuals
3238,61,Female,Clothing,57,Vermont,Summer,2.8,0,Express,0,0,4,Cash,2,0,456,0.61,1.67,0,0,4.09,0,0,Low-Engagement Casuals
3239,25,Female,Footwear,84,Wyoming,Fall,3.4,0,2-Day Shipping,0,0,37,Cash,6,0,18648,7.35,8.33,0,0,8.56,1,0,Platinum Champions
3240,33,Female,Accessories,32,Colorado,Fall,2.7,0,2-Day Shipping,0,0,30,Cash,4,0,3840,5.92,5,0,0,6.97,0,0,Low-Engagement Casuals
3241,56,Female,Footwear,37,West Virginia,Fall,3.8,0,2-Day Shipping,0,0,37,Bank Transfer,4,0,5476,7.35,5,0,0,7.45,1,1,Platinum Champions
3242,50,Female,Accessories,58,Connecticut,Summer,4.4,0,Store Pickup,0,0,30,PayPal,6,0,10440,5.92,8.33,0,0,8.08,1,1,Platinum Champions
3243,45,Female,Clothing,74,Oregon,Fall,2.8,0,Express,0,0,17,Venmo,2,0,2516,3.27,1.67,0,0,4.98,0,0,Low-Engagement Casuals
3244,45,Female,Clothing,99,Idaho,Summer,5,0,Store Pickup,0,0,11,Bank Transfer,5,0,5445,2.04,6.67,0,0,6.24,0,1,At-Risk High-Value
3245,65,Female,Clothing,81,Arkansas,Fall,4.7,0,Express,0,0,42,Credit Card,7,0,23814,8.37,10,0,0,9.46,1,1,Platinum Champions
3246,63,Female,Clothing,76,Kansas,Fall,3.2,0,Next Day Air,0,0,20,Cash,2,0,3040,3.88,1.67,0,0,5.18,0,0,Low-Engagement Casuals
3247,70,Female,Footwear,98,Michigan,Summer,2.9,0,Store Pickup,0,0,37,Cash,4,0,14504,7.35,5,0,0,7.45,1,0,Platinum Champions
3248,53,Female,Accessories,91,Arkansas,Summer,3.7,0,Express,0,0,12,PayPal,3,0,3276,2.24,3.33,0,0,5.19,0,0,Low-Engagement Casuals
3249,22,Female,Clothing,79,Pennsylvania,Summer,4.2,0,Free Shipping,0,0,41,Bank Transfer,6,0,19434,8.16,8.33,0,0,8.83,1,1,Platinum Champions
3250,26,Female,Accessories,83,Virginia,Summer,3.4,0,Express,0,0,32,Credit Card,6,0,15936,6.33,8.33,0,0,8.22,1,0,Platinum Champions
3251,23,Female,Outerwear,90,Minnesota,Spring,2.9,0,2-Day Shipping,0,0,15,Venmo,2,0,2700,2.86,1.67,0,0,4.84,0,0,Low-Engagement Casuals
3252,25,Female,Outerwear,20,Nevada,Winter,3.7,0,Standard,0,0,39,Venmo,6,0,4680,7.76,8.33,0,0,8.7,1,0,Platinum Champions
3253,69,Female,Footwear,21,Montana,Spring,2.7,0,Store Pickup,0,0,48,Credit Card,3,0,3024,9.59,3.33,0,0,7.64,1,0,Emerging Devotees
3254,36,Female,Accessories,60,Nebraska,Fall,3.2,0,2-Day Shipping,0,0,8,Venmo,3,0,1440,1.43,3.33,0,0,4.92,0,0,Low-Engagement Casuals
3255,21,Female,Clothing,31,Indiana,Winter,4.9,0,Store Pickup,0,0,11,Bank Transfer,5,0,1705,2.04,6.67,0,0,6.24,0,1,Low-Engagement Casuals
3256,57,Female,Clothing,40,New Jersey,Fall,2.8,0,Next Day Air,0,0,36,Bank Transfer,4,0,5760,7.14,5,0,0,7.38,1,0,Platinum Champions
3257,60,Female,Accessories,26,Wisconsin,Winter,4.7,0,Free Shipping,0,0,50,Venmo,5,0,6500,10,6.67,0,0,8.89,1,1,Platinum Champions
3258,44,Female,Clothing,98,Minnesota,Fall,3.3,0,Express,0,0,39,Venmo,5,0,19110,7.76,6.67,0,0,8.14,1,0,Platinum Champions
3259,31,Female,Footwear,51,New Jersey,Spring,4.3,0,Express,0,0,11,Credit Card,1,0,561,2.04,0,0,0,4.01,0,1,Low-Engagement Casuals
3260,57,Female,Accessories,95,Oklahoma,Fall,3.7,0,2-Day Shipping,0,0,5,Debit Card,5,0,2375,0.82,6.67,0,0,5.83,0,0,Low-Engagement Casuals
3261,39,Female,Accessories,36,Wisconsin,Summer,4.5,0,2-Day Shipping,0,0,7,Credit Card,7,0,1764,1.22,10,0,0,7.07,1,1,Emerging Devotees
3262,48,Female,Accessories,52,Rhode Island,Winter,3.4,0,Store Pickup,0,0,50,Debit Card,2,0,5200,10,1.67,0,0,7.22,1,0,Platinum Champions
3263,42,Female,Clothing,35,Indiana,Spring,2.7,0,Standard,0,0,21,Cash,5,0,3675,4.08,6.67,0,0,6.92,0,0,Low-Engagement Casuals
3264,56,Female,Clothing,68,Vermont,Fall,4.4,0,Express,0,0,31,Debit Card,3,0,6324,6.12,3.33,0,0,6.48,0,1,At-Risk High-Value
3265,28,Female,Clothing,50,Maine,Winter,4,0,Express,0,0,39,Cash,1,0,1950,7.76,0,0,0,5.92,0,1,Low-Engagement Casuals
3266,40,Female,Accessories,100,Alabama,Winter,3.2,0,Express,0,0,28,Credit Card,3,0,8400,5.51,3.33,0,0,6.28,0,0,At-Risk High-Value
3267,49,Female,Outerwear,74,Alabama,Winter,4.2,0,Next Day Air,0,0,33,Bank Transfer,2,0,4884,6.53,1.67,0,0,6.07,0,1,At-Risk High-Value
3268,37,Female,Clothing,45,Idaho,Winter,3,0,Store Pickup,0,0,42,Credit Card,6,0,11340,8.37,8.33,0,0,8.9,1,0,Platinum Champions
3269,22,Female,Clothing,97,Arkansas,Fall,2.8,0,Free Shipping,0,0,5,Bank Transfer,5,0,2425,0.82,6.67,0,0,5.83,0,0,Low-Engagement Casuals
3270,27,Female,Clothing,60,Ohio,Winter,4.9,0,Express,0,0,25,Cash,4,0,6000,4.9,5,0,0,6.63,0,1,At-Risk High-Value
3271,59,Female,Clothing,25,Illinois,Winter,4.7,0,Express,0,0,48,PayPal,7,0,8400,9.59,10,0,0,9.86,1,1,Platinum Champions
3272,35,Female,Clothing,55,Nevada,Spring,4.4,0,Standard,0,0,30,Credit Card,2,0,3300,5.92,1.67,0,0,5.86,0,1,Low-Engagement Casuals
3273,58,Female,Footwear,99,Texas,Winter,3.1,0,Next Day Air,0,0,34,PayPal,6,0,20196,6.73,8.33,0,0,8.35,1,0,Platinum Champions
3274,58,Female,Accessories,45,Nevada,Summer,2.6,0,Free Shipping,0,0,34,PayPal,5,0,7650,6.73,6.67,0,0,7.8,1,0,Platinum Champions
3275,46,Female,Clothing,20,Oklahoma,Spring,3.9,0,Store Pickup,0,0,14,Cash,3,0,840,2.65,3.33,0,0,5.33,0,1,Low-Engagement Casuals
3276,43,Female,Clothing,88,Alabama,Summer,2.6,0,2-Day Shipping,0,0,2,Debit Card,2,0,352,0.2,1.67,0,0,3.96,0,0,Low-Engagement Casuals
3277,39,Female,Accessories,99,South Dakota,Summer,4,0,Store Pickup,0,0,41,PayPal,5,0,20295,8.16,6.67,0,0,8.28,1,1,Platinum Champions
3278,59,Female,Clothing,86,Texas,Spring,4.9,0,Store Pickup,0,0,3,Credit Card,4,0,1032,0.41,5,0,0,5.14,0,1,Low-Engagement Casuals
3279,59,Female,Clothing,70,Montana,Summer,3.3,0,2-Day Shipping,0,0,18,Bank Transfer,2,0,2520,3.47,1.67,0,0,5.05,0,0,Low-Engagement Casuals
3280,59,Female,Accessories,50,Wyoming,Fall,3,0,Express,0,0,1,Debit Card,3,0,150,0,3.33,0,0,4.44,0,0,Low-Engagement Casuals
3281,45,Female,Accessories,57,New York,Winter,2.7,0,Next Day Air,0,0,5,PayPal,4,0,1140,0.82,5,0,0,5.27,0,0,Low-Engagement Casuals
3282,27,Female,Clothing,69,Oregon,Winter,3.1,0,Free Shipping,0,0,41,Bank Transfer,7,0,19803,8.16,10,0,0,9.39,1,0,Platinum Champions
3283,24,Female,Clothing,94,California,Fall,4.8,0,Next Day Air,0,0,5,Credit Card,4,0,1880,0.82,5,0,0,5.27,0,1,Low-Engagement Casuals
3284,47,Female,Outerwear,24,North Carolina,Spring,2.9,0,Express,0,0,10,Debit Card,5,0,1200,1.84,6.67,0,0,6.17,0,0,Low-Engagement Casuals
3285,70,Female,Accessories,79,Kentucky,Spring,4.5,0,2-Day Shipping,0,0,20,Venmo,7,0,11060,3.88,10,0,0,7.96,1,1,Platinum Champions
3286,58,Female,Accessories,31,Hawaii,Fall,4.6,0,Free Shipping,0,0,11,Cash,2,0,682,2.04,1.67,0,0,4.57,0,1,Low-Engagement Casuals
3287,45,Female,Outerwear,67,Illinois,Winter,5,0,Express,0,0,4,Venmo,3,0,804,0.61,3.33,0,0,4.65,0,1,Low-Engagement Casuals
3288,24,Female,Clothing,63,West Virginia,Spring,4.3,0,2-Day Shipping,0,0,38,Credit Card,2,0,4788,7.55,1.67,0,0,6.41,0,1,At-Risk High-Value
3289,67,Female,Accessories,61,South Carolina,Spring,4.9,0,Next Day Air,0,0,19,Credit Card,1,0,1159,3.67,0,0,0,4.56,0,1,Low-Engagement Casuals
3290,31,Female,Accessories,50,Montana,Summer,4,0,2-Day Shipping,0,0,16,Venmo,5,0,4000,3.06,6.67,0,0,6.58,0,1,Low-Engagement Casuals
3291,52,Female,Outerwear,82,North Dakota,Spring,3.1,0,Free Shipping,0,0,2,PayPal,4,0,656,0.2,5,0,0,5.07,0,0,Low-Engagement Casuals
3292,29,Female,Accessories,51,New Mexico,Fall,2.6,0,2-Day Shipping,0,0,11,Cash,4,0,2244,2.04,5,0,0,5.68,0,0,Low-Engagement Casuals
3293,62,Female,Accessories,23,Missouri,Spring,4.9,0,Standard,0,0,18,Bank Transfer,3,0,1242,3.47,3.33,0,0,5.6,0,1,Low-Engagement Casuals
3294,19,Female,Outerwear,91,West Virginia,Spring,3.5,0,2-Day Shipping,0,0,47,Credit Card,3,0,12831,9.39,3.33,0,0,7.57,1,0,Platinum Champions
3295,62,Female,Clothing,60,South Carolina,Spring,4.5,0,Store Pickup,0,0,15,Bank Transfer,1,0,900,2.86,0,0,0,4.29,0,1,Low-Engagement Casuals
3296,70,Female,Clothing,34,West Virginia,Summer,2.8,0,Next Day Air,0,0,15,Cash,2,0,1020,2.86,1.67,0,0,4.84,0,0,Low-Engagement Casuals
3297,20,Female,Clothing,23,Alaska,Spring,4.2,0,Next Day Air,0,0,47,Venmo,6,0,6486,9.39,8.33,0,0,9.24,1,1,Platinum Champions
3298,67,Female,Accessories,82,West Virginia,Fall,4.1,0,Free Shipping,0,0,47,PayPal,4,0,15416,9.39,5,0,0,8.13,1,1,Platinum Champions
3299,65,Female,Outerwear,73,New Mexico,Fall,3.5,0,Express,0,0,6,Bank Transfer,5,0,2190,1.02,6.67,0,0,5.9,0,0,Low-Engagement Casuals
3300,45,Female,Clothing,32,South Dakota,Spring,4,0,2-Day Shipping,0,0,18,Venmo,4,0,2304,3.47,5,0,0,6.16,0,1,Low-Engagement Casuals
3301,26,Female,Accessories,80,Oklahoma,Spring,4,0,Express,0,0,40,Bank Transfer,1,0,3200,7.96,0,0,0,5.99,0,1,Low-Engagement Casuals
3302,36,Female,Clothing,58,Oklahoma,Summer,2.5,0,Free Shipping,0,0,31,Credit Card,3,0,5394,6.12,3.33,0,0,6.48,0,0,At-Risk High-Value
3303,36,Female,Clothing,82,Alabama,Winter,4.2,0,Standard,0,0,31,Venmo,1,0,2542,6.12,0,0,0,5.37,0,1,Low-Engagement Casuals
3304,20,Female,Accessories,60,Mississippi,Summer,3.4,0,Next Day Air,0,0,4,Credit Card,3,0,720,0.61,3.33,0,0,4.65,0,0,Low-Engagement Casuals
3305,30,Female,Accessories,79,Mississippi,Fall,4.8,0,Next Day Air,0,0,36,Bank Transfer,5,0,14220,7.14,6.67,0,0,7.94,1,1,Platinum Champions
3306,34,Female,Clothing,41,Nebraska,Summer,4.9,0,Standard,0,0,31,PayPal,1,0,1271,6.12,0,0,0,5.37,0,1,Low-Engagement Casuals
3307,63,Female,Outerwear,39,Colorado,Summer,3.6,0,Store Pickup,0,0,6,Venmo,3,0,702,1.02,3.33,0,0,4.78,0,0,Low-Engagement Casuals
3308,18,Female,Accessories,36,Pennsylvania,Winter,4,0,Store Pickup,0,0,1,Cash,4,0,144,0,5,0,0,5,0,1,Low-Engagement Casuals
3309,55,Female,Clothing,70,Utah,Fall,2.6,0,Express,0,0,29,Cash,4,0,8120,5.71,5,0,0,6.9,0,0,At-Risk High-Value
3310,48,Female,Accessories,47,Massachusetts,Summer,3.1,0,Store Pickup,0,0,19,PayPal,4,0,3572,3.67,5,0,0,6.22,0,0,Low-Engagement Casuals
3311,45,Female,Outerwear,27,Iowa,Winter,3.6,0,Free Shipping,0,0,12,PayPal,3,0,972,2.24,3.33,0,0,5.19,0,0,Low-Engagement Casuals
3312,29,Female,Accessories,52,Florida,Summer,4,0,Express,0,0,18,Bank Transfer,7,0,6552,3.47,10,0,0,7.82,1,1,Platinum Champions
3313,55,Female,Footwear,75,Louisiana,Summer,3.9,0,Next Day Air,0,0,45,Cash,6,0,20250,8.98,8.33,0,0,9.1,1,1,Platinum Champions
3314,55,Female,Accessories,30,Kansas,Fall,3.9,0,Express,0,0,45,Credit Card,4,0,5400,8.98,5,0,0,7.99,1,1,Platinum Champions
3315,55,Female,Clothing,94,Kansas,Spring,3.3,0,Standard,0,0,8,Credit Card,6,0,4512,1.43,8.33,0,0,6.59,0,0,At-Risk High-Value
3316,48,Female,Accessories,68,Kentucky,Summer,2.9,0,Standard,0,0,4,PayPal,5,0,1360,0.61,6.67,0,0,5.76,0,0,Low-Engagement Casuals
3317,42,Female,Clothing,45,New Mexico,Summer,3.1,0,Free Shipping,0,0,5,Debit Card,3,0,675,0.82,3.33,0,0,4.72,0,0,Low-Engagement Casuals
3318,21,Female,Accessories,67,North Carolina,Summer,4.7,0,Standard,0,0,30,Cash,6,0,12060,5.92,8.33,0,0,8.08,1,1,Platinum Champions
3319,45,Female,Outerwear,46,North Dakota,Summer,3.9,0,Free Shipping,0,0,15,PayPal,4,0,2760,2.86,5,0,0,5.95,0,1,Low-Engagement Casuals
3320,23,Female,Clothing,31,North Dakota,Summer,4.3,0,Next Day Air,0,0,17,Credit Card,5,0,2635,3.27,6.67,0,0,6.65,0,1,Low-Engagement Casuals
3321,66,Female,Clothing,44,Illinois,Fall,4.2,0,2-Day Shipping,0,0,45,Cash,5,0,9900,8.98,6.67,0,0,8.55,1,1,Platinum Champions
3322,32,Female,Outerwear,100,Maine,Winter,4.3,0,Next Day Air,0,0,3,Venmo,7,0,2100,0.41,10,0,0,6.8,0,1,Low-Engagement Casuals
3323,52,Female,Clothing,92,Indiana,Winter,4.6,0,Next Day Air,0,0,43,PayPal,2,0,7912,8.57,1.67,0,0,6.75,0,1,At-Risk High-Value
3324,54,Female,Accessories,78,North Dakota,Winter,3.8,0,Free Shipping,0,0,4,Credit Card,4,0,1248,0.61,5,0,0,5.2,0,1,Low-Engagement Casuals
3325,37,Female,Clothing,32,Missouri,Fall,3.3,0,Standard,0,0,41,Venmo,2,0,2624,8.16,1.67,0,0,6.61,0,0,Low-Engagement Casuals
3326,29,Female,Footwear,97,Alaska,Fall,3.7,0,2-Day Shipping,0,0,16,Venmo,4,0,6208,3.06,5,0,0,6.02,0,0,At-Risk High-Value
3327,47,Female,Accessories,95,North Dakota,Summer,4.3,0,Standard,0,0,10,Debit Card,7,0,6650,1.84,10,0,0,7.28,1,1,Platinum Champions
3328,47,Female,Clothing,64,Connecticut,Spring,4.1,0,Express,0,0,2,Debit Card,6,0,768,0.2,8.33,0,0,6.18,0,1,Low-Engagement Casuals
3329,42,Female,Footwear,35,Wisconsin,Spring,3.2,0,Free Shipping,0,0,11,Cash,1,0,385,2.04,0,0,0,4.01,0,0,Low-Engagement Casuals
3330,34,Female,Accessories,54,New Jersey,Winter,3.8,0,Express,0,0,1,Debit Card,1,0,54,0,0,0,0,3.33,0,1,Low-Engagement Casuals
3331,38,Female,Footwear,96,Missouri,Spring,3.2,0,2-Day Shipping,0,0,41,Bank Transfer,6,0,23616,8.16,8.33,0,0,8.83,1,0,Platinum Champions
3332,55,Female,Accessories,58,California,Summer,3.5,0,Free Shipping,0,0,39,PayPal,6,0,13572,7.76,8.33,0,0,8.7,1,0,Platinum Champions
3333,27,Female,Clothing,23,Washington,Summer,3.1,0,2-Day Shipping,0,0,1,PayPal,1,0,23,0,0,0,0,3.33,0,0,Low-Engagement Casuals
3334,55,Female,Clothing,35,Minnesota,Spring,4.2,0,Express,0,0,3,PayPal,4,0,420,0.41,5,0,0,5.14,0,1,Low-Engagement Casuals
3335,66,Female,Clothing,23,California,Summer,3.4,0,Free Shipping,0,0,21,Credit Card,7,0,3381,4.08,10,0,0,8.03,1,0,Emerging Devotees
3336,44,Female,Accessories,94,Texas,Winter,3.5,0,Express,0,0,48,Bank Transfer,6,0,27072,9.59,8.33,0,0,9.31,1,0,Platinum Champions
3337,39,Female,Clothing,45,Montana,Fall,4,0,Free Shipping,0,0,24,Debit Card,7,0,7560,4.69,10,0,0,8.23,1,1,Platinum Champions
3338,23,Female,Outerwear,23,Arizona,Winter,4.4,0,2-Day Shipping,0,0,45,Bank Transfer,1,0,1035,8.98,0,0,0,6.33,0,1,Low-Engagement Casuals
3339,29,Female,Clothing,94,Minnesota,Winter,2.9,0,2-Day Shipping,0,0,46,Credit Card,4,0,17296,9.18,5,0,0,8.06,1,0,Platinum Champions
3340,20,Female,Accessories,99,Nebraska,Fall,3.6,0,Store Pickup,0,0,35,Cash,3,0,10395,6.94,3.33,0,0,6.76,0,0,At-Risk High-Value
3341,42,Female,Clothing,36,Virginia,Fall,4.4,0,Free Shipping,0,0,47,Credit Card,3,0,5076,9.39,3.33,0,0,7.57,1,1,Platinum Champions
3342,55,Female,Outerwear,50,Connecticut,Summer,4.5,0,Standard,0,0,35,Credit Card,4,0,7000,6.94,5,0,0,7.31,1,1,Platinum Champions
3343,66,Female,Outerwear,81,New Jersey,Spring,3.8,0,Free Shipping,0,0,45,Credit Card,2,0,7290,8.98,1.67,0,0,6.88,0,1,At-Risk High-Value
3344,24,Female,Clothing,31,Kentucky,Winter,3.6,0,2-Day Shipping,0,0,6,Cash,1,0,186,1.02,0,0,0,3.67,0,0,Low-Engagement Casuals
3345,62,Female,Accessories,48,Washington,Fall,4.3,0,Free Shipping,0,0,20,Cash,7,0,6720,3.88,10,0,0,7.96,1,1,Platinum Champions
3346,28,Female,Accessories,91,Florida,Summer,4,0,2-Day Shipping,0,0,3,Venmo,1,0,273,0.41,0,0,0,3.47,0,1,Low-Engagement Casuals
3347,30,Female,Clothing,99,Oklahoma,Summer,3.4,0,Express,0,0,30,Venmo,6,0,17820,5.92,8.33,0,0,8.08,1,0,Platinum Champions
3348,22,Female,Footwear,70,Iowa,Summer,4.4,0,Standard,0,0,28,PayPal,1,0,1960,5.51,0,0,0,5.17,0,1,Low-Engagement Casuals
3349,28,Female,Clothing,74,New Hampshire,Winter,2.8,0,Standard,0,0,15,Cash,5,0,5550,2.86,6.67,0,0,6.51,0,0,At-Risk High-Value
3350,35,Female,Accessories,79,Georgia,Fall,2.8,0,Store Pickup,0,0,29,PayPal,6,0,13746,5.71,8.33,0,0,8.01,1,0,Platinum Champions
3351,45,Female,Accessories,33,Mississippi,Fall,4.9,0,2-Day Shipping,0,0,15,Cash,1,0,495,2.86,0,0,0,4.29,0,1,Low-Engagement Casuals
3352,43,Female,Clothing,49,New Hampshire,Spring,4.2,0,2-Day Shipping,0,0,18,Bank Transfer,3,0,2646,3.47,3.33,0,0,5.6,0,1,Low-Engagement Casuals
3353,55,Female,Accessories,96,Washington,Summer,2.9,0,Next Day Air,0,0,7,Bank Transfer,1,0,672,1.22,0,0,0,3.74,0,0,Low-Engagement Casuals
3354,31,Female,Clothing,66,Ohio,Fall,4.6,0,Free Shipping,0,0,19,Credit Card,5,0,6270,3.67,6.67,0,0,6.78,0,1,At-Risk High-Value
3355,42,Female,Clothing,45,Maryland,Fall,2.8,0,Next Day Air,0,0,15,PayPal,2,0,1350,2.86,1.67,0,0,4.84,0,0,Low-Engagement Casuals
3356,40,Female,Clothing,28,Delaware,Spring,2.6,0,Store Pickup,0,0,3,Bank Transfer,1,0,84,0.41,0,0,0,3.47,0,0,Low-Engagement Casuals
3357,39,Female,Clothing,48,Tennessee,Summer,3.5,0,Store Pickup,0,0,13,PayPal,1,0,624,2.45,0,0,0,4.15,0,0,Low-Engagement Casuals
3358,41,Female,Clothing,67,Arkansas,Winter,3.5,0,Free Shipping,0,0,37,Credit Card,4,0,9916,7.35,5,0,0,7.45,1,0,Platinum Champions
3359,56,Female,Clothing,59,Tennessee,Fall,3.4,0,2-Day Shipping,0,0,26,Cash,7,0,10738,5.1,10,0,0,8.37,1,0,Platinum Champions
3360,43,Female,Accessories,74,New Hampshire,Fall,3.9,0,Next Day Air,0,0,29,Debit Card,4,0,8584,5.71,5,0,0,6.9,0,1,At-Risk High-Value
3361,22,Female,Outerwear,81,Minnesota,Spring,3.3,0,2-Day Shipping,0,0,47,Cash,5,0,19035,9.39,6.67,0,0,8.69,1,0,Platinum Champions
3362,47,Female,Footwear,26,Florida,Spring,4.1,0,Free Shipping,0,0,47,Credit Card,1,0,1222,9.39,0,0,0,6.46,0,1,Low-Engagement Casuals
3363,50,Female,Accessories,61,Tennessee,Summer,3,0,Next Day Air,0,0,48,Venmo,3,0,8784,9.59,3.33,0,0,7.64,1,0,Platinum Champions
3364,58,Female,Clothing,23,California,Winter,3,0,Next Day Air,0,0,46,Bank Transfer,1,0,1058,9.18,0,0,0,6.39,0,0,Low-Engagement Casuals
3365,50,Female,Accessories,33,Oregon,Fall,3.2,0,Standard,0,0,7,Credit Card,4,0,924,1.22,5,0,0,5.41,0,0,Low-Engagement Casuals
3366,43,Female,Clothing,58,Tennessee,Fall,3.9,0,Express,0,0,45,Credit Card,5,0,13050,8.98,6.67,0,0,8.55,1,1,Platinum Champions
3367,38,Female,Accessories,65,North Carolina,Spring,3.6,0,2-Day Shipping,0,0,47,Debit Card,6,0,18330,9.39,8.33,0,0,9.24,1,0,Platinum Champions
3368,44,Female,Clothing,48,Tennessee,Summer,3.1,0,Store Pickup,0,0,6,Venmo,3,0,864,1.02,3.33,0,0,4.78,0,0,Low-Engagement Casuals
3369,30,Female,Footwear,25,Nebraska,Spring,4.8,0,Express,0,0,29,Bank Transfer,5,0,3625,5.71,6.67,0,0,7.46,1,1,Emerging Devotees
3370,47,Female,Clothing,51,Maine,Winter,3.8,0,2-Day Shipping,0,0,42,Cash,4,0,8568,8.37,5,0,0,7.79,1,1,Platinum Champions
3371,30,Female,Accessories,31,Illinois,Summer,2.8,0,Store Pickup,0,0,46,Cash,3,0,4278,9.18,3.33,0,0,7.5,1,0,Platinum Champions
3372,49,Female,Clothing,99,Colorado,Winter,4,0,Next Day Air,0,0,28,PayPal,7,0,19404,5.51,10,0,0,8.5,1,1,Platinum Champions
3373,56,Female,Clothing,25,Pennsylvania,Winter,4.6,0,Free Shipping,0,0,14,Credit Card,5,0,1750,2.65,6.67,0,0,6.44,0,1,Low-Engagement Casuals
3374,70,Female,Footwear,52,Minnesota,Spring,3.5,0,Store Pickup,0,0,12,Debit Card,5,0,3120,2.24,6.67,0,0,6.3,0,0,Low-Engagement Casuals
3375,22,Female,Clothing,47,Nevada,Spring,3.7,0,2-Day Shipping,0,0,41,Debit Card,7,0,13489,8.16,10,0,0,9.39,1,0,Platinum Champions
3376,51,Female,Footwear,98,Connecticut,Fall,4.9,0,Express,0,0,8,Credit Card,7,0,5488,1.43,10,0,0,7.14,1,1,Platinum Champions
3377,22,Female,Accessories,46,Ohio,Winter,4.1,0,Store Pickup,0,0,24,Cash,6,0,6624,4.69,8.33,0,0,7.67,1,1,Platinum Champions
3378,37,Female,Clothing,32,Kentucky,Winter,4.6,0,Next Day Air,0,0,18,PayPal,3,0,1728,3.47,3.33,0,0,5.6,0,1,Low-Engagement Casuals
3379,49,Female,Clothing,75,Minnesota,Fall,4.5,0,Next Day Air,0,0,6,Cash,6,0,2700,1.02,8.33,0,0,6.45,0,1,Low-Engagement Casuals
3380,61,Female,Accessories,51,Tennessee,Summer,5,0,Store Pickup,0,0,40,Cash,2,0,4080,7.96,1.67,0,0,6.54,0,1,Low-Engagement Casuals
3381,41,Female,Clothing,52,North Dakota,Summer,3.8,0,Standard,0,0,6,PayPal,5,0,1560,1.02,6.67,0,0,5.9,0,1,Low-Engagement Casuals
3382,57,Female,Accessories,66,Minnesota,Winter,4.7,0,Standard,0,0,27,Credit Card,6,0,10692,5.31,8.33,0,0,7.88,1,1,Platinum Champions
3383,34,Female,Clothing,35,Nebraska,Spring,2.8,0,Express,0,0,2,Bank Transfer,2,0,140,0.2,1.67,0,0,3.96,0,0,Low-Engagement Casuals
3384,27,Female,Outerwear,43,Delaware,Fall,2.6,0,Next Day Air,0,0,39,Venmo,1,0,1677,7.76,0,0,0,5.92,0,0,Low-Engagement Casuals
3385,39,Female,Clothing,24,Minnesota,Summer,3.8,0,Free Shipping,0,0,9,Venmo,6,0,1296,1.63,8.33,0,0,6.65,0,1,Low-Engagement Casuals
3386,62,Female,Accessories,83,Rhode Island,Winter,2.8,0,Standard,0,0,16,Credit Card,5,0,6640,3.06,6.67,0,0,6.58,0,0,At-Risk High-Value
3387,34,Female,Clothing,62,Michigan,Fall,2.6,0,2-Day Shipping,0,0,36,Cash,6,0,13392,7.14,8.33,0,0,8.49,1,0,Platinum Champions
3388,53,Female,Clothing,78,New Jersey,Spring,3.4,0,2-Day Shipping,0,0,2,Credit Card,1,0,156,0.2,0,0,0,3.4,0,0,Low-Engagement Casuals
3389,35,Female,Clothing,61,South Dakota,Spring,4.5,0,Store Pickup,0,0,21,Credit Card,2,0,2562,4.08,1.67,0,0,5.25,0,1,Low-Engagement Casuals
3390,38,Female,Clothing,57,North Carolina,Fall,3.8,0,Free Shipping,0,0,39,Venmo,7,0,15561,7.76,10,0,0,9.25,1,1,Platinum Champions
3391,32,Female,Clothing,70,Oregon,Summer,3,0,Next Day Air,0,0,38,PayPal,7,0,18620,7.55,10,0,0,9.18,1,0,Platinum Champions
3392,47,Female,Clothing,57,Montana,Fall,3.7,0,2-Day Shipping,0,0,6,Debit Card,5,0,1710,1.02,6.67,0,0,5.9,0,0,Low-Engagement Casuals
3393,53,Female,Accessories,74,New Jersey,Winter,4.4,0,Free Shipping,0,0,6,Venmo,1,0,444,1.02,0,0,0,3.67,0,1,Low-Engagement Casuals
3394,60,Female,Clothing,90,Arizona,Fall,3.1,0,Next Day Air,0,0,50,Debit Card,4,0,18000,10,5,0,0,8.33,1,0,Platinum Champions
3395,31,Female,Footwear,98,Vermont,Spring,4.2,0,Store Pickup,0,0,9,PayPal,7,0,6174,1.63,10,0,0,7.21,1,1,Platinum Champions
3396,44,Female,Clothing,43,Colorado,Winter,3.1,0,Free Shipping,0,0,15,Debit Card,5,0,3225,2.86,6.67,0,0,6.51,0,0,Low-Engagement Casuals
3397,29,Female,Clothing,37,Tennessee,Winter,5,0,Next Day Air,0,0,5,PayPal,6,0,1110,0.82,8.33,0,0,6.38,0,1,Low-Engagement Casuals
3398,19,Female,Clothing,38,New Jersey,Summer,2.7,0,Standard,0,0,13,Bank Transfer,1,0,494,2.45,0,0,0,4.15,0,0,Low-Engagement Casuals
3399,54,Female,Clothing,60,Montana,Winter,3.8,0,Standard,0,0,44,Cash,3,0,7920,8.78,3.33,0,0,7.37,1,1,Platinum Champions
3400,40,Female,Clothing,55,Montana,Winter,3.3,0,Standard,0,0,36,Debit Card,7,0,13860,7.14,10,0,0,9.05,1,0,Platinum Champions
3401,39,Female,Accessories,51,Nevada,Fall,4.8,0,Free Shipping,0,0,18,Venmo,3,0,2754,3.47,3.33,0,0,5.6,0,1,Low-Engagement Casuals
3402,44,Female,Accessories,71,Nevada,Winter,3.4,0,Standard,0,0,39,Credit Card,2,0,5538,7.76,1.67,0,0,6.48,0,0,At-Risk High-Value
3403,22,Female,Clothing,61,Louisiana,Spring,4.4,0,2-Day Shipping,0,0,11,PayPal,5,0,3355,2.04,6.67,0,0,6.24,0,1,Low-Engagement Casuals
3404,30,Female,Footwear,65,Illinois,Summer,3.9,0,Standard,0,0,1,Cash,1,0,65,0,0,0,0,3.33,0,1,Low-Engagement Casuals
3405,69,Female,Accessories,34,South Carolina,Fall,3.9,0,2-Day Shipping,0,0,34,Credit Card,7,0,8092,6.73,10,0,0,8.91,1,1,Platinum Champions
3406,28,Female,Clothing,87,Washington,Summer,4.2,0,Store Pickup,0,0,47,Bank Transfer,1,0,4089,9.39,0,0,0,6.46,0,1,Low-Engagement Casuals
3407,57,Female,Clothing,79,Nebraska,Spring,4,0,Store Pickup,0,0,24,Venmo,6,0,11376,4.69,8.33,0,0,7.67,1,1,Platinum Champions
3408,46,Female,Clothing,46,Alabama,Spring,2.6,0,Store Pickup,0,0,20,Cash,6,0,5520,3.88,8.33,0,0,7.4,1,0,Platinum Champions
3409,48,Female,Clothing,72,Montana,Summer,4.4,0,Standard,0,0,11,Bank Transfer,7,0,5544,2.04,10,0,0,7.35,1,1,Platinum Champions
3410,24,Female,Clothing,93,Minnesota,Summer,3.2,0,Next Day Air,0,0,3,Credit Card,5,0,1395,0.41,6.67,0,0,5.69,0,0,Low-Engagement Casuals
3411,50,Female,Footwear,76,Ohio,Summer,4.3,0,Free Shipping,0,0,38,Bank Transfer,1,0,2888,7.55,0,0,0,5.85,0,1,Low-Engagement Casuals
3412,29,Female,Footwear,56,New York,Winter,4.9,0,2-Day Shipping,0,0,45,Cash,2,0,5040,8.98,1.67,0,0,6.88,0,1,At-Risk High-Value
3413,61,Female,Footwear,83,Indiana,Fall,3.8,0,Store Pickup,0,0,31,Venmo,6,0,15438,6.12,8.33,0,0,8.15,1,1,Platinum Champions
3414,34,Female,Accessories,90,Delaware,Winter,2.5,0,Express,0,0,16,PayPal,1,0,1440,3.06,0,0,0,4.35,0,0,Low-Engagement Casuals
3415,27,Female,Footwear,94,Connecticut,Spring,4.9,0,Next Day Air,0,0,3,Bank Transfer,6,0,1692,0.41,8.33,0,0,6.25,0,1,Low-Engagement Casuals
3416,38,Female,Clothing,68,New York,Fall,3,0,2-Day Shipping,0,0,15,Bank Transfer,7,0,7140,2.86,10,0,0,7.62,1,0,Platinum Champions
3417,25,Female,Footwear,53,Alabama,Spring,3.2,0,Store Pickup,0,0,11,Bank Transfer,5,0,2915,2.04,6.67,0,0,6.24,0,0,Low-Engagement Casuals
3418,54,Female,Outerwear,35,Massachusetts,Summer,2.9,0,2-Day Shipping,0,0,22,Debit Card,3,0,2310,4.29,3.33,0,0,5.87,0,0,Low-Engagement Casuals
3419,53,Female,Outerwear,30,South Carolina,Summer,2.8,0,Free Shipping,0,0,35,Debit Card,7,0,7350,6.94,10,0,0,8.98,1,0,Platinum Champions
3420,23,Female,Accessories,26,West Virginia,Winter,3.1,0,Store Pickup,0,0,5,Venmo,1,0,130,0.82,0,0,0,3.61,0,0,Low-Engagement Casuals
3421,19,Female,Accessories,60,Kentucky,Winter,3.4,0,Express,0,0,35,PayPal,1,0,2100,6.94,0,0,0,5.65,0,0,Low-Engagement Casuals
3422,57,Female,Footwear,30,New Jersey,Summer,2.9,0,Free Shipping,0,0,27,PayPal,2,0,1620,5.31,1.67,0,0,5.66,0,0,Low-Engagement Casuals
3423,19,Female,Outerwear,91,New York,Winter,3.2,0,Next Day Air,0,0,9,Venmo,4,0,3276,1.63,5,0,0,5.54,0,0,Low-Engagement Casuals
3424,33,Female,Footwear,71,Massachusetts,Spring,3.8,0,Next Day Air,0,0,21,PayPal,1,0,1491,4.08,0,0,0,4.69,0,1,Low-Engagement Casuals
3425,33,Female,Accessories,64,Florida,Summer,3.6,0,2-Day Shipping,0,0,23,Credit Card,4,0,5888,4.49,5,0,0,6.5,0,0,At-Risk High-Value
3426,38,Female,Accessories,54,Michigan,Summer,4.3,0,Next Day Air,0,0,3,Debit Card,1,0,162,0.41,0,0,0,3.47,0,1,Low-Engagement Casuals
3427,47,Female,Clothing,35,Oregon,Fall,4.8,0,2-Day Shipping,0,0,31,Credit Card,7,0,7595,6.12,10,0,0,8.71,1,1,Platinum Champions
3428,39,Female,Clothing,38,Michigan,Winter,2.5,0,Store Pickup,0,0,44,Cash,7,0,11704,8.78,10,0,0,9.59,1,0,Platinum Champions
3429,32,Female,Accessories,69,Washington,Fall,2.5,0,Next Day Air,0,0,20,Venmo,4,0,5520,3.88,5,0,0,6.29,0,0,At-Risk High-Value
3430,27,Female,Clothing,96,Alaska,Winter,4.6,0,Express,0,0,34,Debit Card,2,0,6528,6.73,1.67,0,0,6.13,0,1,At-Risk High-Value
3431,67,Female,Clothing,73,Montana,Winter,4.2,0,Next Day Air,0,0,17,Bank Transfer,5,0,6205,3.27,6.67,0,0,6.65,0,1,At-Risk High-Value
3432,46,Female,Accessories,49,New Mexico,Summer,4.2,0,Express,0,0,20,Venmo,7,0,6860,3.88,10,0,0,7.96,1,1,Platinum Champions
3433,36,Female,Footwear,44,Connecticut,Summer,4.8,0,2-Day Shipping,0,0,46,PayPal,5,0,10120,9.18,6.67,0,0,8.62,1,1,Platinum Champions
3434,62,Female,Clothing,93,Alaska,Spring,4.5,0,Free Shipping,0,0,28,PayPal,7,0,18228,5.51,10,0,0,8.5,1,1,Platinum Champions
3435,31,Female,Clothing,72,Ohio,Summer,3.3,0,2-Day Shipping,0,0,6,Venmo,3,0,1296,1.02,3.33,0,0,4.78,0,0,Low-Engagement Casuals
3436,68,Female,Clothing,91,Montana,Summer,2.7,0,2-Day Shipping,0,0,50,Debit Card,1,0,4550,10,0,0,0,6.67,0,0,At-Risk High-Value
3437,57,Female,Accessories,83,Nebraska,Winter,2.8,0,2-Day Shipping,0,0,41,Bank Transfer,4,0,13612,8.16,5,0,0,7.72,1,0,Platinum Champions
3438,22,Female,Outerwear,62,Oklahoma,Winter,3.5,0,2-Day Shipping,0,0,50,PayPal,7,0,21700,10,10,0,0,10,1,0,Platinum Champions
3439,26,Female,Clothing,71,Kentucky,Fall,3,0,Store Pickup,0,0,33,Credit Card,4,0,9372,6.53,5,0,0,7.18,1,0,Platinum Champions
3440,43,Female,Accessories,93,Idaho,Summer,4.5,0,Express,0,0,25,Venmo,6,0,13950,4.9,8.33,0,0,7.74,1,1,Platinum Champions
3441,45,Female,Accessories,63,Maryland,Fall,4.3,0,2-Day Shipping,0,0,2,PayPal,2,0,252,0.2,1.67,0,0,3.96,0,1,Low-Engagement Casuals
3442,64,Female,Clothing,96,Tennessee,Fall,4.1,0,Standard,0,0,15,Credit Card,7,0,10080,2.86,10,0,0,7.62,1,1,Platinum Champions
3443,28,Female,Clothing,78,Michigan,Spring,4.3,0,Next Day Air,0,0,12,PayPal,2,0,1872,2.24,1.67,0,0,4.64,0,1,Low-Engagement Casuals
3444,47,Female,Clothing,24,Tennessee,Summer,5,0,Free Shipping,0,0,28,Cash,1,0,672,5.51,0,0,0,5.17,0,1,Low-Engagement Casuals
3445,53,Female,Clothing,63,Rhode Island,Summer,3.8,0,2-Day Shipping,0,0,12,Bank Transfer,1,0,756,2.24,0,0,0,4.08,0,1,Low-Engagement Casuals
3446,42,Female,Accessories,58,Florida,Fall,4.9,0,Standard,0,0,3,Debit Card,7,0,1218,0.41,10,0,0,6.8,0,1,Low-Engagement Casuals
3447,51,Female,Footwear,55,Louisiana,Spring,5,0,2-Day Shipping,0,0,20,Cash,2,0,2200,3.88,1.67,0,0,5.18,0,1,Low-Engagement Casuals
3448,62,Female,Footwear,58,Arkansas,Fall,4.3,0,Express,0,0,3,Bank Transfer,1,0,174,0.41,0,0,0,3.47,0,1,Low-Engagement Casuals
3449,18,Female,Outerwear,28,Kentucky,Winter,4.1,0,Express,0,0,32,Bank Transfer,3,0,2688,6.33,3.33,0,0,6.55,0,1,Low-Engagement Casuals
3450,48,Female,Clothing,37,Kansas,Spring,4.5,0,Standard,0,0,35,Cash,4,0,5180,6.94,5,0,0,7.31,1,1,Platinum Champions
3451,20,Female,Clothing,78,Vermont,Spring,3.6,0,Store Pickup,0,0,31,PayPal,4,0,9672,6.12,5,0,0,7.04,1,0,Platinum Champions
3452,32,Female,Clothing,73,Nevada,Fall,3,0,Free Shipping,0,0,13,Credit Card,7,0,6643,2.45,10,0,0,7.48,1,0,Platinum Champions
3453,26,Female,Outerwear,20,Oklahoma,Spring,3.7,0,Next Day Air,0,0,3,Venmo,3,0,180,0.41,3.33,0,0,4.58,0,0,Low-Engagement Casuals
3454,31,Female,Clothing,60,Alabama,Winter,4.3,0,Standard,0,0,48,Venmo,1,0,2880,9.59,0,0,0,6.53,0,1,Low-Engagement Casuals
3455,55,Female,Accessories,71,Louisiana,Fall,4.6,0,Store Pickup,0,0,15,PayPal,1,0,1065,2.86,0,0,0,4.29,0,1,Low-Engagement Casuals
3456,49,Female,Clothing,89,Ohio,Fall,4.7,0,Standard,0,0,13,Venmo,7,0,8099,2.45,10,0,0,7.48,1,1,Platinum Champions
3457,42,Female,Clothing,53,Texas,Fall,4.6,0,Express,0,0,21,Venmo,4,0,4452,4.08,5,0,0,6.36,0,1,At-Risk High-Value
3458,64,Female,Accessories,87,Maryland,Summer,3,0,Express,0,0,29,Cash,3,0,7569,5.71,3.33,0,0,6.35,0,0,At-Risk High-Value
3459,68,Female,Accessories,37,West Virginia,Spring,3.4,0,Standard,0,0,24,Venmo,6,0,5328,4.69,8.33,0,0,7.67,1,0,Platinum Champions
3460,68,Female,Clothing,37,Ohio,Fall,3.8,0,Express,0,0,21,PayPal,7,0,5439,4.08,10,0,0,8.03,1,1,Platinum Champions
3461,41,Female,Accessories,78,Indiana,Spring,3.1,0,Express,0,0,5,Bank Transfer,1,0,390,0.82,0,0,0,3.61,0,0,Low-Engagement Casuals
3462,51,Female,Footwear,23,Wyoming,Spring,4.4,0,Standard,0,0,47,Cash,6,0,6486,9.39,8.33,0,0,9.24,1,1,Platinum Champions
3463,44,Female,Clothing,73,Michigan,Spring,4.5,0,Standard,0,0,34,Credit Card,5,0,12410,6.73,6.67,0,0,7.8,1,1,Platinum Champions
3464,27,Female,Accessories,27,Maine,Fall,2.8,0,2-Day Shipping,0,0,45,PayPal,3,0,3645,8.98,3.33,0,0,7.44,1,0,Emerging Devotees
3465,36,Female,Outerwear,59,Utah,Winter,2.7,0,Next Day Air,0,0,12,PayPal,7,0,4956,2.24,10,0,0,7.41,1,0,Platinum Champions
3466,19,Female,Accessories,53,Iowa,Spring,3.4,0,Standard,0,0,31,Debit Card,2,0,3286,6.12,1.67,0,0,5.93,0,0,Low-Engagement Casuals
3467,49,Female,Clothing,42,Maryland,Summer,4.6,0,Standard,0,0,43,Bank Transfer,7,0,12642,8.57,10,0,0,9.52,1,1,Platinum Champions
3468,18,Female,Accessories,45,Texas,Fall,5,0,Next Day Air,0,0,5,Credit Card,7,0,1575,0.82,10,0,0,6.94,0,1,Low-Engagement Casuals
3469,36,Female,Accessories,89,Ohio,Winter,3.5,0,Standard,0,0,36,Debit Card,6,0,19224,7.14,8.33,0,0,8.49,1,0,Platinum Champions
3470,36,Female,Clothing,85,North Dakota,Fall,3.3,0,Store Pickup,0,0,12,Cash,7,0,7140,2.24,10,0,0,7.41,1,0,Platinum Champions
3471,19,Female,Outerwear,69,West Virginia,Summer,4.5,0,Free Shipping,0,0,31,Cash,1,0,2139,6.12,0,0,0,5.37,0,1,Low-Engagement Casuals
3472,43,Female,Footwear,66,North Carolina,Spring,3.1,0,Store Pickup,0,0,31,Cash,1,0,2046,6.12,0,0,0,5.37,0,0,Low-Engagement Casuals
3473,31,Female,Clothing,42,Georgia,Summer,4,0,Free Shipping,0,0,15,Debit Card,2,0,1260,2.86,1.67,0,0,4.84,0,1,Low-Engagement Casuals
3474,63,Female,Clothing,40,Kansas,Spring,2.5,0,Express,0,0,11,Cash,2,0,880,2.04,1.67,0,0,4.57,0,0,Low-Engagement Casuals
3475,41,Female,Clothing,82,Maine,Winter,4.4,0,Store Pickup,0,0,18,Venmo,4,0,5904,3.47,5,0,0,6.16,0,1,At-Risk High-Value
3476,48,Female,Footwear,88,South Carolina,Spring,4.4,0,Express,0,0,9,Cash,6,0,4752,1.63,8.33,0,0,6.65,0,1,At-Risk High-Value
3477,68,Female,Footwear,99,South Carolina,Summer,3.2,0,Free Shipping,0,0,11,Cash,2,0,2178,2.04,1.67,0,0,4.57,0,0,Low-Engagement Casuals
3478,53,Female,Accessories,85,Kentucky,Spring,3.8,0,Store Pickup,0,0,38,Debit Card,1,0,3230,7.55,0,0,0,5.85,0,1,Low-Engagement Casuals
3479,36,Female,Accessories,57,Arizona,Fall,4.6,0,Store Pickup,0,0,42,PayPal,6,0,14364,8.37,8.33,0,0,8.9,1,1,Platinum Champions
3480,46,Female,Clothing,56,New York,Summer,4.9,0,Standard,0,0,41,Cash,4,0,9184,8.16,5,0,0,7.72,1,1,Platinum Champions
3481,21,Female,Footwear,79,New Hampshire,Winter,3.5,0,Free Shipping,0,0,45,PayPal,4,0,14220,8.98,5,0,0,7.99,1,0,Platinum Champions
3482,52,Female,Clothing,67,Ohio,Summer,3.4,0,Store Pickup,0,0,41,Debit Card,1,0,2747,8.16,0,0,0,6.05,0,0,Low-Engagement Casuals
3483,66,Female,Accessories,61,Hawaii,Winter,3.9,0,Next Day Air,0,0,35,Debit Card,2,0,4270,6.94,1.67,0,0,6.2,0,1,At-Risk High-Value
3484,19,Female,Clothing,37,Texas,Winter,3.9,0,Express,0,0,21,Credit Card,5,0,3885,4.08,6.67,0,0,6.92,0,1,Low-Engagement Casuals
3485,44,Female,Clothing,75,Illinois,Fall,4.2,0,Free Shipping,0,0,13,Credit Card,1,0,975,2.45,0,0,0,4.15,0,1,Low-Engagement Casuals
3486,50,Female,Clothing,21,Massachusetts,Winter,3.4,0,Standard,0,0,23,Debit Card,3,0,1449,4.49,3.33,0,0,5.94,0,0,Low-Engagement Casuals
3487,51,Female,Clothing,89,North Carolina,Winter,4.9,0,Standard,0,0,6,PayPal,2,0,1068,1.02,1.67,0,0,4.23,0,1,Low-Engagement Casuals
3488,25,Female,Footwear,24,West Virginia,Fall,2.9,0,Store Pickup,0,0,39,Bank Transfer,7,0,6552,7.76,10,0,0,9.25,1,0,Platinum Champions
3489,62,Female,Clothing,27,Delaware,Spring,4.9,0,Store Pickup,0,0,7,Cash,6,0,1134,1.22,8.33,0,0,6.52,0,1,Low-Engagement Casuals
3490,48,Female,Clothing,26,Idaho,Summer,4.6,0,2-Day Shipping,0,0,32,PayPal,5,0,4160,6.33,6.67,0,0,7.67,1,1,Emerging Devotees
3491,62,Female,Footwear,82,Oregon,Spring,3.6,0,Store Pickup,0,0,43,Credit Card,6,0,21156,8.57,8.33,0,0,8.97,1,0,Platinum Champions
3492,22,Female,Clothing,28,Maine,Winter,4.3,0,Express,0,0,15,Cash,4,0,1680,2.86,5,0,0,5.95,0,1,Low-Engagement Casuals
3493,48,Female,Accessories,65,South Dakota,Fall,4.6,0,Standard,0,0,48,Bank Transfer,7,0,21840,9.59,10,0,0,9.86,1,1,Platinum Champions
3494,48,Female,Clothing,82,New Mexico,Winter,4.7,0,Store Pickup,0,0,35,Credit Card,2,0,5740,6.94,1.67,0,0,6.2,0,1,At-Risk High-Value
3495,62,Female,Accessories,38,Washington,Winter,3.5,0,Free Shipping,0,0,41,PayPal,6,0,9348,8.16,8.33,0,0,8.83,1,0,Platinum Champions
3496,24,Female,Clothing,33,Georgia,Spring,2.8,0,Free Shipping,0,0,14,Cash,2,0,924,2.65,1.67,0,0,4.77,0,0,Low-Engagement Casuals
3497,39,Female,Footwear,38,Idaho,Summer,4,0,Free Shipping,0,0,22,PayPal,4,0,3344,4.29,5,0,0,6.43,0,1,Low-Engagement Casuals
3498,35,Female,Accessories,48,Colorado,Spring,4.3,0,Store Pickup,0,0,16,Venmo,5,0,3840,3.06,6.67,0,0,6.58,0,1,Low-Engagement Casuals
3499,47,Female,Footwear,35,Kentucky,Summer,3.8,0,Standard,0,0,2,Bank Transfer,1,0,70,0.2,0,0,0,3.4,0,1,Low-Engagement Casuals
3500,22,Female,Clothing,29,New Jersey,Fall,3,0,Next Day Air,0,0,13,PayPal,5,0,1885,2.45,6.67,0,0,6.37,0,0,Low-Engagement Casuals
3501,38,Female,Clothing,48,Oregon,Fall,4.6,0,Next Day Air,0,0,38,Debit Card,3,0,5472,7.55,3.33,0,0,6.96,0,1,At-Risk High-Value
3502,53,Female,Footwear,87,Nebraska,Fall,4.8,0,Standard,0,0,43,Bank Transfer,2,0,7482,8.57,1.67,0,0,6.75,0,1,At-Risk High-Value
3503,31,Female,Accessories,62,Massachusetts,Fall,4.7,0,Next Day Air,0,0,26,Bank Transfer,6,0,9672,5.1,8.33,0,0,7.81,1,1,Platinum Champions
3504,31,Female,Clothing,96,Nebraska,Spring,3.9,0,Free Shipping,0,0,39,Cash,2,0,7488,7.76,1.67,0,0,6.48,0,1,At-Risk High-Value
3505,65,Female,Accessories,41,Hawaii,Fall,4,0,Next Day Air,0,0,50,Venmo,4,0,8200,10,5,0,0,8.33,1,1,Platinum Champions
3506,48,Female,Accessories,42,Indiana,Winter,3.7,0,2-Day Shipping,0,0,40,Bank Transfer,5,0,8400,7.96,6.67,0,0,8.21,1,0,Platinum Champions
3507,18,Female,Clothing,57,Illinois,Winter,3.7,0,2-Day Shipping,0,0,12,Cash,3,0,2052,2.24,3.33,0,0,5.19,0,0,Low-Engagement Casuals
3508,46,Female,Accessories,65,Colorado,Spring,4.2,0,Store Pickup,0,0,33,Credit Card,5,0,10725,6.53,6.67,0,0,7.73,1,1,Platinum Champions
3509,52,Female,Clothing,54,Pennsylvania,Fall,4.7,0,Standard,0,0,49,Bank Transfer,2,0,5292,9.8,1.67,0,0,7.16,1,1,Platinum Champions
3510,50,Female,Clothing,22,Ohio,Winter,4.3,0,Next Day Air,0,0,43,Venmo,1,0,946,8.57,0,0,0,6.19,0,1,Low-Engagement Casuals
3511,49,Female,Footwear,96,Pennsylvania,Fall,4.9,0,2-Day Shipping,0,0,14,Venmo,4,0,5376,2.65,5,0,0,5.88,0,1,At-Risk High-Value
3512,69,Female,Accessories,81,Mississippi,Summer,3.9,0,2-Day Shipping,0,0,21,Credit Card,5,0,8505,4.08,6.67,0,0,6.92,0,1,At-Risk High-Value
3513,36,Female,Clothing,46,Kentucky,Fall,3.4,0,Free Shipping,0,0,31,Debit Card,6,0,8556,6.12,8.33,0,0,8.15,1,0,Platinum Champions
3514,30,Female,Clothing,74,Alaska,Spring,4.2,0,Store Pickup,0,0,29,Credit Card,3,0,6438,5.71,3.33,0,0,6.35,0,1,At-Risk High-Value
3515,25,Female,Footwear,50,Georgia,Winter,4.7,0,Express,0,0,32,Cash,4,0,6400,6.33,5,0,0,7.11,1,1,Platinum Champions
3516,19,Female,Clothing,80,South Dakota,Winter,4,0,Next Day Air,0,0,16,Debit Card,1,0,1280,3.06,0,0,0,4.35,0,1,Low-Engagement Casuals
3517,34,Female,Footwear,56,South Carolina,Summer,4,0,Free Shipping,0,0,38,PayPal,1,0,2128,7.55,0,0,0,5.85,0,1,Low-Engagement Casuals
3518,29,Female,Clothing,69,Tennessee,Winter,3.1,0,Next Day Air,0,0,34,Debit Card,5,0,11730,6.73,6.67,0,0,7.8,1,0,Platinum Champions
3519,50,Female,Clothing,97,Colorado,Spring,4.2,0,Standard,0,0,30,PayPal,6,0,17460,5.92,8.33,0,0,8.08,1,1,Platinum Champions
3520,31,Female,Clothing,66,Wisconsin,Winter,3.7,0,Next Day Air,0,0,14,Bank Transfer,3,0,2772,2.65,3.33,0,0,5.33,0,0,Low-Engagement Casuals
3521,41,Female,Accessories,70,Georgia,Spring,3.1,0,Express,0,0,33,Bank Transfer,4,0,9240,6.53,5,0,0,7.18,1,0,Platinum Champions
3522,52,Female,Footwear,50,Maryland,Winter,3.7,0,Store Pickup,0,0,35,Venmo,2,0,3500,6.94,1.67,0,0,6.2,0,0,Low-Engagement Casuals
3523,27,Female,Clothing,85,New Jersey,Spring,3.2,0,Store Pickup,0,0,13,Cash,6,0,6630,2.45,8.33,0,0,6.93,0,0,At-Risk High-Value
3524,49,Female,Accessories,59,Nevada,Summer,2.8,0,Standard,0,0,30,Cash,3,0,5310,5.92,3.33,0,0,6.42,0,0,At-Risk High-Value
3525,69,Female,Clothing,74,Michigan,Summer,2.9,0,Free Shipping,0,0,30,Credit Card,4,0,8880,5.92,5,0,0,6.97,0,0,At-Risk High-Value
3526,45,Female,Accessories,38,Wyoming,Winter,3.5,0,Standard,0,0,47,Bank Transfer,7,0,12502,9.39,10,0,0,9.8,1,0,Platinum Champions
3527,20,Female,Clothing,99,Massachusetts,Spring,3.8,0,Express,0,0,1,PayPal,5,0,495,0,6.67,0,0,5.56,0,1,Low-Engagement Casuals
3528,25,Female,Clothing,97,Washington,Spring,4.7,0,Free Shipping,0,0,1,Cash,2,0,194,0,1.67,0,0,3.89,0,1,Low-Engagement Casuals
3529,38,Female,Accessories,67,Maine,Summer,4.5,0,Free Shipping,0,0,33,PayPal,7,0,15477,6.53,10,0,0,8.84,1,1,Platinum Champions
3530,55,Female,Clothing,20,Montana,Winter,3.9,0,Next Day Air,0,0,43,Bank Transfer,2,0,1720,8.57,1.67,0,0,6.75,0,1,Low-Engagement Casuals
3531,62,Female,Accessories,45,Oklahoma,Spring,3.4,0,Express,0,0,37,PayPal,2,0,3330,7.35,1.67,0,0,6.34,0,0,Low-Engagement Casuals
3532,54,Female,Footwear,52,North Dakota,Winter,4.6,0,2-Day Shipping,0,0,23,Cash,6,0,7176,4.49,8.33,0,0,7.61,1,1,Platinum Champions
3533,61,Female,Clothing,68,Connecticut,Fall,4.6,0,Standard,0,0,12,Credit Card,7,0,5712,2.24,10,0,0,7.41,1,1,Platinum Champions
3534,50,Female,Footwear,98,Texas,Fall,4.7,0,Standard,0,0,30,Venmo,3,0,8820,5.92,3.33,0,0,6.42,0,1,At-Risk High-Value
3535,65,Female,Footwear,83,Delaware,Fall,3.2,0,Express,0,0,7,Cash,2,0,1162,1.22,1.67,0,0,4.3,0,0,Low-Engagement Casuals
3536,68,Female,Clothing,51,Mississippi,Summer,5,0,Express,0,0,20,Debit Card,4,0,4080,3.88,5,0,0,6.29,0,1,Low-Engagement Casuals
3537,55,Female,Accessories,21,Minnesota,Spring,4.5,0,Express,0,0,10,Venmo,4,0,840,1.84,5,0,0,5.61,0,1,Low-Engagement Casuals
3538,57,Female,Accessories,92,Georgia,Spring,3.5,0,Standard,0,0,40,Credit Card,5,0,18400,7.96,6.67,0,0,8.21,1,0,Platinum Champions
3539,56,Female,Footwear,63,Iowa,Spring,4.5,0,Store Pickup,0,0,21,Venmo,4,0,5292,4.08,5,0,0,6.36,0,1,At-Risk High-Value
3540,29,Female,Accessories,56,New York,Spring,3.2,0,Express,0,0,17,Credit Card,1,0,952,3.27,0,0,0,4.42,0,0,Low-Engagement Casuals
3541,24,Female,Clothing,95,Nevada,Spring,4.6,0,Free Shipping,0,0,5,Bank Transfer,2,0,950,0.82,1.67,0,0,4.16,0,1,Low-Engagement Casuals
3542,59,Female,Clothing,66,Virginia,Winter,4,0,Next Day Air,0,0,22,PayPal,7,0,10164,4.29,10,0,0,8.1,1,1,Platinum Champions
3543,62,Female,Outerwear,28,Idaho,Spring,4.2,0,Express,0,0,5,Venmo,2,0,280,0.82,1.67,0,0,4.16,0,1,Low-Engagement Casuals
3544,58,Female,Accessories,83,Colorado,Winter,4.1,0,Standard,0,0,18,PayPal,5,0,7470,3.47,6.67,0,0,6.71,0,1,At-Risk High-Value
3545,64,Female,Clothing,55,Wisconsin,Fall,3.6,0,2-Day Shipping,0,0,42,Cash,5,0,11550,8.37,6.67,0,0,8.35,1,0,Platinum Champions
3546,48,Female,Footwear,28,Connecticut,Spring,3.7,0,2-Day Shipping,0,0,22,Debit Card,7,0,4312,4.29,10,0,0,8.1,1,0,Platinum Champions
3547,60,Female,Accessories,79,Kansas,Summer,3.6,0,Free Shipping,0,0,37,Bank Transfer,1,0,2923,7.35,0,0,0,5.78,0,0,Low-Engagement Casuals
3548,52,Female,Accessories,31,Pennsylvania,Summer,3.8,0,Standard,0,0,23,Credit Card,7,0,4991,4.49,10,0,0,8.16,1,1,Platinum Champions
3549,63,Female,Clothing,37,Utah,Fall,3,0,Standard,0,0,47,Debit Card,3,0,5217,9.39,3.33,0,0,7.57,1,0,Platinum Champions
3550,44,Female,Clothing,34,Oregon,Summer,3.4,0,2-Day Shipping,0,0,11,Bank Transfer,3,0,1122,2.04,3.33,0,0,5.12,0,0,Low-Engagement Casuals
3551,63,Female,Footwear,74,West Virginia,Winter,4.8,0,Standard,0,0,32,Cash,2,0,4736,6.33,1.67,0,0,6,0,1,At-Risk High-Value
3552,66,Female,Accessories,31,Montana,Spring,2.6,0,Store Pickup,0,0,20,Venmo,2,0,1240,3.88,1.67,0,0,5.18,0,0,Low-Engagement Casuals
3553,22,Female,Accessories,66,Kentucky,Winter,2.9,0,Next Day Air,0,0,3,PayPal,6,0,1188,0.41,8.33,0,0,6.25,0,0,Low-Engagement Casuals
3554,62,Female,Footwear,99,Minnesota,Spring,4.9,0,Free Shipping,0,0,32,Bank Transfer,2,0,6336,6.33,1.67,0,0,6,0,1,At-Risk High-Value
3555,39,Female,Clothing,55,Louisiana,Spring,5,0,Free Shipping,0,0,5,Credit Card,3,0,825,0.82,3.33,0,0,4.72,0,1,Low-Engagement Casuals
3556,25,Female,Clothing,23,Delaware,Spring,4.6,0,Next Day Air,0,0,45,Cash,6,0,6210,8.98,8.33,0,0,9.1,1,1,Platinum Champions
3557,70,Female,Clothing,88,Arizona,Fall,4.2,0,Express,0,0,43,Cash,1,0,3784,8.57,0,0,0,6.19,0,1,Low-Engagement Casuals
3558,52,Female,Outerwear,26,Nevada,Summer,4.9,0,Next Day Air,0,0,1,PayPal,5,0,130,0,6.67,0,0,5.56,0,1,Low-Engagement Casuals
3559,68,Female,Accessories,94,Alaska,Summer,4.8,0,Standard,0,0,9,Venmo,6,0,5076,1.63,8.33,0,0,6.65,0,1,At-Risk High-Value
3560,18,Female,Clothing,25,Utah,Fall,3,0,Next Day Air,0,0,13,Venmo,5,0,1625,2.45,6.67,0,0,6.37,0,0,Low-Engagement Casuals
3561,18,Female,Clothing,96,Kansas,Fall,3.5,0,Express,0,0,5,Credit Card,7,0,3360,0.82,10,0,0,6.94,0,0,Low-Engagement Casuals
3562,63,Female,Footwear,29,North Carolina,Spring,3.4,0,Standard,0,0,39,Credit Card,3,0,3393,7.76,3.33,0,0,7.03,1,0,Emerging Devotees
3563,47,Female,Footwear,36,Maryland,Winter,3.4,0,Free Shipping,0,0,7,Bank Transfer,2,0,504,1.22,1.67,0,0,4.3,0,0,Low-Engagement Casuals
3564,43,Female,Clothing,90,Maine,Summer,4.9,0,Standard,0,0,8,Credit Card,5,0,3600,1.43,6.67,0,0,6.03,0,1,Low-Engagement Casuals
3565,60,Female,Accessories,38,Illinois,Summer,4.4,0,Free Shipping,0,0,40,Venmo,7,0,10640,7.96,10,0,0,9.32,1,1,Platinum Champions
3566,49,Female,Accessories,52,Pennsylvania,Spring,4.2,0,Store Pickup,0,0,35,PayPal,4,0,7280,6.94,5,0,0,7.31,1,1,Platinum Champions
3567,28,Female,Clothing,88,Alaska,Spring,3.1,0,Next Day Air,0,0,14,Venmo,4,0,4928,2.65,5,0,0,5.88,0,0,At-Risk High-Value
3568,32,Female,Accessories,56,New Mexico,Summer,4,0,Next Day Air,0,0,26,Credit Card,4,0,5824,5.1,5,0,0,6.7,0,1,At-Risk High-Value
3569,29,Female,Footwear,71,Arkansas,Spring,4.8,0,Next Day Air,0,0,14,PayPal,6,0,5964,2.65,8.33,0,0,6.99,0,1,At-Risk High-Value
3570,35,Female,Footwear,94,Alaska,Fall,3.3,0,Express,0,0,9,Bank Transfer,3,0,2538,1.63,3.33,0,0,4.99,0,0,Low-Engagement Casuals
3571,23,Female,Clothing,97,Louisiana,Winter,4.7,0,Standard,0,0,32,Debit Card,7,0,21728,6.33,10,0,0,8.78,1,1,Platinum Champions
3572,70,Female,Clothing,27,North Dakota,Summer,3.2,0,Standard,0,0,15,Bank Transfer,5,0,2025,2.86,6.67,0,0,6.51,0,0,Low-Engagement Casuals
3573,23,Female,Clothing,28,Rhode Island,Spring,5,0,Standard,0,0,25,Credit Card,4,0,2800,4.9,5,0,0,6.63,0,1,Low-Engagement Casuals
3574,43,Female,Clothing,67,Connecticut,Fall,4.9,0,Free Shipping,0,0,27,PayPal,4,0,7236,5.31,5,0,0,6.77,0,1,At-Risk High-Value
3575,29,Female,Clothing,70,New York,Fall,4.9,0,Express,0,0,39,Bank Transfer,6,0,16380,7.76,8.33,0,0,8.7,1,1,Platinum Champions
3576,61,Female,Outerwear,95,Kentucky,Fall,3.7,0,Express,0,0,49,Venmo,1,0,4655,9.8,0,0,0,6.6,0,0,At-Risk High-Value
3577,29,Female,Footwear,24,Maine,Spring,3,0,Express,0,0,12,Venmo,1,0,288,2.24,0,0,0,4.08,0,0,Low-Engagement Casuals
3578,66,Female,Accessories,35,Missouri,Winter,2.6,0,Standard,0,0,13,Bank Transfer,2,0,910,2.45,1.67,0,0,4.71,0,0,Low-Engagement Casuals
3579,46,Female,Footwear,22,Georgia,Winter,2.6,0,Standard,0,0,22,Bank Transfer,6,0,2904,4.29,8.33,0,0,7.54,1,0,Emerging Devotees
3580,34,Female,Accessories,66,Arizona,Fall,4.8,0,Standard,0,0,19,Credit Card,5,0,6270,3.67,6.67,0,0,6.78,0,1,At-Risk High-Value
3581,51,Female,Clothing,83,New Hampshire,Summer,3.2,0,2-Day Shipping,0,0,3,Cash,1,0,249,0.41,0,0,0,3.47,0,0,Low-Engagement Casuals
3582,26,Female,Clothing,95,Georgia,Fall,4.9,0,Next Day Air,0,0,50,Credit Card,2,0,9500,10,1.67,0,0,7.22,1,1,Platinum Champions
3583,23,Female,Clothing,41,California,Summer,3.4,0,2-Day Shipping,0,0,15,PayPal,7,0,4305,2.86,10,0,0,7.62,1,0,Platinum Champions
3584,52,Female,Clothing,77,Arizona,Summer,2.7,0,Store Pickup,0,0,44,Credit Card,5,0,16940,8.78,6.67,0,0,8.48,1,0,Platinum Champions
3585,39,Female,Footwear,52,Florida,Fall,4.8,0,Express,0,0,48,Debit Card,4,0,9984,9.59,5,0,0,8.2,1,1,Platinum Champions
3586,39,Female,Accessories,41,New York,Winter,4.1,0,Standard,0,0,4,Venmo,1,0,164,0.61,0,0,0,3.54,0,1,Low-Engagement Casuals
3587,33,Female,Clothing,28,Idaho,Winter,4.6,0,Store Pickup,0,0,12,PayPal,1,0,336,2.24,0,0,0,4.08,0,1,Low-Engagement Casuals
3588,33,Female,Clothing,90,Virginia,Summer,4.4,0,Standard,0,0,33,Debit Card,7,0,20790,6.53,10,0,0,8.84,1,1,Platinum Champions
3589,23,Female,Accessories,55,Michigan,Spring,3.5,0,2-Day Shipping,0,0,40,Cash,7,0,15400,7.96,10,0,0,9.32,1,0,Platinum Champions
3590,31,Female,Accessories,73,New Hampshire,Spring,4.8,0,Next Day Air,0,0,38,Cash,5,0,13870,7.55,6.67,0,0,8.07,1,1,Platinum Champions
3591,27,Female,Clothing,87,South Dakota,Fall,2.9,0,2-Day Shipping,0,0,19,Venmo,5,0,8265,3.67,6.67,0,0,6.78,0,0,At-Risk High-Value
3592,48,Female,Outerwear,89,South Dakota,Winter,3.2,0,2-Day Shipping,0,0,38,Bank Transfer,6,0,20292,7.55,8.33,0,0,8.63,1,0,Platinum Champions
3593,61,Female,Footwear,82,New Jersey,Spring,4.4,0,2-Day Shipping,0,0,18,Venmo,3,0,4428,3.47,3.33,0,0,5.6,0,1,At-Risk High-Value
3594,63,Female,Footwear,80,Wyoming,Spring,4.6,0,Next Day Air,0,0,24,PayPal,4,0,7680,4.69,5,0,0,6.56,0,1,At-Risk High-Value
3595,19,Female,Accessories,87,Alabama,Summer,2.6,0,2-Day Shipping,0,0,29,Venmo,6,0,15138,5.71,8.33,0,0,8.01,1,0,Platinum Champions
3596,21,Female,Clothing,41,South Dakota,Spring,3.1,0,Store Pickup,0,0,14,PayPal,7,0,4018,2.65,10,0,0,7.55,1,0,Emerging Devotees
3597,28,Female,Clothing,83,South Carolina,Spring,4.3,0,Standard,0,0,44,Cash,3,0,10956,8.78,3.33,0,0,7.37,1,1,Platinum Champions
3598,29,Female,Accessories,71,New Mexico,Summer,3.1,0,Standard,0,0,18,Bank Transfer,6,0,7668,3.47,8.33,0,0,7.27,1,0,Platinum Champions
3599,23,Female,Clothing,76,Connecticut,Spring,4.6,0,Store Pickup,0,0,19,Bank Transfer,1,0,1444,3.67,0,0,0,4.56,0,1,Low-Engagement Casuals
3600,37,Female,Accessories,34,Kansas,Spring,4.6,0,Express,0,0,4,Cash,2,0,272,0.61,1.67,0,0,4.09,0,1,Low-Engagement Casuals
3601,67,Female,Clothing,81,South Carolina,Spring,2.7,0,Free Shipping,0,0,25,Cash,1,0,2025,4.9,0,0,0,4.97,0,0,Low-Engagement Casuals
3602,34,Female,Clothing,47,North Carolina,Summer,3,0,Next Day Air,0,0,3,PayPal,4,0,564,0.41,5,0,0,5.14,0,0,Low-Engagement Casuals
3603,58,Female,Clothing,36,Wyoming,Summer,3.3,0,Store Pickup,0,0,40,Debit Card,6,0,8640,7.96,8.33,0,0,8.76,1,0,Platinum Champions
3604,45,Female,Clothing,51,Louisiana,Spring,2.7,0,Free Shipping,0,0,5,Cash,2,0,510,0.82,1.67,0,0,4.16,0,0,Low-Engagement Casuals
3605,63,Female,Clothing,86,Louisiana,Fall,3.3,0,Standard,0,0,17,Debit Card,7,0,10234,3.27,10,0,0,7.76,1,0,Platinum Champions
3606,68,Female,Clothing,41,Alabama,Fall,4.3,0,Store Pickup,0,0,36,Bank Transfer,5,0,7380,7.14,6.67,0,0,7.94,1,1,Platinum Champions
3607,41,Female,Footwear,90,Minnesota,Fall,4.8,0,Express,0,0,41,Venmo,7,0,25830,8.16,10,0,0,9.39,1,1,Platinum Champions
3608,50,Female,Accessories,93,New Mexico,Fall,3.3,0,Standard,0,0,20,Venmo,1,0,1860,3.88,0,0,0,4.63,0,0,Low-Engagement Casuals
3609,24,Female,Accessories,56,Tennessee,Fall,4.3,0,Next Day Air,0,0,2,Cash,5,0,560,0.2,6.67,0,0,5.62,0,1,Low-Engagement Casuals
3610,21,Female,Clothing,39,New Mexico,Summer,3,0,2-Day Shipping,0,0,31,Debit Card,4,0,4836,6.12,5,0,0,7.04,1,0,Platinum Champions
3611,18,Female,Outerwear,86,Texas,Fall,4.8,0,2-Day Shipping,0,0,23,Bank Transfer,3,0,5934,4.49,3.33,0,0,5.94,0,1,At-Risk High-Value
3612,63,Female,Clothing,82,Washington,Spring,2.9,0,Standard,0,0,30,Credit Card,7,0,17220,5.92,10,0,0,8.64,1,0,Platinum Champions
3613,47,Female,Footwear,29,Michigan,Summer,3.6,0,Standard,0,0,26,Cash,5,0,3770,5.1,6.67,0,0,7.26,1,0,Emerging Devotees
3614,58,Female,Accessories,27,Minnesota,Fall,3.5,0,Store Pickup,0,0,40,Venmo,7,0,7560,7.96,10,0,0,9.32,1,0,Platinum Champions
3615,46,Female,Accessories,25,Delaware,Spring,4.7,0,2-Day Shipping,0,0,19,Bank Transfer,7,0,3325,3.67,10,0,0,7.89,1,1,Emerging Devotees
3616,35,Female,Clothing,31,California,Winter,4.4,0,Free Shipping,0,0,4,Credit Card,4,0,496,0.61,5,0,0,5.2,0,1,Low-Engagement Casuals
3617,42,Female,Clothing,23,Wisconsin,Winter,3.3,0,Store Pickup,0,0,33,Debit Card,3,0,2277,6.53,3.33,0,0,6.62,0,0,Low-Engagement Casuals
3618,48,Female,Accessories,47,Kentucky,Fall,4.3,0,Express,0,0,29,Debit Card,4,0,5452,5.71,5,0,0,6.9,0,1,At-Risk High-Value
3619,28,Female,Accessories,67,Nevada,Fall,4,0,2-Day Shipping,0,0,47,PayPal,1,0,3149,9.39,0,0,0,6.46,0,1,Low-Engagement Casuals
3620,44,Female,Accessories,75,North Carolina,Winter,4.9,0,2-Day Shipping,0,0,50,Venmo,2,0,7500,10,1.67,0,0,7.22,1,1,Platinum Champions
3621,60,Female,Footwear,82,Louisiana,Summer,2.9,0,Express,0,0,28,Credit Card,3,0,6888,5.51,3.33,0,0,6.28,0,0,At-Risk High-Value
3622,38,Female,Footwear,32,New Jersey,Summer,4,0,2-Day Shipping,0,0,5,Cash,3,0,480,0.82,3.33,0,0,4.72,0,1,Low-Engagement Casuals
3623,46,Female,Clothing,41,Wisconsin,Fall,4.3,0,Store Pickup,0,0,12,Credit Card,7,0,3444,2.24,10,0,0,7.41,1,1,Emerging Devotees
3624,39,Female,Accessories,89,Arkansas,Winter,2.7,0,2-Day Shipping,0,0,4,PayPal,2,0,712,0.61,1.67,0,0,4.09,0,0,Low-Engagement Casuals
3625,22,Female,Accessories,82,Texas,Fall,5,0,Store Pickup,0,0,22,Bank Transfer,1,0,1804,4.29,0,0,0,4.76,0,1,Low-Engagement Casuals
3626,44,Female,Accessories,99,Illinois,Winter,4.4,0,Express,0,0,32,PayPal,2,0,6336,6.33,1.67,0,0,6,0,1,At-Risk High-Value
3627,69,Female,Clothing,98,Mississippi,Fall,3.5,0,Express,0,0,32,Venmo,6,0,18816,6.33,8.33,0,0,8.22,1,0,Platinum Champions
3628,39,Female,Accessories,54,Delaware,Winter,3.3,0,Next Day Air,0,0,48,Cash,5,0,12960,9.59,6.67,0,0,8.75,1,0,Platinum Champions
3629,53,Female,Clothing,88,Georgia,Summer,3.8,0,Free Shipping,0,0,35,Credit Card,4,0,12320,6.94,5,0,0,7.31,1,1,Platinum Champions
3630,52,Female,Clothing,43,Kansas,Summer,4.5,0,Standard,0,0,44,Debit Card,3,0,5676,8.78,3.33,0,0,7.37,1,1,Platinum Champions
3631,65,Female,Accessories,73,Oklahoma,Winter,4.8,0,Store Pickup,0,0,29,Cash,2,0,4234,5.71,1.67,0,0,5.79,0,1,At-Risk High-Value
3632,48,Female,Accessories,50,New Jersey,Fall,2.9,0,Store Pickup,0,0,26,Credit Card,4,0,5200,5.1,5,0,0,6.7,0,0,At-Risk High-Value
3633,27,Female,Footwear,73,Utah,Spring,3.2,0,Express,0,0,3,Debit Card,6,0,1314,0.41,8.33,0,0,6.25,0,0,Low-Engagement Casuals
3634,39,Female,Accessories,51,Montana,Spring,2.8,0,Free Shipping,0,0,1,Bank Transfer,1,0,51,0,0,0,0,3.33,0,0,Low-Engagement Casuals
3635,59,Female,Clothing,22,Ohio,Winter,3.3,0,Standard,0,0,17,PayPal,7,0,2618,3.27,10,0,0,7.76,1,0,Emerging Devotees
3636,52,Female,Footwear,32,Colorado,Fall,3.3,0,Free Shipping,0,0,17,Credit Card,3,0,1632,3.27,3.33,0,0,5.53,0,0,Low-Engagement Casuals
3637,50,Female,Footwear,38,California,Summer,4.2,0,2-Day Shipping,0,0,36,Cash,2,0,2736,7.14,1.67,0,0,6.27,0,1,Low-Engagement Casuals
3638,32,Female,Footwear,66,Utah,Winter,3.6,0,Express,0,0,32,Credit Card,3,0,6336,6.33,3.33,0,0,6.55,0,0,At-Risk High-Value
3639,40,Female,Accessories,20,Kansas,Spring,4.6,0,Express,0,0,50,PayPal,1,0,1000,10,0,0,0,6.67,0,1,Low-Engagement Casuals
3640,26,Female,Outerwear,44,Illinois,Summer,3.6,0,2-Day Shipping,0,0,39,Venmo,7,0,12012,7.76,10,0,0,9.25,1,0,Platinum Champions
3641,47,Female,Accessories,31,Minnesota,Spring,4,0,Next Day Air,0,0,17,PayPal,4,0,2108,3.27,5,0,0,6.09,0,1,Low-Engagement Casuals
3642,51,Female,Outerwear,45,New York,Fall,2.7,0,Free Shipping,0,0,39,Bank Transfer,5,0,8775,7.76,6.67,0,0,8.14,1,0,Platinum Champions
3643,47,Female,Clothing,71,Arizona,Summer,4.4,0,Store Pickup,0,0,5,PayPal,7,0,2485,0.82,10,0,0,6.94,0,1,Low-Engagement Casuals
3644,53,Female,Accessories,96,Tennessee,Fall,3.2,0,Standard,0,0,47,Debit Card,7,0,31584,9.39,10,0,0,9.8,1,0,Platinum Champions
3645,35,Female,Clothing,32,Arkansas,Winter,2.6,0,Next Day Air,0,0,18,Venmo,2,0,1152,3.47,1.67,0,0,5.05,0,0,Low-Engagement Casuals
3646,38,Female,Accessories,90,Colorado,Summer,3.4,0,Free Shipping,0,0,31,Credit Card,5,0,13950,6.12,6.67,0,0,7.6,1,0,Platinum Champions
3647,69,Female,Accessories,68,Nevada,Spring,5,0,2-Day Shipping,0,0,39,Debit Card,3,0,7956,7.76,3.33,0,0,7.03,1,1,Platinum Champions
3648,47,Female,Clothing,45,Kansas,Winter,2.9,0,Store Pickup,0,0,12,Bank Transfer,2,0,1080,2.24,1.67,0,0,4.64,0,0,Low-Engagement Casuals
3649,31,Female,Clothing,67,New York,Winter,5,0,Free Shipping,0,0,45,Cash,1,0,3015,8.98,0,0,0,6.33,0,1,Low-Engagement Casuals
3650,68,Female,Clothing,57,Minnesota,Fall,4.4,0,Standard,0,0,33,Credit Card,3,0,5643,6.53,3.33,0,0,6.62,0,1,At-Risk High-Value
3651,51,Female,Clothing,60,Ohio,Summer,3.5,0,2-Day Shipping,0,0,3,PayPal,7,0,1260,0.41,10,0,0,6.8,0,0,Low-Engagement Casuals
3652,20,Female,Accessories,32,Arizona,Spring,3.8,0,Express,0,0,5,Venmo,5,0,800,0.82,6.67,0,0,5.83,0,1,Low-Engagement Casuals
3653,27,Female,Accessories,29,Kentucky,Fall,3.8,0,Store Pickup,0,0,23,Debit Card,4,0,2668,4.49,5,0,0,6.5,0,1,Low-Engagement Casuals
3654,67,Female,Outerwear,20,Minnesota,Spring,3.9,0,Next Day Air,0,0,39,Credit Card,3,0,2340,7.76,3.33,0,0,7.03,1,1,Emerging Devotees
3655,21,Female,Accessories,98,Arkansas,Winter,3.3,0,Next Day Air,0,0,10,Credit Card,7,0,6860,1.84,10,0,0,7.28,1,0,Platinum Champions
3656,20,Female,Clothing,27,Wyoming,Fall,2.9,0,Next Day Air,0,0,4,Credit Card,1,0,108,0.61,0,0,0,3.54,0,0,Low-Engagement Casuals
3657,35,Female,Outerwear,67,North Dakota,Spring,3.7,0,2-Day Shipping,0,0,18,Credit Card,4,0,4824,3.47,5,0,0,6.16,0,0,At-Risk High-Value
3658,58,Female,Footwear,82,Alabama,Winter,3.7,0,Express,0,0,1,Debit Card,5,0,410,0,6.67,0,0,5.56,0,0,Low-Engagement Casuals
3659,28,Female,Clothing,72,Mississippi,Fall,4.6,0,Standard,0,0,18,PayPal,3,0,3888,3.47,3.33,0,0,5.6,0,1,Low-Engagement Casuals
3660,27,Female,Footwear,77,Illinois,Fall,4.9,0,Store Pickup,0,0,46,Bank Transfer,7,0,24794,9.18,10,0,0,9.73,1,1,Platinum Champions
3661,19,Female,Footwear,74,Arkansas,Winter,3.1,0,2-Day Shipping,0,0,13,Bank Transfer,3,0,2886,2.45,3.33,0,0,5.26,0,0,Low-Engagement Casuals
3662,63,Female,Footwear,39,Kansas,Winter,3.5,0,Next Day Air,0,0,5,Credit Card,3,0,585,0.82,3.33,0,0,4.72,0,0,Low-Engagement Casuals
3663,69,Female,Clothing,80,Rhode Island,Spring,4.9,0,Next Day Air,0,0,11,Debit Card,2,0,1760,2.04,1.67,0,0,4.57,0,1,Low-Engagement Casuals
3664,65,Female,Accessories,59,Florida,Summer,4.4,0,Express,0,0,49,Credit Card,2,0,5782,9.8,1.67,0,0,7.16,1,1,Platinum Champions
3665,63,Female,Outerwear,68,Missouri,Fall,4.4,0,Store Pickup,0,0,1,Debit Card,3,0,204,0,3.33,0,0,4.44,0,1,Low-Engagement Casuals
3666,28,Female,Clothing,77,North Carolina,Fall,3.4,0,Next Day Air,0,0,11,Credit Card,6,0,5082,2.04,8.33,0,0,6.79,0,0,At-Risk High-Value
3667,67,Female,Accessories,50,Alabama,Winter,3,0,2-Day Shipping,0,0,47,Cash,5,0,11750,9.39,6.67,0,0,8.69,1,0,Platinum Champions
3668,51,Female,Clothing,45,Washington,Fall,2.6,0,Next Day Air,0,0,20,Venmo,4,0,3600,3.88,5,0,0,6.29,0,0,Low-Engagement Casuals
3669,59,Female,Clothing,71,Michigan,Summer,3.2,0,Store Pickup,0,0,18,Venmo,7,0,8946,3.47,10,0,0,7.82,1,0,Platinum Champions
3670,25,Female,Clothing,52,Washington,Fall,4.6,0,Store Pickup,0,0,43,PayPal,6,0,13416,8.57,8.33,0,0,8.97,1,1,Platinum Champions
3671,31,Female,Footwear,50,Vermont,Winter,3.8,0,Free Shipping,0,0,4,PayPal,5,0,1000,0.61,6.67,0,0,5.76,0,1,Low-Engagement Casuals
3672,62,Female,Accessories,66,Illinois,Summer,4.8,0,2-Day Shipping,0,0,20,Venmo,6,0,7920,3.88,8.33,0,0,7.4,1,1,Platinum Champions
3673,51,Female,Footwear,81,New York,Fall,4.5,0,Free Shipping,0,0,7,PayPal,4,0,2268,1.22,5,0,0,5.41,0,1,Low-Engagement Casuals
3674,32,Female,Clothing,28,Rhode Island,Summer,4.2,0,2-Day Shipping,0,0,31,Bank Transfer,3,0,2604,6.12,3.33,0,0,6.48,0,1,Low-Engagement Casuals
3675,35,Female,Accessories,65,Washington,Winter,2.7,0,2-Day Shipping,0,0,41,Venmo,3,0,7995,8.16,3.33,0,0,7.16,1,0,Platinum Champions
3676,70,Female,Accessories,80,Virginia,Winter,4.5,0,Express,0,0,3,Bank Transfer,4,0,960,0.41,5,0,0,5.14,0,1,Low-Engagement Casuals
3677,19,Female,Accessories,94,Wisconsin,Spring,4.9,0,Free Shipping,0,0,16,PayPal,4,0,6016,3.06,5,0,0,6.02,0,1,At-Risk High-Value
3678,32,Female,Accessories,30,Michigan,Fall,2.8,0,Standard,0,0,43,Cash,7,0,9030,8.57,10,0,0,9.52,1,0,Platinum Champions
3679,56,Female,Clothing,45,Texas,Fall,3.5,0,Standard,0,0,29,Bank Transfer,3,0,3915,5.71,3.33,0,0,6.35,0,0,Low-Engagement Casuals
3680,53,Female,Outerwear,91,Idaho,Summer,2.5,0,Store Pickup,0,0,5,Cash,1,0,455,0.82,0,0,0,3.61,0,0,Low-Engagement Casuals
3681,22,Female,Accessories,36,Iowa,Winter,2.9,0,Standard,0,0,30,Debit Card,6,0,6480,5.92,8.33,0,0,8.08,1,0,Platinum Champions
3682,26,Female,Accessories,73,Connecticut,Fall,4.2,0,Next Day Air,0,0,33,Debit Card,4,0,9636,6.53,5,0,0,7.18,1,1,Platinum Champions
3683,42,Female,Clothing,60,Wyoming,Fall,4.6,0,Store Pickup,0,0,46,Venmo,1,0,2760,9.18,0,0,0,6.39,0,1,Low-Engagement Casuals
3684,30,Female,Clothing,77,Mississippi,Winter,3,0,Free Shipping,0,0,17,Venmo,3,0,3927,3.27,3.33,0,0,5.53,0,0,Low-Engagement Casuals
3685,29,Female,Clothing,86,Pennsylvania,Spring,4.4,0,Free Shipping,0,0,47,Credit Card,1,0,4042,9.39,0,0,0,6.46,0,1,Low-Engagement Casuals
3686,47,Female,Clothing,42,Tennessee,Summer,2.6,0,Standard,0,0,17,Cash,1,0,714,3.27,0,0,0,4.42,0,0,Low-Engagement Casuals
3687,59,Female,Footwear,70,Louisiana,Spring,4.8,0,Free Shipping,0,0,17,Cash,1,0,1190,3.27,0,0,0,4.42,0,1,Low-Engagement Casuals
3688,34,Female,Clothing,44,Arkansas,Summer,2.9,0,Next Day Air,0,0,28,Bank Transfer,5,0,6160,5.51,6.67,0,0,7.39,1,0,Platinum Champions
3689,52,Female,Accessories,91,West Virginia,Spring,3,0,Next Day Air,0,0,8,Cash,4,0,2912,1.43,5,0,0,5.48,0,0,Low-Engagement Casuals
3690,47,Female,Accessories,30,South Carolina,Fall,4.5,0,Standard,0,0,8,Bank Transfer,6,0,1440,1.43,8.33,0,0,6.59,0,1,Low-Engagement Casuals
3691,24,Female,Clothing,23,Kansas,Fall,3.7,0,Store Pickup,0,0,4,Bank Transfer,1,0,92,0.61,0,0,0,3.54,0,0,Low-Engagement Casuals
3692,63,Female,Footwear,21,Michigan,Summer,4.8,0,Next Day Air,0,0,24,PayPal,2,0,1008,4.69,1.67,0,0,5.45,0,1,Low-Engagement Casuals
3693,59,Female,Outerwear,34,Alabama,Spring,4.8,0,Free Shipping,0,0,29,Cash,3,0,2958,5.71,3.33,0,0,6.35,0,1,Low-Engagement Casuals
3694,66,Female,Clothing,46,South Dakota,Summer,4.7,0,2-Day Shipping,0,0,10,Venmo,2,0,920,1.84,1.67,0,0,4.5,0,1,Low-Engagement Casuals
3695,45,Female,Clothing,41,Rhode Island,Winter,2.6,0,Express,0,0,11,PayPal,1,0,451,2.04,0,0,0,4.01,0,0,Low-Engagement Casuals
3696,38,Female,Clothing,33,Florida,Fall,4.6,0,Standard,0,0,18,Bank Transfer,3,0,1782,3.47,3.33,0,0,5.6,0,1,Low-Engagement Casuals
3697,63,Female,Clothing,48,Connecticut,Fall,3.4,0,Next Day Air,0,0,26,Bank Transfer,7,0,8736,5.1,10,0,0,8.37,1,0,Platinum Champions
3698,55,Female,Clothing,66,Pennsylvania,Winter,3,0,Standard,0,0,39,Cash,2,0,5148,7.76,1.67,0,0,6.48,0,0,At-Risk High-Value
3699,25,Female,Clothing,54,California,Spring,4,0,2-Day Shipping,0,0,4,Venmo,7,0,1512,0.61,10,0,0,6.87,0,1,Low-Engagement Casuals
3700,51,Female,Accessories,55,Oklahoma,Fall,2.6,0,Store Pickup,0,0,24,Bank Transfer,2,0,2640,4.69,1.67,0,0,5.45,0,0,Low-Engagement Casuals
3701,28,Female,Accessories,84,North Dakota,Summer,3.4,0,Store Pickup,0,0,2,Bank Transfer,5,0,840,0.2,6.67,0,0,5.62,0,0,Low-Engagement Casuals
3702,46,Female,Footwear,66,New Mexico,Spring,4.5,0,Store Pickup,0,0,36,Cash,7,0,16632,7.14,10,0,0,9.05,1,1,Platinum Champions
3703,58,Female,Footwear,65,South Carolina,Spring,2.7,0,Store Pickup,0,0,36,Venmo,2,0,4680,7.14,1.67,0,0,6.27,0,0,At-Risk High-Value
3704,30,Female,Footwear,83,Michigan,Fall,2.9,0,Standard,0,0,23,PayPal,5,0,9545,4.49,6.67,0,0,7.05,1,0,Platinum Champions
3705,68,Female,Accessories,61,Missouri,Winter,4,0,Store Pickup,0,0,36,Credit Card,6,0,13176,7.14,8.33,0,0,8.49,1,1,Platinum Champions
3706,28,Female,Clothing,65,Colorado,Summer,3.2,0,Free Shipping,0,0,2,Debit Card,7,0,910,0.2,10,0,0,6.73,0,0,Low-Engagement Casuals
3707,26,Female,Footwear,55,Kansas,Spring,4,0,Store Pickup,0,0,17,Cash,1,0,935,3.27,0,0,0,4.42,0,1,Low-Engagement Casuals
3708,35,Female,Accessories,79,Illinois,Fall,3.4,0,2-Day Shipping,0,0,19,Venmo,2,0,3002,3.67,1.67,0,0,5.11,0,0,Low-Engagement Casuals
3709,40,Female,Clothing,96,South Carolina,Fall,4.9,0,Express,0,0,41,PayPal,4,0,15744,8.16,5,0,0,7.72,1,1,Platinum Champions
3710,31,Female,Clothing,43,Utah,Fall,3.6,0,Free Shipping,0,0,27,PayPal,6,0,6966,5.31,8.33,0,0,7.88,1,0,Platinum Champions
3711,60,Female,Accessories,40,Hawaii,Summer,3.6,0,2-Day Shipping,0,0,32,Bank Transfer,3,0,3840,6.33,3.33,0,0,6.55,0,0,Low-Engagement Casuals
3712,69,Female,Accessories,62,Texas,Fall,3.2,0,Free Shipping,0,0,33,Cash,7,0,14322,6.53,10,0,0,8.84,1,0,Platinum Champions
3713,51,Female,Clothing,72,Oregon,Spring,3.7,0,2-Day Shipping,0,0,24,PayPal,6,0,10368,4.69,8.33,0,0,7.67,1,0,Platinum Champions
3714,49,Female,Footwear,87,Arizona,Spring,2.6,0,Express,0,0,31,Debit Card,5,0,13485,6.12,6.67,0,0,7.6,1,0,Platinum Champions
3715,18,Female,Accessories,31,New York,Winter,3.9,0,Express,0,0,35,Credit Card,2,0,2170,6.94,1.67,0,0,6.2,0,1,Low-Engagement Casuals
3716,63,Female,Accessories,34,Nebraska,Fall,3.4,0,Free Shipping,0,0,2,Bank Transfer,4,0,272,0.2,5,0,0,5.07,0,0,Low-Engagement Casuals
3717,57,Female,Clothing,53,Vermont,Fall,3.4,0,Next Day Air,0,0,42,Debit Card,5,0,11130,8.37,6.67,0,0,8.35,1,0,Platinum Champions
3718,45,Female,Clothing,85,Maryland,Summer,4.2,0,Express,0,0,47,Bank Transfer,5,0,19975,9.39,6.67,0,0,8.69,1,1,Platinum Champions
3719,36,Female,Clothing,50,Tennessee,Fall,2.9,0,Standard,0,0,44,Bank Transfer,1,0,2200,8.78,0,0,0,6.26,0,0,Low-Engagement Casuals
3720,20,Female,Clothing,91,Pennsylvania,Summer,4.1,0,Free Shipping,0,0,8,Bank Transfer,5,0,3640,1.43,6.67,0,0,6.03,0,1,Low-Engagement Casuals
3721,21,Female,Accessories,56,South Carolina,Fall,3.6,0,Free Shipping,0,0,13,Credit Card,6,0,4368,2.45,8.33,0,0,6.93,0,0,At-Risk High-Value
3722,62,Female,Outerwear,60,Connecticut,Fall,4,0,Next Day Air,0,0,10,Cash,7,0,4200,1.84,10,0,0,7.28,1,1,Emerging Devotees
3723,23,Female,Outerwear,34,Kentucky,Fall,4,0,Standard,0,0,1,Credit Card,3,0,102,0,3.33,0,0,4.44,0,1,Low-Engagement Casuals
3724,26,Female,Footwear,30,Rhode Island,Spring,3.6,0,Free Shipping,0,0,1,Debit Card,4,0,120,0,5,0,0,5,0,0,Low-Engagement Casuals
3725,30,Female,Accessories,71,Colorado,Winter,3.1,0,Express,0,0,18,Bank Transfer,7,0,8946,3.47,10,0,0,7.82,1,0,Platinum Champions
3726,18,Female,Clothing,100,Oklahoma,Winter,4.4,0,Next Day Air,0,0,2,PayPal,7,0,1400,0.2,10,0,0,6.73,0,1,Low-Engagement Casuals
3727,47,Female,Accessories,85,Idaho,Fall,4.3,0,Next Day Air,0,0,36,Debit Card,5,0,15300,7.14,6.67,0,0,7.94,1,1,Platinum Champions
3728,41,Female,Clothing,83,Maine,Summer,3.5,0,Next Day Air,0,0,17,Debit Card,1,0,1411,3.27,0,0,0,4.42,0,0,Low-Engagement Casuals
3729,62,Female,Outerwear,31,Vermont,Winter,3,0,Standard,0,0,1,Debit Card,7,0,217,0,10,0,0,6.67,0,0,Low-Engagement Casuals
3730,28,Female,Footwear,82,Rhode Island,Spring,4.7,0,2-Day Shipping,0,0,50,Cash,6,0,24600,10,8.33,0,0,9.44,1,1,Platinum Champions
3731,46,Female,Clothing,79,Florida,Summer,2.5,0,2-Day Shipping,0,0,3,Credit Card,1,0,237,0.41,0,0,0,3.47,0,0,Low-Engagement Casuals
3732,54,Female,Accessories,62,West Virginia,Spring,3.1,0,2-Day Shipping,0,0,45,PayPal,6,0,16740,8.98,8.33,0,0,9.1,1,0,Platinum Champions
3733,36,Female,Footwear,92,Indiana,Spring,3.3,0,Free Shipping,0,0,28,PayPal,7,0,18032,5.51,10,0,0,8.5,1,0,Platinum Champions
3734,25,Female,Clothing,58,Illinois,Fall,4.7,0,Next Day Air,0,0,6,Debit Card,5,0,1740,1.02,6.67,0,0,5.9,0,1,Low-Engagement Casuals
3735,38,Female,Clothing,88,California,Spring,3.4,0,Next Day Air,0,0,33,Debit Card,5,0,14520,6.53,6.67,0,0,7.73,1,0,Platinum Champions
3736,38,Female,Footwear,44,Massachusetts,Spring,3.1,0,2-Day Shipping,0,0,29,PayPal,7,0,8932,5.71,10,0,0,8.57,1,0,Platinum Champions
3737,42,Female,Clothing,56,Idaho,Spring,4.6,0,Store Pickup,0,0,2,PayPal,5,0,560,0.2,6.67,0,0,5.62,0,1,Low-Engagement Casuals
3738,19,Female,Accessories,23,Kentucky,Winter,4.9,0,Free Shipping,0,0,43,PayPal,1,0,989,8.57,0,0,0,6.19,0,1,Low-Engagement Casuals
3739,34,Female,Clothing,45,Delaware,Spring,2.7,0,Free Shipping,0,0,48,Cash,3,0,6480,9.59,3.33,0,0,7.64,1,0,Platinum Champions
3740,38,Female,Accessories,31,Idaho,Fall,4.2,0,Free Shipping,0,0,43,Credit Card,2,0,2666,8.57,1.67,0,0,6.75,0,1,Low-Engagement Casuals
3741,42,Female,Clothing,96,Virginia,Summer,2.6,0,Store Pickup,0,0,26,Debit Card,1,0,2496,5.1,0,0,0,5.03,0,0,Low-Engagement Casuals
3742,58,Female,Clothing,96,Arizona,Spring,3.2,0,2-Day Shipping,0,0,26,Debit Card,1,0,2496,5.1,0,0,0,5.03,0,0,Low-Engagement Casuals
3743,56,Female,Clothing,80,Maryland,Fall,4.4,0,Standard,0,0,50,Credit Card,1,0,4000,10,0,0,0,6.67,0,1,Low-Engagement Casuals
3744,62,Female,Clothing,28,Idaho,Fall,3.6,0,Free Shipping,0,0,36,Debit Card,6,0,6048,7.14,8.33,0,0,8.49,1,0,Platinum Champions
3745,24,Female,Clothing,51,New Jersey,Summer,2.7,0,Next Day Air,0,0,26,Bank Transfer,3,0,3978,5.1,3.33,0,0,6.14,0,0,Low-Engagement Casuals
3746,60,Female,Clothing,41,Washington,Spring,4.3,0,Express,0,0,2,Debit Card,4,0,328,0.2,5,0,0,5.07,0,1,Low-Engagement Casuals
3747,53,Female,Outerwear,99,Idaho,Summer,2.6,0,Next Day Air,0,0,49,PayPal,4,0,19404,9.8,5,0,0,8.27,1,0,Platinum Champions
3748,26,Female,Clothing,53,Rhode Island,Spring,4.3,0,Store Pickup,0,0,32,Bank Transfer,1,0,1696,6.33,0,0,0,5.44,0,1,Low-Engagement Casuals
3749,34,Female,Accessories,25,Delaware,Fall,3.9,0,2-Day Shipping,0,0,3,Venmo,7,0,525,0.41,10,0,0,6.8,0,1,Low-Engagement Casuals
3750,24,Female,Clothing,95,Alaska,Winter,2.9,0,2-Day Shipping,0,0,38,Venmo,5,0,18050,7.55,6.67,0,0,8.07,1,0,Platinum Champions
3751,42,Female,Clothing,88,Arizona,Fall,3.1,0,Free Shipping,0,0,5,PayPal,4,0,1760,0.82,5,0,0,5.27,0,0,Low-Engagement Casuals
3752,36,Female,Accessories,97,Alabama,Fall,4.2,0,Free Shipping,0,0,8,Credit Card,5,0,3880,1.43,6.67,0,0,6.03,0,1,Low-Engagement Casuals
3753,24,Female,Outerwear,81,Washington,Winter,4.1,0,2-Day Shipping,0,0,43,Venmo,2,0,6966,8.57,1.67,0,0,6.75,0,1,At-Risk High-Value
3754,39,Female,Accessories,26,Louisiana,Winter,4.2,0,Next Day Air,0,0,22,Bank Transfer,3,0,1716,4.29,3.33,0,0,5.87,0,1,Low-Engagement Casuals
3755,46,Female,Footwear,41,Nebraska,Summer,4.4,0,Express,0,0,10,Cash,5,0,2050,1.84,6.67,0,0,6.17,0,1,Low-Engagement Casuals
3756,64,Female,Clothing,93,Pennsylvania,Fall,3.4,0,Free Shipping,0,0,26,Credit Card,4,0,9672,5.1,5,0,0,6.7,0,0,At-Risk High-Value
3757,64,Female,Clothing,69,South Carolina,Spring,4.8,0,Express,0,0,42,Debit Card,1,0,2898,8.37,0,0,0,6.12,0,1,Low-Engagement Casuals
3758,61,Female,Clothing,44,California,Fall,4.5,0,2-Day Shipping,0,0,33,Cash,2,0,2904,6.53,1.67,0,0,6.07,0,1,Low-Engagement Casuals
3759,61,Female,Footwear,54,Indiana,Spring,2.7,0,Store Pickup,0,0,23,Bank Transfer,6,0,7452,4.49,8.33,0,0,7.61,1,0,Platinum Champions
3760,44,Female,Footwear,61,Missouri,Spring,3.5,0,Store Pickup,0,0,30,Venmo,6,0,10980,5.92,8.33,0,0,8.08,1,0,Platinum Champions
3761,65,Female,Clothing,80,Connecticut,Fall,3.1,0,Next Day Air,0,0,36,PayPal,2,0,5760,7.14,1.67,0,0,6.27,0,0,At-Risk High-Value
3762,60,Female,Accessories,30,Nevada,Summer,2.8,0,Next Day Air,0,0,3,Venmo,5,0,450,0.41,6.67,0,0,5.69,0,0,Low-Engagement Casuals
3763,65,Female,Clothing,94,New York,Fall,2.9,0,Store Pickup,0,0,13,PayPal,7,0,8554,2.45,10,0,0,7.48,1,0,Platinum Champions
3764,27,Female,Clothing,24,Oklahoma,Winter,4.5,0,Standard,0,0,38,Cash,5,0,4560,7.55,6.67,0,0,8.07,1,1,Platinum Champions
3765,36,Female,Clothing,21,South Dakota,Fall,3.5,0,Next Day Air,0,0,19,Venmo,4,0,1596,3.67,5,0,0,6.22,0,0,Low-Engagement Casuals
3766,22,Female,Accessories,52,Missouri,Summer,4.3,0,Standard,0,0,14,Bank Transfer,1,0,728,2.65,0,0,0,4.22,0,1,Low-Engagement Casuals
3767,62,Female,Accessories,59,Texas,Fall,4.9,0,Next Day Air,0,0,43,Debit Card,7,0,17759,8.57,10,0,0,9.52,1,1,Platinum Champions
3768,59,Female,Clothing,51,New York,Summer,3.1,0,Free Shipping,0,0,10,Bank Transfer,3,0,1530,1.84,3.33,0,0,5.06,0,0,Low-Engagement Casuals
3769,50,Female,Clothing,35,Vermont,Winter,4,0,Free Shipping,0,0,34,Bank Transfer,6,0,7140,6.73,8.33,0,0,8.35,1,1,Platinum Champions
3770,51,Female,Accessories,87,Arizona,Summer,3.6,0,Standard,0,0,31,Venmo,7,0,18879,6.12,10,0,0,8.71,1,0,Platinum Champions
3771,23,Female,Clothing,42,Montana,Summer,4,0,Store Pickup,0,0,34,Bank Transfer,2,0,2856,6.73,1.67,0,0,6.13,0,1,Low-Engagement Casuals
3772,21,Female,Clothing,86,Oklahoma,Winter,2.6,0,Express,0,0,28,Venmo,1,0,2408,5.51,0,0,0,5.17,0,0,Low-Engagement Casuals
3773,44,Female,Clothing,26,New Hampshire,Fall,3.1,0,Next Day Air,0,0,35,Cash,7,0,6370,6.94,10,0,0,8.98,1,0,Platinum Champions
3774,25,Female,Clothing,60,Wisconsin,Summer,3.5,0,Store Pickup,0,0,41,Cash,6,0,14760,8.16,8.33,0,0,8.83,1,0,Platinum Champions
3775,57,Female,Accessories,83,Alaska,Winter,3.9,0,Standard,0,0,48,PayPal,3,0,11952,9.59,3.33,0,0,7.64,1,1,Platinum Champions
3776,41,Female,Accessories,63,South Dakota,Spring,2.7,0,2-Day Shipping,0,0,45,Cash,6,0,17010,8.98,8.33,0,0,9.1,1,0,Platinum Champions
3777,19,Female,Footwear,25,Alaska,Spring,4.1,0,Standard,0,0,10,Credit Card,3,0,750,1.84,3.33,0,0,5.06,0,1,Low-Engagement Casuals
3778,43,Female,Clothing,65,Utah,Fall,4.3,0,Express,0,0,9,Cash,2,0,1170,1.63,1.67,0,0,4.43,0,1,Low-Engagement Casuals
3779,25,Female,Footwear,60,South Dakota,Fall,2.9,0,Free Shipping,0,0,30,Debit Card,7,0,12600,5.92,10,0,0,8.64,1,0,Platinum Champions
3780,60,Female,Clothing,75,California,Spring,4,0,Express,0,0,45,PayPal,7,0,23625,8.98,10,0,0,9.66,1,1,Platinum Champions
3781,54,Female,Footwear,57,Mississippi,Fall,4.1,0,Free Shipping,0,0,41,Venmo,6,0,14022,8.16,8.33,0,0,8.83,1,1,Platinum Champions
3782,52,Female,Footwear,99,Tennessee,Winter,3.7,0,Standard,0,0,40,PayPal,3,0,11880,7.96,3.33,0,0,7.1,1,0,Platinum Champions
3783,40,Female,Outerwear,45,Alabama,Spring,2.8,0,Free Shipping,0,0,42,PayPal,3,0,5670,8.37,3.33,0,0,7.23,1,0,Platinum Champions
3784,39,Female,Accessories,66,Maine,Summer,3.2,0,Free Shipping,0,0,17,Debit Card,3,0,3366,3.27,3.33,0,0,5.53,0,0,Low-Engagement Casuals
3785,54,Female,Clothing,53,Virginia,Winter,4.5,0,Next Day Air,0,0,4,Venmo,7,0,1484,0.61,10,0,0,6.87,0,1,Low-Engagement Casuals
3786,64,Female,Clothing,94,New Hampshire,Winter,3.8,0,Standard,0,0,6,Cash,4,0,2256,1.02,5,0,0,5.34,0,1,Low-Engagement Casuals
3787,31,Female,Footwear,47,Tennessee,Fall,3.6,0,2-Day Shipping,0,0,22,Venmo,2,0,2068,4.29,1.67,0,0,5.32,0,0,Low-Engagement Casuals
3788,37,Female,Clothing,80,New York,Fall,3.6,0,2-Day Shipping,0,0,46,PayPal,5,0,18400,9.18,6.67,0,0,8.62,1,0,Platinum Champions
3789,43,Female,Accessories,65,Kansas,Spring,3.2,0,Next Day Air,0,0,27,Debit Card,4,0,7020,5.31,5,0,0,6.77,0,0,At-Risk High-Value
3790,56,Female,Clothing,75,North Dakota,Summer,3.8,0,Express,0,0,18,Bank Transfer,5,0,6750,3.47,6.67,0,0,6.71,0,1,At-Risk High-Value
3791,27,Female,Accessories,45,Alaska,Summer,4.4,0,Standard,0,0,31,Credit Card,2,0,2790,6.12,1.67,0,0,5.93,0,1,Low-Engagement Casuals
3792,40,Female,Accessories,51,Texas,Spring,3.7,0,Store Pickup,0,0,1,Venmo,2,0,102,0,1.67,0,0,3.89,0,0,Low-Engagement Casuals
3793,43,Female,Accessories,58,Massachusetts,Summer,2.6,0,Express,0,0,2,PayPal,3,0,348,0.2,3.33,0,0,4.51,0,0,Low-Engagement Casuals
3794,62,Female,Accessories,20,Delaware,Fall,4,0,Standard,0,0,46,Bank Transfer,7,0,6440,9.18,10,0,0,9.73,1,1,Platinum Champions
3795,44,Female,Accessories,82,South Dakota,Summer,3.6,0,2-Day Shipping,0,0,27,Venmo,2,0,4428,5.31,1.67,0,0,5.66,0,0,At-Risk High-Value
3796,45,Female,Accessories,92,Arkansas,Spring,2.5,0,Express,0,0,3,Cash,2,0,552,0.41,1.67,0,0,4.03,0,0,Low-Engagement Casuals
3797,40,Female,Clothing,81,Utah,Fall,3.2,0,Free Shipping,0,0,47,Bank Transfer,6,0,22842,9.39,8.33,0,0,9.24,1,0,Platinum Champions
3798,68,Female,Accessories,44,California,Summer,2.5,0,Next Day Air,0,0,20,Cash,6,0,5280,3.88,8.33,0,0,7.4,1,0,Platinum Champions
3799,63,Female,Accessories,72,Rhode Island,Winter,3.2,0,Next Day Air,0,0,23,Credit Card,7,0,11592,4.49,10,0,0,8.16,1,0,Platinum Champions
3800,60,Female,Outerwear,26,Oklahoma,Winter,2.6,0,Store Pickup,0,0,13,Credit Card,4,0,1352,2.45,5,0,0,5.82,0,0,Low-Engagement Casuals
3801,19,Female,Clothing,26,Vermont,Fall,4.8,0,Next Day Air,0,0,12,Venmo,1,0,312,2.24,0,0,0,4.08,0,1,Low-Engagement Casuals
3802,26,Female,Clothing,84,Kentucky,Spring,5,0,Store Pickup,0,0,36,PayPal,3,0,9072,7.14,3.33,0,0,6.82,0,1,At-Risk High-Value
3803,70,Female,Accessories,72,Illinois,Spring,3.2,0,2-Day Shipping,0,0,1,Bank Transfer,4,0,288,0,5,0,0,5,0,0,Low-Engagement Casuals
3804,48,Female,Accessories,55,Connecticut,Spring,3.6,0,Standard,0,0,14,Debit Card,2,0,1540,2.65,1.67,0,0,4.77,0,0,Low-Engagement Casuals
3805,37,Female,Accessories,77,Florida,Fall,2.7,0,2-Day Shipping,0,0,45,Cash,7,0,24255,8.98,10,0,0,9.66,1,0,Platinum Champions
3806,48,Female,Accessories,57,New Jersey,Fall,3.1,0,Standard,0,0,31,Credit Card,6,0,10602,6.12,8.33,0,0,8.15,1,0,Platinum Champions
3807,18,Female,Footwear,71,Missouri,Spring,3,0,Standard,0,0,41,PayPal,2,0,5822,8.16,1.67,0,0,6.61,0,0,At-Risk High-Value
3808,38,Female,Clothing,39,Michigan,Spring,2.9,0,Next Day Air,0,0,36,PayPal,7,0,9828,7.14,10,0,0,9.05,1,0,Platinum Champions
3809,33,Female,Clothing,28,Washington,Winter,4.7,0,Express,0,0,6,Debit Card,1,0,168,1.02,0,0,0,3.67,0,1,Low-Engagement Casuals
3810,57,Female,Footwear,33,New York,Winter,3.7,0,Standard,0,0,28,Credit Card,7,0,6468,5.51,10,0,0,8.5,1,0,Platinum Champions
3811,46,Female,Clothing,79,Wisconsin,Fall,3.9,0,Free Shipping,0,0,29,Venmo,4,0,9164,5.71,5,0,0,6.9,0,1,At-Risk High-Value
3812,46,Female,Accessories,30,Idaho,Winter,4,0,Standard,0,0,14,Cash,4,0,1680,2.65,5,0,0,5.88,0,1,Low-Engagement Casuals
3813,50,Female,Clothing,75,Michigan,Spring,2.8,0,Next Day Air,0,0,7,Bank Transfer,5,0,2625,1.22,6.67,0,0,5.96,0,0,Low-Engagement Casuals
3814,61,Female,Clothing,89,Georgia,Summer,4.1,0,Express,0,0,31,Venmo,1,0,2759,6.12,0,0,0,5.37,0,1,Low-Engagement Casuals
3815,45,Female,Clothing,95,Michigan,Winter,4.2,0,Free Shipping,0,0,26,Bank Transfer,5,0,12350,5.1,6.67,0,0,7.26,1,1,Platinum Champions
3816,32,Female,Accessories,44,Maine,Fall,4.3,0,Express,0,0,12,Venmo,3,0,1584,2.24,3.33,0,0,5.19,0,1,Low-Engagement Casuals
3817,29,Female,Outerwear,86,Maryland,Summer,4.3,0,Store Pickup,0,0,45,Credit Card,3,0,11610,8.98,3.33,0,0,7.44,1,1,Platinum Champions
3818,66,Female,Accessories,91,Missouri,Fall,2.6,0,Express,0,0,40,PayPal,7,0,25480,7.96,10,0,0,9.32,1,0,Platinum Champions
3819,70,Female,Footwear,41,Oregon,Winter,3.8,0,Free Shipping,0,0,42,Cash,4,0,6888,8.37,5,0,0,7.79,1,1,Platinum Champions
3820,36,Female,Clothing,99,Arkansas,Spring,2.9,0,Express,0,0,45,Cash,6,0,26730,8.98,8.33,0,0,9.1,1,0,Platinum Champions
3821,34,Female,Accessories,65,New Hampshire,Winter,5,0,Standard,0,0,34,Debit Card,6,0,13260,6.73,8.33,0,0,8.35,1,1,Platinum Champions
3822,20,Female,Footwear,48,Oregon,Summer,4.6,0,Free Shipping,0,0,34,Credit Card,5,0,8160,6.73,6.67,0,0,7.8,1,1,Platinum Champions
3823,70,Female,Accessories,41,Kansas,Spring,3.2,0,Free Shipping,0,0,17,PayPal,5,0,3485,3.27,6.67,0,0,6.65,0,0,Low-Engagement Casuals
3824,50,Female,Clothing,42,California,Summer,3,0,Standard,0,0,27,Bank Transfer,2,0,2268,5.31,1.67,0,0,5.66,0,0,Low-Engagement Casuals
3825,54,Female,Clothing,26,Georgia,Summer,4,0,Free Shipping,0,0,31,Credit Card,6,0,4836,6.12,8.33,0,0,8.15,1,1,Platinum Champions
3826,49,Female,Clothing,35,Hawaii,Fall,4.1,0,Express,0,0,47,Debit Card,3,0,4935,9.39,3.33,0,0,7.57,1,1,Platinum Champions
3827,50,Female,Outerwear,31,Montana,Summer,4,0,Express,0,0,25,Bank Transfer,7,0,5425,4.9,10,0,0,8.3,1,1,Platinum Champions
3828,62,Female,Accessories,73,Montana,Summer,4.1,0,Standard,0,0,47,Cash,3,0,10293,9.39,3.33,0,0,7.57,1,1,Platinum Champions
3829,42,Female,Clothing,82,Mississippi,Spring,3.4,0,Free Shipping,0,0,8,Cash,2,0,1312,1.43,1.67,0,0,4.37,0,0,Low-Engagement Casuals
3830,69,Female,Clothing,32,Washington,Spring,2.9,0,Free Shipping,0,0,32,Debit Card,3,0,3072,6.33,3.33,0,0,6.55,0,0,Low-Engagement Casuals
3831,22,Female,Accessories,27,Pennsylvania,Summer,3,0,2-Day Shipping,0,0,33,Bank Transfer,5,0,4455,6.53,6.67,0,0,7.73,1,0,Platinum Champions
3832,36,Female,Accessories,86,Nevada,Spring,4,0,Next Day Air,0,0,16,Debit Card,5,0,6880,3.06,6.67,0,0,6.58,0,1,At-Risk High-Value
3833,64,Female,Footwear,38,Kansas,Winter,4.8,0,2-Day Shipping,0,0,27,Cash,2,0,2052,5.31,1.67,0,0,5.66,0,1,Low-Engagement Casuals
3834,44,Female,Outerwear,93,Arizona,Summer,4.6,0,Free Shipping,0,0,17,PayPal,5,0,7905,3.27,6.67,0,0,6.65,0,1,At-Risk High-Value
3835,43,Female,Clothing,59,Tennessee,Winter,4.1,0,2-Day Shipping,0,0,17,Cash,6,0,6018,3.27,8.33,0,0,7.2,1,1,Platinum Champions
3836,58,Female,Footwear,58,Pennsylvania,Winter,2.6,0,Express,0,0,28,PayPal,1,0,1624,5.51,0,0,0,5.17,0,0,Low-Engagement Casuals
3837,62,Female,Clothing,84,Alaska,Spring,2.5,0,Free Shipping,0,0,38,PayPal,3,0,9576,7.55,3.33,0,0,6.96,0,0,At-Risk High-Value
3838,45,Female,Clothing,100,New Mexico,Spring,4.8,0,Free Shipping,0,0,33,Bank Transfer,3,0,9900,6.53,3.33,0,0,6.62,0,1,At-Risk High-Value
3839,47,Female,Clothing,25,Rhode Island,Summer,4.2,0,Express,0,0,24,Venmo,5,0,3000,4.69,6.67,0,0,7.12,1,1,Emerging Devotees
3840,66,Female,Footwear,29,Connecticut,Spring,3.9,0,Free Shipping,0,0,14,Venmo,6,0,2436,2.65,8.33,0,0,6.99,0,1,Low-Engagement Casuals
3841,30,Female,Clothing,42,Idaho,Spring,3.7,0,Express,0,0,5,Venmo,3,0,630,0.82,3.33,0,0,4.72,0,0,Low-Engagement Casuals
3842,68,Female,Clothing,57,Mississippi,Fall,4.2,0,2-Day Shipping,0,0,8,Bank Transfer,4,0,1824,1.43,5,0,0,5.48,0,1,Low-Engagement Casuals
3843,35,Female,Outerwear,84,Colorado,Winter,4.2,0,Next Day Air,0,0,42,Debit Card,4,0,14112,8.37,5,0,0,7.79,1,1,Platinum Champions
3844,64,Female,Accessories,71,Georgia,Winter,4,0,Free Shipping,0,0,48,Venmo,5,0,17040,9.59,6.67,0,0,8.75,1,1,Platinum Champions
3845,30,Female,Clothing,87,Montana,Fall,5,0,Next Day Air,0,0,40,Venmo,6,0,20880,7.96,8.33,0,0,8.76,1,1,Platinum Champions
3846,58,Female,Clothing,52,California,Winter,4.9,0,Standard,0,0,46,Venmo,7,0,16744,9.18,10,0,0,9.73,1,1,Platinum Champions
3847,57,Female,Clothing,58,Pennsylvania,Summer,4,0,Express,0,0,40,PayPal,5,0,11600,7.96,6.67,0,0,8.21,1,1,Platinum Champions
3848,60,Female,Clothing,34,Delaware,Fall,3.2,0,2-Day Shipping,0,0,31,PayPal,3,0,3162,6.12,3.33,0,0,6.48,0,0,Low-Engagement Casuals
3849,22,Female,Accessories,60,New Hampshire,Winter,3,0,Next Day Air,0,0,39,Cash,5,0,11700,7.76,6.67,0,0,8.14,1,0,Platinum Champions
3850,46,Female,Clothing,68,Florida,Winter,2.6,0,Express,0,0,36,PayPal,3,0,7344,7.14,3.33,0,0,6.82,0,0,At-Risk High-Value
3851,27,Female,Accessories,74,Mississippi,Summer,4.4,0,2-Day Shipping,0,0,25,Debit Card,5,0,9250,4.9,6.67,0,0,7.19,1,1,Platinum Champions
3852,50,Female,Accessories,83,Montana,Summer,3.9,0,Free Shipping,0,0,24,Debit Card,7,0,13944,4.69,10,0,0,8.23,1,1,Platinum Champions
3853,65,Female,Accessories,79,Mississippi,Fall,4,0,2-Day Shipping,0,0,19,PayPal,2,0,3002,3.67,1.67,0,0,5.11,0,1,Low-Engagement Casuals
3854,61,Female,Accessories,76,Tennessee,Fall,4,0,Store Pickup,0,0,49,Debit Card,1,0,3724,9.8,0,0,0,6.6,0,1,Low-Engagement Casuals
3855,57,Female,Clothing,20,Florida,Spring,4.2,0,Free Shipping,0,0,4,Venmo,7,0,560,0.61,10,0,0,6.87,0,1,Low-Engagement Casuals
3856,40,Female,Clothing,61,Illinois,Summer,4.4,0,Next Day Air,0,0,36,Cash,6,0,13176,7.14,8.33,0,0,8.49,1,1,Platinum Champions
3857,39,Female,Footwear,78,Virginia,Summer,2.5,0,Free Shipping,0,0,8,Debit Card,6,0,3744,1.43,8.33,0,0,6.59,0,0,Low-Engagement Casuals
3858,42,Female,Accessories,21,Texas,Summer,3.1,0,Store Pickup,0,0,29,Credit Card,5,0,3045,5.71,6.67,0,0,7.46,1,0,Emerging Devotees
3859,30,Female,Clothing,77,Missouri,Winter,3.5,0,Store Pickup,0,0,26,Credit Card,6,0,12012,5.1,8.33,0,0,7.81,1,0,Platinum Champions
3860,65,Female,Clothing,88,Mississippi,Fall,3,0,2-Day Shipping,0,0,47,Bank Transfer,1,0,4136,9.39,0,0,0,6.46,0,0,Low-Engagement Casuals
3861,57,Female,Accessories,64,Pennsylvania,Summer,4.4,0,Next Day Air,0,0,44,Cash,7,0,19712,8.78,10,0,0,9.59,1,1,Platinum Champions
3862,64,Female,Outerwear,57,Wyoming,Spring,4.9,0,Standard,0,0,49,Credit Card,4,0,11172,9.8,5,0,0,8.27,1,1,Platinum Champions
3863,56,Female,Clothing,49,Idaho,Winter,2.8,0,Next Day Air,0,0,9,Venmo,4,0,1764,1.63,5,0,0,5.54,0,0,Low-Engagement Casuals
3864,40,Female,Accessories,35,New Hampshire,Summer,3.3,0,Free Shipping,0,0,28,Cash,3,0,2940,5.51,3.33,0,0,6.28,0,0,Low-Engagement Casuals
3865,55,Female,Clothing,99,Wyoming,Winter,4.9,0,Express,0,0,1,Debit Card,3,0,297,0,3.33,0,0,4.44,0,1,Low-Engagement Casuals
3866,25,Female,Clothing,42,Nebraska,Spring,4.2,0,Store Pickup,0,0,28,Cash,5,0,5880,5.51,6.67,0,0,7.39,1,1,Platinum Champions
3867,58,Female,Accessories,32,Alaska,Winter,3.3,0,2-Day Shipping,0,0,33,Credit Card,3,0,3168,6.53,3.33,0,0,6.62,0,0,Low-Engagement Casuals
3868,46,Female,Outerwear,21,Maryland,Summer,2.7,0,Standard,0,0,28,Credit Card,4,0,2352,5.51,5,0,0,6.84,0,0,Low-Engagement Casuals
3869,18,Female,Clothing,29,Maryland,Winter,3.3,0,2-Day Shipping,0,0,9,Cash,7,0,1827,1.63,10,0,0,7.21,1,0,Emerging Devotees
3870,26,Female,Outerwear,64,Arizona,Spring,3.8,0,Free Shipping,0,0,28,Bank Transfer,7,0,12544,5.51,10,0,0,8.5,1,1,Platinum Champions
3871,61,Female,Footwear,46,Ohio,Fall,3.2,0,Next Day Air,0,0,19,Cash,5,0,4370,3.67,6.67,0,0,6.78,0,0,At-Risk High-Value
3872,55,Female,Clothing,97,Minnesota,Fall,4.1,0,2-Day Shipping,0,0,20,Bank Transfer,5,0,9700,3.88,6.67,0,0,6.85,0,1,At-Risk High-Value
3873,41,Female,Outerwear,94,New Hampshire,Spring,4.3,0,Standard,0,0,3,Cash,4,0,1128,0.41,5,0,0,5.14,0,1,Low-Engagement Casuals
3874,42,Female,Footwear,43,Louisiana,Summer,4,0,Standard,0,0,22,Credit Card,2,0,1892,4.29,1.67,0,0,5.32,0,1,Low-Engagement Casuals
3875,70,Female,Clothing,54,Nevada,Summer,3.9,0,2-Day Shipping,0,0,33,Credit Card,1,0,1782,6.53,0,0,0,5.51,0,1,Low-Engagement Casuals
3876,63,Female,Accessories,51,New Hampshire,Winter,3.3,0,2-Day Shipping,0,0,21,Credit Card,7,0,7497,4.08,10,0,0,8.03,1,0,Platinum Champions
3877,60,Female,Footwear,85,Wisconsin,Fall,2.6,0,2-Day Shipping,0,0,7,Cash,7,0,4165,1.22,10,0,0,7.07,1,0,Emerging Devotees
3878,28,Female,Clothing,96,Nevada,Spring,4.2,0,Next Day Air,0,0,46,Debit Card,4,0,17664,9.18,5,0,0,8.06,1,1,Platinum Champions
3879,60,Female,Accessories,42,South Carolina,Summer,3.4,0,2-Day Shipping,0,0,24,Credit Card,7,0,7056,4.69,10,0,0,8.23,1,0,Platinum Champions
3880,26,Female,Clothing,63,Florida,Winter,4.1,0,Free Shipping,0,0,6,Debit Card,6,0,2268,1.02,8.33,0,0,6.45,0,1,Low-Engagement Casuals
3881,42,Female,Clothing,20,Massachusetts,Winter,3.9,0,Free Shipping,0,0,40,PayPal,4,0,3200,7.96,5,0,0,7.65,1,1,Emerging Devotees
3882,56,Female,Accessories,25,Georgia,Spring,2.8,0,2-Day Shipping,0,0,17,Debit Card,2,0,850,3.27,1.67,0,0,4.98,0,0,Low-Engagement Casuals
3883,35,Female,Clothing,95,North Dakota,Fall,2.6,0,Free Shipping,0,0,24,Cash,3,0,6840,4.69,3.33,0,0,6.01,0,0,At-Risk High-Value
3884,34,Female,Accessories,38,North Dakota,Fall,4,0,Next Day Air,0,0,22,Cash,3,0,2508,4.29,3.33,0,0,5.87,0,1,Low-Engagement Casuals
3885,47,Female,Footwear,29,Maryland,Fall,4.9,0,Express,0,0,3,PayPal,2,0,174,0.41,1.67,0,0,4.03,0,1,Low-Engagement Casuals
3886,49,Female,Clothing,64,New Mexico,Winter,3.2,0,Free Shipping,0,0,39,Cash,6,0,14976,7.76,8.33,0,0,8.7,1,0,Platinum Champions
3887,37,Female,Accessories,92,Iowa,Summer,3.9,0,Express,0,0,40,Debit Card,6,0,22080,7.96,8.33,0,0,8.76,1,1,Platinum Champions
3888,40,Female,Clothing,34,Kansas,Spring,2.7,0,Express,0,0,1,Credit Card,6,0,204,0,8.33,0,0,6.11,0,0,Low-Engagement Casuals
3889,45,Female,Footwear,69,Virginia,Spring,3.4,0,Standard,0,0,14,Venmo,1,0,966,2.65,0,0,0,4.22,0,0,Low-Engagement Casuals
3890,57,Female,Clothing,65,Alaska,Spring,3.5,0,Express,0,0,49,Bank Transfer,7,0,22295,9.8,10,0,0,9.93,1,0,Platinum Champions
3891,35,Female,Clothing,81,Nebraska,Winter,2.6,0,Standard,0,0,33,Debit Card,7,0,18711,6.53,10,0,0,8.84,1,0,Platinum Champions
3892,36,Female,Clothing,30,Colorado,Winter,4.7,0,Free Shipping,0,0,6,Bank Transfer,6,0,1080,1.02,8.33,0,0,6.45,0,1,Low-Engagement Casuals
3893,35,Female,Accessories,86,Michigan,Summer,3.5,0,Standard,0,0,5,PayPal,3,0,1290,0.82,3.33,0,0,4.72,0,0,Low-Engagement Casuals
3894,21,Female,Accessories,64,Massachusetts,Fall,3.3,0,Store Pickup,0,0,29,Bank Transfer,1,0,1856,5.71,0,0,0,5.24,0,0,Low-Engagement Casuals
3895,66,Female,Clothing,78,Connecticut,Spring,3.9,0,2-Day Shipping,0,0,44,Credit Card,5,0,17160,8.78,6.67,0,0,8.48,1,1,Platinum Champions
3896,40,Female,Clothing,28,Virginia,Summer,4.2,0,2-Day Shipping,0,0,32,Venmo,2,0,1792,6.33,1.67,0,0,6,0,1,Low-Engagement Casuals
3897,52,Female,Accessories,49,Iowa,Spring,4.5,0,Store Pickup,0,0,41,Bank Transfer,1,0,2009,8.16,0,0,0,6.05,0,1,Low-Engagement Casuals
3898,46,Female,Accessories,33,New Jersey,Spring,2.9,0,Standard,0,0,24,Venmo,6,0,4752,4.69,8.33,0,0,7.67,1,0,Platinum Champions
3899,44,Female,Footwear,77,Minnesota,Summer,3.8,0,Express,0,0,24,Venmo,2,0,3696,4.69,1.67,0,0,5.45,0,1,Low-Engagement Casuals
3900,52,Female,Accessories,81,California,Spring,3.1,0,Store Pickup,0,0,33,Venmo,6,0,16038,6.53,8.33,0,0,8.29,1,0,Platinum Champions
